Loan_ID,Gender,Married,Dependents,Education,Self_Employed,ApplicantIncome,CoapplicantIncome,LoanAmount,Loan_Amount_Term,Credit_History,Property_Area,Loan_Status
M000000,,,3+,Graduate,Yes,4335.7843137254895,0.0,206.3235294117647,192.0,0.0,,N
M000001,,,,,,2911.3636363636365,0.0,12.269318181818184,,1.0,,Y
M000002,Female,Yes,0,Not Graduate,No,2149.0,3237.0,178.0,360.0,0.0,Semiurban,N
M000003,,,2,Not Graduate,Yes,7101.71568627451,0.0,331.9117647058823,96.0,1.0,,Y
M000004,,,3+,Not Graduate,No,5158.088235294117,0.0,233.23529411764704,168.0,1.0,,Y
M000005,,,0,Not Graduate,Yes,1644.607843137255,0.0,71.76470588235294,168.0,0.0,,N
M000006,,,3+,Not Graduate,Yes,5307.598039215686,0.0,195.55882352941177,216.0,1.0,,Y
M000007,,,,,,4360.113636363637,0.0,9.15,,1.0,,N
M000008,,,3+,Not Graduate,No,7101.71568627451,0.0,183.0,168.0,0.0,,N
M000009,,,,,,1225.268181818182,0.0,2.0795454545454546,,0.0,,Y
M000010,Male,Yes,2,Not Graduate,No,2309.0,1255.0,125.0,360.0,0.0,Rural,N
M000011,Male,No,2,Graduate,No,3547.0,0.0,80.0,360.0,0.0,Rural,N
M000012,,,,,,7569.545454545455,0.0,6.654545454545455,,1.0,,Y
M000013,,,3+,Not Graduate,Yes,7325.980392156862,0.0,249.38235294117646,72.0,1.0,,Y
M000014,,,,,,1330.909090909091,0.0,3.3272727272727276,,1.0,,N
M000015,,,0,Not Graduate,Yes,1420.343137254902,0.0,57.41176470588235,240.0,1.0,,Y
M000016,Male,Yes,0,Not Graduate,No,4300.0,2014.0,194.0,360.0,1.0,Rural,Y
M000017,,,1,Graduate,No,7026.9607843137255,0.0,239.51470588235293,120.0,0.0,,N
M000018,,,,,,3327.2727272727275,0.0,6.238636363636364,,1.0,,Y
M000019,,,,,,998.1818181818182,0.0,3.3688636363636366,,1.0,,N
M000020,Male,Yes,2,Graduate,No,3100.0,1400.0,113.0,360.0,1.0,Urban,Y
M000021,,,,,,3480.1193181818185,0.0,4.408636363636364,,1.0,,Y
M000022,Male,No,0,Graduate,No,5815.0,3666.0,311.0,360.0,1.0,Rural,N
M000023,,,,,,2994.545454545455,0.0,4.159090909090909,,1.0,,Y
M000024,Male,Yes,0,Graduate,No,9083.0,0.0,228.0,360.0,1.0,Semiurban,Y
M000025,,,,,,2495.4545454545455,0.0,6.488181818181818,,1.0,,Y
M000026,Male,No,0,Not Graduate,No,2000.0,0.0,,360.0,1.0,Urban,N
M000027,Male,No,2,Graduate,No,3588.0,0.0,110.0,360.0,0.0,Rural,N
M000028,,,3+,Not Graduate,Yes,1270.8333333333333,0.0,53.8235294117647,216.0,0.0,,N
M000029,,,3+,Graduate,Yes,2018.3823529411764,0.0,93.29411764705883,192.0,1.0,,Y
M000030,Male,Yes,0,Graduate,No,3775.0,0.0,110.0,360.0,1.0,Semiurban,Y
M000031,,,3+,Not Graduate,No,5531.862745098038,0.0,161.47058823529412,24.0,1.0,,Y
M000032,,,3+,Graduate,Yes,2541.6666666666665,0.0,114.8235294117647,120.0,1.0,,Y
M000033,,,,,,4921.59090909091,0.0,9.981818181818182,,1.0,,Y
M000034,,,,,,4505.681818181819,0.0,4.491818181818182,,1.0,,Y
M000035,,,,,,4159.09090909091,0.0,6.654545454545455,,1.0,,Y
M000036,Male,Yes,0,Graduate,No,3208.0,3066.0,172.0,360.0,1.0,Urban,Y
M000037,,,,,,2495.4545454545455,0.0,6.238636363636364,,1.0,,Y
M000038,,,,,,4124.431818181818,0.0,9.981818181818182,,1.0,,Y
M000039,Male,Yes,0,Graduate,No,1025.0,5500.0,216.0,360.0,,Rural,Y
M000040,,,0,Graduate,No,1420.343137254902,0.0,44.85294117647059,144.0,0.0,,N
M000041,,,3+,Not Graduate,Yes,5457.107843137255,0.0,209.01470588235293,72.0,0.0,,Y
M000042,,,,,,6238.636363636364,0.0,4.159090909090909,,0.0,,Y
M000043,,,,,,1830.0000000000002,0.0,4.990909090909091,,1.0,,Y
M000044,Female,No,0,Not Graduate,No,4350.0,0.0,154.0,360.0,1.0,Rural,Y
M000045,,,,,,5356.077272727273,0.0,6.238636363636364,,1.0,,Y
M000046,Female,No,0,Graduate,No,2400.0,1863.0,104.0,360.0,0.0,Urban,N
M000047,Male,Yes,1,Graduate,Yes,10513.0,3850.0,160.0,180.0,0.0,Urban,N
M000048,Male,Yes,0,Graduate,No,5726.0,4595.0,258.0,360.0,1.0,Semiurban,N
M000049,Female,Yes,0,Graduate,,2929.0,2333.0,139.0,360.0,1.0,Semiurban,Y
M000050,,,3+,Not Graduate,Yes,6129.901960784314,0.0,155.19117647058823,144.0,0.0,,Y
M000051,Male,Yes,0,Graduate,No,2132.0,1591.0,96.0,360.0,1.0,Semiurban,Y
M000052,,,2,Not Graduate,No,6727.941176470588,0.0,278.0882352941176,168.0,1.0,,Y
M000053,,,2,Graduate,Yes,2691.176470588235,0.0,103.16176470588235,96.0,0.0,,Y
M000054,Female,No,0,Graduate,No,3237.0,0.0,30.0,360.0,1.0,Urban,Y
M000055,,,1,Not Graduate,Yes,6877.450980392156,0.0,219.77941176470588,48.0,0.0,,N
M000056,,,1,Not Graduate,No,6578.43137254902,0.0,156.98529411764704,240.0,1.0,,Y
M000057,,,,,,6658.011363636365,0.0,12.643636363636364,,0.0,,N
M000058,Male,Yes,0,Graduate,No,3859.0,3300.0,142.0,180.0,1.0,Rural,Y
M000059,Female,No,0,Graduate,No,3762.0,1666.0,135.0,360.0,1.0,Rural,Y
M000060,,,,,,4159.09090909091,0.0,20.17159090909091,,0.0,,Y
M000061,Female,No,2,Graduate,,3750.0,2083.0,120.0,360.0,1.0,Semiurban,Y
M000062,Male,Yes,2,Graduate,,2583.0,2330.0,125.0,360.0,1.0,Rural,Y
M000063,,,3+,Not Graduate,No,2242.6470588235293,0.0,68.17647058823529,72.0,0.0,,N
M000064,,,,,,9565.909090909092,0.0,16.636363636363637,,1.0,,Y
M000065,Male,Yes,0,Graduate,No,3927.0,800.0,112.0,360.0,1.0,Semiurban,Y
M000066,,,3+,Not Graduate,Yes,4186.274509803921,0.0,183.8970588235294,96.0,1.0,,Y
M000067,,,3+,Not Graduate,Yes,3139.705882352941,0.0,142.63235294117646,168.0,0.0,,N
M000068,,,,,,2495.4545454545455,0.0,3.3272727272727276,,1.0,,Y
M000069,,,,,,6238.636363636364,0.0,8.318181818181818,,1.0,,Y
M000070,Male,No,0,Graduate,No,5124.0,0.0,124.0,,0.0,Rural,N
M000071,,,0,Graduate,Yes,3289.21568627451,0.0,150.70588235294116,168.0,1.0,,Y
M000072,,,3+,Not Graduate,Yes,3363.970588235294,0.0,117.51470588235294,144.0,0.0,,Y
M000073,,,,,,1455.6818181818182,0.0,4.159090909090909,,1.0,,N
M000074,Male,Yes,0,Graduate,No,1759.0,3541.0,131.0,360.0,1.0,Semiurban,Y
M000075,Male,Yes,1,Not Graduate,No,4554.0,1229.0,158.0,360.0,1.0,Urban,Y
M000076,Female,No,0,Graduate,No,4300.0,0.0,136.0,360.0,0.0,Semiurban,N
M000077,,,3+,Graduate,Yes,2765.931372549019,0.0,107.6470588235294,144.0,0.0,,Y
M000078,,,,,,5406.818181818182,0.0,11.874204545454546,,1.0,,Y
M000079,,,3+,Not Graduate,No,5756.127450980392,0.0,170.44117647058823,24.0,0.0,,N
M000080,,,,,,5573.181818181819,0.0,9.981818181818182,,1.0,,Y
M000081,Male,Yes,0,Graduate,,3716.0,0.0,42.0,180.0,1.0,Rural,Y
M000082,Male,Yes,2,Graduate,No,5000.0,3667.0,236.0,360.0,1.0,Semiurban,Y
M000083,,,,,,5490.000000000001,0.0,9.316363636363636,,0.0,,N
M000084,Female,Yes,0,Graduate,No,3166.0,0.0,36.0,360.0,1.0,Semiurban,Y
M000085,,,2,Not Graduate,Yes,4485.294117647059,0.0,178.51470588235293,96.0,0.0,,N
M000086,,,,,,3077.727272727273,0.0,4.159090909090909,,0.0,,N
M000087,,,,,,36600.00000000001,0.0,12.477272727272728,,1.0,,Y
M000088,,,,,,7139.772727272729,0.0,13.30909090909091,,1.0,,Y
M000089,,,3+,Not Graduate,No,1794.1176470588234,0.0,45.75,72.0,1.0,,Y
M000090,,,3+,Not Graduate,No,6428.92156862745,0.0,156.08823529411765,24.0,1.0,,Y
M000091,Male,No,0,Graduate,No,2500.0,0.0,96.0,480.0,1.0,Semiurban,N
M000092,,,,,,1347.5454545454547,0.0,6.238636363636364,,1.0,,N
M000093,,,,,,4609.936363636364,0.0,2.9113636363636366,,1.0,,Y
M000094,,,,,,2482.977272727273,0.0,2.724204545454546,,1.0,,Y
M000095,Male,Yes,1,Graduate,No,5468.0,1032.0,26.0,360.0,1.0,Semiurban,Y
M000096,,,0,Not Graduate,Yes,2392.1568627450984,0.0,66.38235294117646,216.0,1.0,,Y
M000097,Male,Yes,0,Graduate,No,2425.0,2340.0,143.0,360.0,1.0,Semiurban,Y
M000098,Male,No,0,Not Graduate,No,6045.0,0.0,115.0,360.0,0.0,Rural,N
M000099,,,,,,9704.545454545456,0.0,12.477272727272728,,1.0,,Y
M000100,,,,,,2661.818181818182,0.0,10.813636363636364,,1.0,,N
M000101,Male,Yes,0,Graduate,No,10833.0,0.0,234.0,360.0,1.0,Semiurban,Y
M000102,Female,No,2,Graduate,No,3427.0,0.0,138.0,360.0,1.0,Urban,N
M000103,Male,Yes,2,Graduate,Yes,6000.0,0.0,205.0,240.0,1.0,Semiurban,N
M000104,,,3+,Graduate,Yes,3513.4803921568628,0.0,112.13235294117646,96.0,1.0,,Y
M000105,,,,,,3188.636363636364,0.0,7.902272727272728,,1.0,,Y
M000106,,,,,,3396.3136363636368,0.0,8.318181818181818,,1.0,,N
M000107,Male,Yes,1,Graduate,No,3333.0,3250.0,158.0,360.0,1.0,Urban,Y
M000108,Female,No,0,Graduate,Yes,3463.0,0.0,122.0,360.0,,Urban,Y
M000109,Male,Yes,2,Graduate,No,5935.0,0.0,133.0,360.0,1.0,Semiurban,Y
M000110,,,,,,1746.818181818182,0.0,5.822727272727273,,1.0,,Y
M000111,,,,,,2994.545454545455,0.0,4.990909090909091,,1.0,,Y
M000112,,,3+,Not Graduate,Yes,5531.862745098038,0.0,145.3235294117647,24.0,1.0,,Y
M000113,,,,,,1940.9090909090912,0.0,2.162727272727273,,1.0,,Y
M000114,,,,,,4575.000000000001,0.0,6.987272727272728,,1.0,,Y
M000115,,,,,,3493.636363636364,0.0,6.966477272727273,,1.0,,Y
M000116,,,,,,5198.863636363637,0.0,16.636363636363637,,1.0,,Y
M000117,,,,,,2079.545454545455,0.0,4.408636363636364,,1.0,,Y
M000118,,,2,Not Graduate,Yes,3588.235294117647,0.0,148.01470588235293,120.0,0.0,,N
M000119,,,,,,2554.3750000000005,0.0,4.325454545454546,,1.0,,Y
M000120,,,3+,Not Graduate,Yes,5083.333333333333,0.0,179.41176470588235,144.0,1.0,,Y
M000121,Male,Yes,1,Graduate,Yes,7787.0,0.0,240.0,360.0,1.0,Urban,Y
M000122,,,,,,1563.818181818182,0.0,3.493636363636364,,0.0,,N
M000123,,,,,,4990.909090909091,0.0,4.159090909090909,,1.0,,Y
M000124,,,3+,Not Graduate,Yes,971.813725490196,0.0,27.808823529411764,192.0,1.0,,Y
M000125,,,3+,Not Graduate,No,1794.1176470588234,0.0,83.42647058823529,24.0,1.0,,Y
M000126,Male,No,0,Graduate,Yes,7167.0,0.0,128.0,360.0,1.0,Urban,Y
M000127,,,0,Not Graduate,Yes,7101.71568627451,0.0,313.0735294117647,48.0,0.0,,Y
M000128,,,3+,Graduate,Yes,6354.166666666667,0.0,166.85294117647058,120.0,0.0,,Y
M000129,,,,,,3327.2727272727275,0.0,4.990909090909091,,1.0,,N
M000130,Male,No,0,Graduate,No,4166.0,0.0,98.0,360.0,0.0,Semiurban,N
M000131,,,,,,1172.0318181818184,0.0,2.4954545454545456,,1.0,,N
M000132,,,3+,Graduate,No,6279.411764705882,0.0,278.9852941176471,216.0,0.0,,Y
M000133,,,,,,5545.454545454546,0.0,29.113636363636367,,1.0,,Y
M000134,Male,Yes,1,Not Graduate,No,1958.0,2436.0,131.0,360.0,1.0,Rural,Y
M000135,,,,,,2772.4500000000003,0.0,9.981818181818182,,1.0,,Y
M000136,,,0,Not Graduate,No,6952.2058823529405,0.0,180.30882352941177,120.0,1.0,,Y
M000137,Female,No,0,Graduate,No,5000.0,2541.0,151.0,480.0,1.0,Rural,N
M000138,Male,No,0,Not Graduate,No,2717.0,0.0,60.0,180.0,1.0,Urban,Y
M000139,,,,,,4990.909090909091,0.0,6.654545454545455,,1.0,,Y
M000140,,,,,,3327.2727272727275,0.0,11.97818181818182,,1.0,,Y
M000141,,,,,,7278.409090909092,0.0,16.636363636363637,,1.0,,Y
M000142,Male,Yes,1,Not Graduate,No,5285.0,1430.0,161.0,360.0,0.0,Semiurban,Y
M000143,,,,,,2356.818181818182,0.0,3.3272727272727276,,1.0,,Y
M000144,,,3+,Graduate,No,4859.06862745098,0.0,120.20588235294117,216.0,1.0,,Y
M000145,,,,,,1663.6363636363637,0.0,3.992727272727273,,1.0,,Y
M000146,Male,Yes,,Graduate,No,5667.0,2667.0,180.0,360.0,1.0,Rural,Y
M000147,,,,,,3594.1477272727275,0.0,2.994545454545455,,1.0,,N
M000148,,,,,,2564.7727272727275,0.0,3.3272727272727276,,1.0,,Y
M000149,Female,No,0,Graduate,Yes,4583.0,0.0,133.0,360.0,0.0,Semiurban,N
M000150,,,3+,Graduate,Yes,5158.088235294117,0.0,191.97058823529412,120.0,0.0,,Y
M000151,Male,No,0,Graduate,No,1836.0,33837.0,90.0,360.0,1.0,Urban,N
M000152,Male,Yes,3+,Graduate,No,4000.0,7750.0,290.0,360.0,1.0,Semiurban,N
M000153,,,,,,4325.454545454546,0.0,8.318181818181818,,0.0,,Y
M000154,Female,Yes,0,Graduate,Yes,5500.0,0.0,105.0,360.0,0.0,Rural,N
M000155,,,2,Graduate,No,1345.5882352941176,0.0,47.54411764705882,72.0,1.0,,Y
M000156,Male,Yes,0,Graduate,No,5829.0,0.0,138.0,360.0,1.0,Rural,Y
M000157,Male,Yes,1,Graduate,No,3315.0,0.0,96.0,360.0,1.0,Semiurban,Y
M000158,,,3+,Not Graduate,Yes,2167.8921568627447,0.0,99.5735294117647,48.0,1.0,,Y
M000159,Male,Yes,3+,Not Graduate,No,2071.0,754.0,94.0,480.0,1.0,Semiurban,Y
M000160,Male,Yes,0,Graduate,No,1820.0,1719.0,100.0,360.0,1.0,Urban,Y
M000161,,,3+,Not Graduate,Yes,5830.882352941177,0.0,155.19117647058823,192.0,0.0,,N
M000162,Female,No,0,Graduate,No,8333.0,0.0,280.0,360.0,1.0,Semiurban,Y
M000163,,,3+,Not Graduate,No,6727.941176470588,0.0,191.97058823529412,96.0,0.0,,N
M000164,Male,Yes,3+,Graduate,No,15000.0,0.0,300.0,360.0,1.0,Rural,Y
M000165,,,,,,4505.681818181819,0.0,3.3272727272727276,,1.0,,Y
M000166,,,3+,Not Graduate,Yes,7176.470588235294,0.0,273.60294117647055,216.0,1.0,,Y
M000167,,,1,Graduate,Yes,3214.460784313725,0.0,154.2941176470588,48.0,0.0,,Y
M000168,,,3+,Graduate,Yes,4784.313725490197,0.0,188.38235294117646,24.0,1.0,,Y
M000169,,,3+,Not Graduate,No,2840.686274509804,0.0,68.17647058823529,48.0,1.0,,Y
M000170,,,,,,4159.09090909091,0.0,4.990909090909091,,1.0,,Y
M000171,,,0,Graduate,No,2093.1372549019607,0.0,50.23529411764706,96.0,1.0,,Y
M000172,Male,Yes,3+,Graduate,No,3430.0,1250.0,128.0,360.0,0.0,Semiurban,N
M000173,Male,Yes,1,Graduate,No,6325.0,0.0,175.0,360.0,1.0,Semiurban,Y
M000174,,,3+,Graduate,No,5307.598039215686,0.0,169.5441176470588,144.0,0.0,,N
M000175,,,,,,7139.772727272729,0.0,2.9321590909090913,,1.0,,Y
M000176,Female,No,0,Graduate,No,5000.0,0.0,103.0,360.0,0.0,Semiurban,N
M000177,Female,No,1,Graduate,No,2600.0,0.0,160.0,360.0,1.0,Urban,N
M000178,,,3+,Graduate,No,7325.980392156862,0.0,188.38235294117646,144.0,0.0,,N
M000179,,,,,,3535.227272727273,0.0,1.6636363636363638,,1.0,,Y
M000180,,,0,Not Graduate,No,6877.450980392156,0.0,221.5735294117647,168.0,0.0,,N
M000181,,,,,,9219.318181818184,0.0,29.113636363636367,,0.0,,N
M000182,,,,,,3549.09090909091,0.0,10.876022727272728,,0.0,,N
M000183,,,3+,Graduate,Yes,7400.735294117647,0.0,232.33823529411765,48.0,1.0,,Y
M000184,,,0,Not Graduate,Yes,5905.637254901961,0.0,235.92647058823528,96.0,1.0,,Y
M000185,Male,Yes,2,Graduate,No,3717.0,0.0,120.0,360.0,1.0,Semiurban,Y
M000186,,,2,Not Graduate,No,4560.049019607843,0.0,210.80882352941177,168.0,0.0,,N
M000187,,,,,,4312.769318181819,0.0,4.990909090909091,,0.0,,Y
M000188,,,,,,8734.09090909091,0.0,6.238636363636364,,1.0,,Y
M000189,Female,No,0,Graduate,No,4000.0,2275.0,144.0,360.0,1.0,Semiurban,Y
M000190,,,,,,3119.318181818182,0.0,6.654545454545455,,0.0,,Y
M000191,,,,,,3673.863636363637,0.0,13.205113636363638,,1.0,,Y
M000192,,,,,,4367.045454545455,0.0,16.636363636363637,,1.0,,Y
M000193,,,2,Graduate,No,2840.686274509804,0.0,102.26470588235294,72.0,1.0,,Y
M000194,,,2,Graduate,No,3289.21568627451,0.0,112.13235294117646,216.0,0.0,,N
M000195,,,3+,Not Graduate,Yes,299.0196078431373,0.0,9.867647058823529,72.0,0.0,,Y
M000196,Female,No,0,Graduate,No,6000.0,0.0,156.0,360.0,1.0,Urban,Y
M000197,Male,No,0,Graduate,Yes,16250.0,0.0,192.0,360.0,0.0,Urban,N
M000198,,,1,Graduate,Yes,2840.686274509804,0.0,94.19117647058823,144.0,1.0,,Y
M000199,Male,Yes,0,Graduate,,6256.0,0.0,160.0,360.0,,Urban,Y
M000200,Male,Yes,1,Not Graduate,No,6608.0,0.0,137.0,180.0,1.0,Urban,Y
M000201,Female,No,0,Graduate,No,10000.0,0.0,214.0,360.0,1.0,Semiurban,N
M000202,,,0,Not Graduate,Yes,5307.598039215686,0.0,166.85294117647058,240.0,1.0,,Y
M000203,,,2,Graduate,Yes,598.0392156862746,0.0,20.63235294117647,144.0,0.0,,N
M000204,,Yes,2,Not Graduate,No,3365.0,1917.0,112.0,360.0,0.0,Rural,N
M000205,Female,Yes,0,Graduate,No,2423.0,505.0,130.0,360.0,1.0,Semiurban,Y
M000206,Male,Yes,1,Graduate,No,4945.0,0.0,,360.0,0.0,Rural,N
M000207,,,,,,5268.181818181818,0.0,9.815454545454546,,0.0,,Y
M000208,,Yes,0,Graduate,Yes,674.0,5296.0,168.0,360.0,1.0,Rural,Y
M000209,,,2,Not Graduate,Yes,5008.578431372549,0.0,136.35294117647058,120.0,1.0,,Y
M000210,,,,,,3604.5454545454545,0.0,6.488181818181818,,1.0,,Y
M000211,,,3+,Not Graduate,No,598.0392156862746,0.0,26.91176470588235,168.0,0.0,,Y
M000212,Male,No,0,Graduate,No,8750.0,4167.0,308.0,360.0,1.0,Rural,N
M000213,,,,,,3493.636363636364,0.0,12.477272727272728,,1.0,,Y
M000214,,,,,,2495.4545454545455,0.0,8.318181818181818,,1.0,,Y
M000215,Male,Yes,2,Graduate,No,16666.0,0.0,275.0,360.0,1.0,Urban,Y
M000216,Male,No,0,Graduate,No,8333.0,3750.0,187.0,360.0,1.0,Rural,Y
M000217,Male,Yes,0,Graduate,No,3015.0,2188.0,153.0,360.0,1.0,Rural,Y
M000218,,,0,Not Graduate,Yes,6653.186274509803,0.0,248.48529411764704,72.0,0.0,,N
M000219,,,2,Graduate,No,4933.823529411765,0.0,231.44117647058823,216.0,0.0,,Y
M000220,,,3+,Graduate,Yes,1420.343137254902,0.0,63.69117647058823,72.0,0.0,,Y
M000221,,,,,,4990.909090909091,0.0,4.990909090909091,,1.0,,Y
M000222,Male,Yes,2,Not Graduate,No,4288.0,3263.0,133.0,180.0,1.0,Urban,Y
M000223,,,,,,6672.568181818183,0.0,20.961818181818185,,1.0,,Y
M000224,,,,,,3396.5909090909095,0.0,20.17159090909091,,0.0,,N
M000225,,,,,,5129.545454545455,0.0,10.480909090909092,,1.0,,Y
M000226,Male,Yes,0,Graduate,No,2221.0,0.0,60.0,360.0,0.0,Urban,N
M000227,,,,,,3604.5454545454545,0.0,5.822727272727273,,1.0,,Y
M000228,,,,,,6931.818181818183,0.0,9.981818181818182,,1.0,,Y
M000229,,,,,,10259.09090909091,0.0,20.795454545454547,,0.0,,N
M000230,,,,,,2356.818181818182,0.0,7.070454545454546,,1.0,,N
M000231,,,0,Graduate,No,3662.990196078431,0.0,165.95588235294116,96.0,1.0,,Y
M000232,,,2,Graduate,No,3662.990196078431,0.0,157.88235294117646,72.0,1.0,,Y
M000233,,,1,Not Graduate,No,6354.166666666667,0.0,295.13235294117646,120.0,0.0,,Y
M000234,,,3+,Graduate,Yes,2093.1372549019607,0.0,97.77941176470588,72.0,0.0,,N
M000235,,,,,,1996.3636363636365,0.0,4.990909090909091,,0.0,,Y
M000236,,,3+,Not Graduate,No,3662.990196078431,0.0,96.88235294117646,216.0,0.0,,Y
M000237,,,,,,4505.681818181819,0.0,9.981818181818182,,1.0,,Y
M000238,Male,Yes,2,Not Graduate,Yes,6383.0,1000.0,187.0,360.0,1.0,Rural,N
M000239,,,3+,Graduate,Yes,2392.1568627450984,0.0,68.17647058823529,48.0,0.0,,N
M000240,Male,Yes,1,Graduate,No,14583.0,0.0,185.0,180.0,1.0,Rural,Y
M000241,,,2,Graduate,No,4634.803921568628,0.0,209.91176470588235,96.0,0.0,,Y
M000242,,,0,Graduate,No,3064.950980392157,0.0,129.17647058823528,48.0,1.0,,Y
M000243,,,,,,5892.045454545455,0.0,16.636363636363637,,1.0,,N
M000244,,,2,Graduate,No,1270.8333333333333,0.0,51.13235294117647,120.0,0.0,,Y
M000245,,,3+,Graduate,Yes,1569.8529411764705,0.0,66.38235294117646,168.0,1.0,,Y
M000246,,,3+,Graduate,Yes,1794.1176470588234,0.0,73.55882352941177,120.0,1.0,,Y
M000247,,,,,,4159.09090909091,0.0,5.926704545454546,,1.0,,Y
M000248,Male,Yes,2,Graduate,No,5780.0,0.0,192.0,360.0,1.0,Urban,Y
M000249,,,,,,3465.9090909090914,0.0,3.618409090909091,,1.0,,Y
M000250,,,3+,Graduate,Yes,6428.92156862745,0.0,271.80882352941177,168.0,0.0,,N
M000251,Female,Yes,1,Graduate,No,3326.0,913.0,105.0,84.0,1.0,Semiurban,Y
M000252,,,,,,3327.2727272727275,0.0,2.8281818181818186,,1.0,,Y
M000253,,,1,Not Graduate,No,822.3039215686275,0.0,23.323529411764707,72.0,1.0,,Y
M000254,Male,Yes,0,Graduate,No,5708.0,5625.0,187.0,360.0,1.0,Semiurban,Y
M000255,Male,Yes,3+,Graduate,No,2666.0,2083.0,95.0,360.0,1.0,Rural,Y
M000256,,,1,Graduate,Yes,4634.803921568628,0.0,151.60294117647058,24.0,0.0,,N
M000257,,,3+,Graduate,Yes,5457.107843137255,0.0,188.38235294117646,168.0,1.0,,Y
M000258,Male,Yes,3+,Graduate,No,3167.0,4000.0,180.0,300.0,0.0,Semiurban,N
M000259,,,,,,5129.545454545455,0.0,2.994545454545455,,0.0,,N
M000260,Male,No,1,Graduate,Yes,4692.0,0.0,106.0,360.0,1.0,Rural,N
M000261,,,1,Not Graduate,Yes,5830.882352941177,0.0,199.1470588235294,120.0,1.0,,Y
M000262,Male,No,0,Graduate,,3182.0,2917.0,161.0,360.0,1.0,Urban,Y
M000263,Female,No,0,Graduate,,2764.0,1459.0,110.0,360.0,1.0,Urban,Y
M000264,,,3+,Not Graduate,Yes,373.77450980392155,0.0,13.455882352941176,72.0,0.0,,N
M000265,Male,Yes,2,Graduate,No,4167.0,1447.0,158.0,360.0,1.0,Rural,Y
M000266,Male,Yes,1,Not Graduate,No,3500.0,1083.0,135.0,360.0,1.0,Urban,Y
M000267,,,,,,2425.5818181818186,0.0,4.159090909090909,,1.0,,Y
M000268,Male,Yes,1,Graduate,No,2750.0,1842.0,115.0,360.0,1.0,Semiurban,Y
M000269,,,,,,3160.9090909090914,0.0,1.2061363636363638,,1.0,,Y
M000270,,,3+,Not Graduate,No,5681.372549019608,0.0,235.92647058823528,216.0,0.0,,Y
M000271,,,,,,4658.181818181819,0.0,6.654545454545455,,1.0,,Y
M000272,Male,No,0,Graduate,Yes,10416.0,0.0,187.0,360.0,0.0,Urban,N
M000273,Female,Yes,1,Graduate,No,4666.0,0.0,135.0,360.0,1.0,Urban,Y
M000274,Male,No,0,Graduate,No,9508.0,0.0,187.0,360.0,1.0,Rural,Y
M000275,,,,,,2911.3636363636365,0.0,9.981818181818182,,1.0,,Y
M000276,Male,Yes,2,Graduate,,5000.0,0.0,72.0,360.0,0.0,Semiurban,N
M000277,,,,,,6238.636363636364,0.0,24.954545454545457,,0.0,,N
M000278,,,,,,1913.1125,0.0,2.4954545454545456,,1.0,,Y
M000279,,,2,Graduate,No,299.0196078431373,0.0,11.661764705882353,192.0,0.0,,N
M000280,,,3+,Not Graduate,Yes,4784.313725490197,0.0,210.80882352941177,24.0,0.0,,Y
M000281,,,1,Graduate,No,448.52941176470586,0.0,10.76470588235294,168.0,0.0,,N
M000282,Male,Yes,2,Not Graduate,No,3357.0,2859.0,144.0,360.0,1.0,Urban,Y
M000283,,,,,,3119.318181818182,0.0,5.198863636363637,,1.0,,Y
M000284,,,3+,Graduate,Yes,747.5490196078431,0.0,22.426470588235293,168.0,1.0,,Y
M000285,Male,Yes,3+,Not Graduate,No,4755.0,0.0,95.0,,0.0,Semiurban,N
M000286,Male,Yes,1,Graduate,No,3089.0,1280.0,121.0,360.0,0.0,Semiurban,N
M000287,,,2,Graduate,No,3812.5,0.0,148.01470588235293,144.0,1.0,,Y
M000288,Female,No,0,Not Graduate,No,3400.0,0.0,95.0,360.0,1.0,Rural,N
M000289,,,3+,Graduate,No,2317.401960784314,0.0,94.19117647058823,72.0,0.0,,Y
M000290,,,,,,2980.6818181818185,0.0,6.488181818181818,,1.0,,Y
M000291,,,1,Graduate,Yes,4335.7843137254895,0.0,149.80882352941177,144.0,1.0,,Y
M000292,,,,,,1330.909090909091,0.0,2.4954545454545456,,1.0,,N
M000293,Female,No,0,Graduate,No,3410.0,0.0,88.0,,1.0,Urban,Y
M000294,,,,,,2204.318181818182,0.0,9.981818181818182,,1.0,,N
M000295,,,,,,2980.6818181818185,0.0,8.318181818181818,,1.0,,N
M000296,,,3+,Not Graduate,Yes,2765.931372549019,0.0,66.38235294117646,144.0,0.0,,N
M000297,Male,Yes,1,Not Graduate,No,2239.0,2524.0,128.0,360.0,1.0,Urban,Y
M000298,Male,No,0,Graduate,No,3750.0,4750.0,176.0,360.0,1.0,Urban,N
M000299,,,,,,5005.05,0.0,14.972727272727274,,1.0,,Y
M000300,,,,,,1228.3875,0.0,3.3064772727272733,,0.0,,N
M000301,,,,,,8664.772727272728,0.0,9.981818181818182,,1.0,,Y
M000302,,,3+,Graduate,Yes,2541.6666666666665,0.0,110.33823529411764,120.0,0.0,,Y
M000303,,,3+,Not Graduate,No,7101.71568627451,0.0,199.1470588235294,240.0,0.0,,N
M000304,,,,,,6654.545454545455,0.0,8.318181818181818,,1.0,,Y
M000305,,,3+,Not Graduate,Yes,4111.519607843137,0.0,173.13235294117646,120.0,0.0,,N
M000306,Male,Yes,1,Graduate,,4166.0,3369.0,201.0,360.0,,Urban,N
M000307,,,2,Not Graduate,No,5307.598039215686,0.0,238.6176470588235,72.0,1.0,,Y
M000308,,,1,Graduate,Yes,7176.470588235294,0.0,322.04411764705884,96.0,0.0,,N
M000309,,,,,,3465.9090909090914,0.0,2.4122727272727276,,1.0,,Y
M000310,,,,,,2218.1818181818185,0.0,7.070454545454546,,1.0,,Y
M000311,,,2,Graduate,Yes,3139.705882352941,0.0,140.83823529411765,24.0,0.0,,Y
M000312,,,,,,2426.136363636364,0.0,1.4972727272727275,,1.0,,Y
M000313,,,,,,2495.4545454545455,0.0,3.3272727272727276,,1.0,,N
M000314,,,,,,3535.227272727273,0.0,5.98909090909091,,1.0,,Y
M000315,,,,,,1940.9090909090912,0.0,8.318181818181818,,1.0,,Y
M000316,,,,,,8318.18181818182,0.0,2.4954545454545456,,1.0,,Y
M000317,Male,Yes,0,Not Graduate,Yes,4695.0,0.0,96.0,,1.0,Urban,Y
M000318,,,,,,9843.18181818182,0.0,8.318181818181818,,1.0,,Y
M000319,Male,No,0,Graduate,No,2237.0,0.0,63.0,480.0,0.0,Semiurban,N
M000320,Male,Yes,1,Graduate,No,1625.0,1803.0,96.0,360.0,1.0,Urban,Y
M000321,,,1,Graduate,No,2093.1372549019607,0.0,61.89705882352941,168.0,0.0,,Y
M000322,,,,,,1996.3636363636365,0.0,12.477272727272728,,0.0,,N
M000323,,,,,,3812.2227272727278,0.0,4.159090909090909,,1.0,,Y
M000324,,,3+,Not Graduate,No,6802.696078431372,0.0,176.72058823529412,240.0,0.0,,N
M000325,,,1,Graduate,Yes,1345.5882352941176,0.0,35.88235294117647,192.0,1.0,,Y
M000326,,,3+,Graduate,Yes,2392.1568627450984,0.0,103.16176470588235,240.0,1.0,,Y
M000327,,,2,Graduate,Yes,4933.823529411765,0.0,134.55882352941177,216.0,0.0,,N
M000328,,,,,,4990.909090909091,0.0,13.30909090909091,,1.0,,Y
M000329,,,2,Graduate,No,3887.254901960784,0.0,138.14705882352942,96.0,1.0,,Y
M000330,Male,Yes,0,Graduate,No,2483.0,2466.0,90.0,180.0,0.0,Rural,Y
M000331,,,,,,8884.164772727274,0.0,11.645454545454546,,1.0,,Y
M000332,,,,,,1802.2727272727273,0.0,0.9981818181818183,,1.0,,Y
M000333,,,,,,4159.09090909091,0.0,1.6636363636363638,,0.0,,Y
M000334,Male,Yes,0,Graduate,Yes,39147.0,4750.0,120.0,360.0,1.0,Semiurban,Y
M000335,,,,,,4159.09090909091,0.0,2.0795454545454546,,1.0,,Y
M000336,Male,No,0,Not Graduate,,2550.0,2042.0,126.0,360.0,1.0,Rural,Y
M000337,,,,,,5337.500000000001,0.0,10.813636363636364,,1.0,,Y
M000338,,,,,,1730.1818181818182,0.0,3.7639772727272733,,1.0,,Y
M000339,Male,Yes,2,Graduate,No,2301.0,985.7999877999996,78.0,180.0,1.0,Urban,Y
M000340,,,3+,Not Graduate,Yes,6877.450980392156,0.0,237.72058823529412,72.0,1.0,,Y
M000341,,,3+,Graduate,No,6129.901960784314,0.0,252.0735294117647,144.0,1.0,,Y
M000342,,,,,,6515.909090909091,0.0,20.795454545454547,,0.0,,N
M000343,,,,,,1732.9545454545457,0.0,5.822727272727273,,1.0,,Y
M000344,,,,,,5490.000000000001,0.0,8.318181818181818,,1.0,,Y
M000345,,,,,,2564.7727272727275,0.0,5.98909090909091,,0.0,,Y
M000346,,,0,Graduate,No,6877.450980392156,0.0,227.85294117647058,24.0,1.0,,Y
M000347,Male,Yes,0,Graduate,No,3497.0,1964.0,116.0,360.0,1.0,Rural,Y
M000348,Male,Yes,1,Graduate,Yes,16667.0,2250.0,86.0,360.0,1.0,Semiurban,Y
M000349,,,,,,6931.818181818183,0.0,4.159090909090909,,1.0,,Y
M000350,,,,,,10397.727272727274,0.0,20.795454545454547,,1.0,,Y
M000351,Male,Yes,2,Graduate,No,2957.0,0.0,81.0,360.0,1.0,Semiurban,Y
M000352,,,3+,Graduate,Yes,7325.980392156862,0.0,242.20588235294116,24.0,0.0,,N
M000353,Male,Yes,2,Not Graduate,No,1993.0,1625.0,113.0,180.0,1.0,Semiurban,Y
M000354,,,,,,3327.2727272727275,0.0,20.795454545454547,,0.0,,N
M000355,,,,,,4852.272727272728,0.0,4.990909090909091,,1.0,,Y
M000356,,,2,Graduate,No,2990.1960784313724,0.0,82.52941176470588,192.0,1.0,,Y
M000357,Male,Yes,1,Graduate,No,3417.0,1750.0,186.0,360.0,1.0,Urban,Y
M000358,Male,No,0,Graduate,No,2935.0,0.0,98.0,360.0,1.0,Semiurban,Y
M000359,,,,,,4436.363636363637,0.0,8.318181818181818,,0.0,,Y
M000360,Male,No,0,Graduate,No,4191.0,0.0,120.0,360.0,1.0,Rural,Y
M000361,,,3+,Not Graduate,No,4784.313725490197,0.0,176.72058823529412,240.0,0.0,,N
M000362,,,1,Not Graduate,Yes,523.2843137254902,0.0,12.558823529411764,120.0,0.0,,N
M000363,,,,,,5545.454545454546,0.0,4.159090909090909,,0.0,,N
M000364,Male,Yes,2,Not Graduate,No,3601.0,1590.0,,360.0,1.0,Rural,Y
M000365,,,3+,Not Graduate,No,6204.656862745098,0.0,230.5441176470588,144.0,0.0,,N
M000366,Male,Yes,2,Graduate,No,4708.0,1387.0,150.0,360.0,1.0,Semiurban,Y
M000367,,No,0,Graduate,No,3583.0,0.0,96.0,360.0,1.0,Urban,N
M000368,,,,,,4990.909090909091,0.0,11.645454545454546,,1.0,,Y
M000369,Male,Yes,1,Graduate,No,10750.0,0.0,312.0,360.0,1.0,Urban,Y
M000370,,,3+,Not Graduate,Yes,2616.421568627451,0.0,92.3970588235294,120.0,0.0,,N
M000371,Female,No,0,Not Graduate,Yes,18165.0,0.0,125.0,360.0,1.0,Urban,Y
M000372,,,,,,2495.4545454545455,0.0,12.477272727272728,,1.0,,Y
M000373,,,,,,4713.636363636364,0.0,5.406818181818182,,0.0,,Y
M000374,Male,Yes,1,Not Graduate,No,2653.0,1500.0,113.0,180.0,0.0,Rural,N
M000375,,,,,,5129.545454545455,0.0,9.565909090909091,,1.0,,Y
M000376,,,3+,Graduate,No,3737.745098039216,0.0,145.3235294117647,96.0,0.0,,Y
M000377,,,,,,2634.090909090909,0.0,4.159090909090909,,1.0,,Y
M000378,,,3+,Not Graduate,Yes,6279.411764705882,0.0,197.35294117647058,24.0,1.0,,Y
M000379,,,1,Graduate,Yes,1943.627450980392,0.0,49.338235294117645,168.0,1.0,,Y
M000380,,,,,,2911.3636363636365,0.0,8.318181818181818,,1.0,,Y
M000381,,,3+,Graduate,Yes,5083.333333333333,0.0,198.25,48.0,0.0,,Y
M000382,,,1,Graduate,No,2317.401960784314,0.0,95.08823529411764,168.0,1.0,,Y
M000383,,,3+,Graduate,No,1495.0980392156862,0.0,54.720588235294116,24.0,0.0,,Y
M000384,,,1,Graduate,No,5232.843137254902,0.0,188.38235294117646,240.0,0.0,,Y
M000385,,,3+,Not Graduate,Yes,4335.7843137254895,0.0,126.48529411764706,144.0,1.0,,Y
M000386,,,,,,1663.6363636363637,0.0,7.985454545454546,,1.0,,N
M000387,,,,,,3119.318181818182,0.0,6.238636363636364,,1.0,,Y
M000388,,,,,,17537.5,0.0,20.795454545454547,,1.0,,N
M000389,Male,Yes,0,Not Graduate,No,2917.0,536.0,66.0,360.0,1.0,Rural,N
M000390,,,,,,1871.5909090909092,0.0,4.575,,1.0,,Y
M000391,,,,,,2148.8636363636365,0.0,9.981818181818182,,1.0,,N
M000392,,,,,,2079.545454545455,0.0,8.73409090909091,,1.0,,N
M000393,,,,,,6422.4681818181825,0.0,8.318181818181818,,0.0,,Y
M000394,,,2,Not Graduate,No,4111.519607843137,0.0,175.8235294117647,192.0,0.0,,N
M000395,Male,No,0,Graduate,No,2060.0,2209.0,134.0,360.0,1.0,Semiurban,Y
M000396,,,,,,2495.4545454545455,0.0,6.654545454545455,,1.0,,Y
M000397,,,,,,3050.0,0.0,9.981818181818182,,0.0,,N
M000398,Male,Yes,2,Graduate,No,5819.0,5000.0,120.0,360.0,1.0,Rural,Y
M000399,,,3+,Graduate,No,4335.7843137254895,0.0,107.6470588235294,144.0,1.0,,Y
M000400,,,,,,2772.727272727273,0.0,3.244090909090909,,0.0,,Y
M000401,,,,,,3389.7977272727276,0.0,4.990909090909091,,0.0,,N
M000402,,,,,,6446.59090909091,0.0,2.4954545454545456,,1.0,,Y
M000403,,,3+,Graduate,Yes,822.3039215686275,0.0,28.705882352941174,240.0,0.0,,Y
M000404,Male,No,0,Not Graduate,No,6216.0,0.0,133.0,360.0,1.0,Rural,N
M000405,,,,,,2772.727272727273,0.0,5.323636363636364,,1.0,,Y
M000406,,,3+,Graduate,No,5158.088235294117,0.0,237.72058823529412,192.0,0.0,,N
M000407,Male,Yes,1,Graduate,No,2787.0,1917.0,146.0,360.0,0.0,Rural,N
M000408,,,3+,Graduate,No,4111.519607843137,0.0,177.61764705882354,168.0,1.0,,Y
M000409,Male,Yes,0,Graduate,No,3597.0,2157.0,119.0,360.0,0.0,Rural,N
M000410,,Yes,0,Graduate,No,3087.0,2210.0,136.0,360.0,0.0,Semiurban,N
M000411,Male,Yes,2,Not Graduate,Yes,1875.0,1875.0,97.0,360.0,1.0,Semiurban,Y
M000412,,,3+,Not Graduate,No,598.0392156862746,0.0,25.11764705882353,144.0,0.0,,N
M000413,Male,Yes,3+,Not Graduate,No,4931.0,0.0,128.0,360.0,,Semiurban,N
M000414,Female,No,0,Graduate,No,3086.0,0.0,120.0,360.0,1.0,Semiurban,Y
M000415,Female,Yes,0,Graduate,No,3416.0,2816.0,113.0,360.0,,Semiurban,Y
M000416,,,1,Not Graduate,No,2167.8921568627447,0.0,66.38235294117646,120.0,1.0,,Y
M000417,,,,,,3985.7954545454554,0.0,4.990909090909091,,1.0,,N
M000418,Male,No,,Graduate,No,2833.0,0.0,71.0,360.0,1.0,Urban,Y
M000419,,,,,,4367.045454545455,0.0,16.636363636363637,,0.0,,Y
M000420,,,,,,3743.1818181818185,0.0,4.575,,1.0,,Y
M000421,Male,No,0,Graduate,,12876.0,0.0,405.0,360.0,1.0,Semiurban,Y
M000422,,,2,Graduate,No,448.52941176470586,0.0,11.661764705882353,144.0,0.0,,N
M000423,,,,,,4852.272727272728,0.0,12.976363636363637,,1.0,,Y
M000424,,,3+,Not Graduate,No,3363.970588235294,0.0,87.91176470588235,192.0,1.0,,Y
M000425,,,2,Graduate,No,1644.607843137255,0.0,62.79411764705882,72.0,1.0,,Y
M000426,,,,,,4020.4545454545455,0.0,14.140909090909092,,1.0,,Y
M000427,Female,No,1,Not Graduate,No,4606.0,0.0,81.0,360.0,1.0,Rural,N
M000428,Female,Yes,1,Graduate,Yes,19484.0,0.0,600.0,360.0,1.0,Semiurban,Y
M000429,,,3+,Graduate,Yes,4335.7843137254895,0.0,116.61764705882352,96.0,1.0,,Y
M000430,,,,,,3327.2727272727275,0.0,4.990909090909091,,1.0,,Y
M000431,,,3+,Graduate,No,3513.4803921568628,0.0,93.29411764705883,72.0,0.0,,N
M000432,,,,,,5475.859090909092,0.0,12.976363636363637,,1.0,,N
M000433,,,,,,3743.1818181818185,0.0,4.658181818181818,,1.0,,Y
M000434,,,,,,7625.0,0.0,4.990909090909091,,1.0,,Y
M000435,Male,No,0,Not Graduate,No,3902.0,1666.0,109.0,360.0,1.0,Rural,Y
M000436,,,,,,3743.1818181818185,0.0,7.486363636363637,,1.0,,Y
M000437,Male,No,0,Graduate,No,1926.0,1851.0,50.0,360.0,1.0,Semiurban,Y
M000438,Male,Yes,0,Not Graduate,No,6033.0,0.0,160.0,360.0,1.0,Urban,N
M000439,,,,,,5573.181818181819,0.0,11.97818181818182,,1.0,,Y
M000440,Male,Yes,3+,Graduate,No,4106.0,0.0,40.0,180.0,1.0,Rural,Y
M000441,,,,,,5233.522727272728,0.0,15.970909090909092,,0.0,,N
M000442,,,3+,Graduate,No,7176.470588235294,0.0,178.51470588235293,168.0,0.0,,N
M000443,,,,,,2356.818181818182,0.0,6.238636363636364,,1.0,,Y
M000444,,,2,Graduate,Yes,2840.686274509804,0.0,81.63235294117646,168.0,1.0,,Y
M000445,Female,Yes,0,Not Graduate,No,3017.0,663.0,102.0,360.0,,Semiurban,Y
M000446,Male,No,0,Graduate,No,5417.0,0.0,168.0,360.0,1.0,Urban,Y
M000447,,,0,Not Graduate,No,7101.71568627451,0.0,218.88235294117646,168.0,1.0,,Y
M000448,Male,Yes,0,Graduate,Yes,3000.0,0.0,66.0,360.0,1.0,Urban,Y
M000449,,,2,Graduate,Yes,2018.3823529411764,0.0,76.25,240.0,0.0,,N
M000450,,,,,,5545.454545454546,0.0,1.8300000000000003,,1.0,,Y
M000451,,,,,,4505.681818181819,0.0,5.822727272727273,,1.0,,Y
M000452,Female,No,0,Graduate,No,4160.0,0.0,71.0,360.0,1.0,Semiurban,Y
M000453,,,3+,Not Graduate,Yes,224.26470588235293,0.0,4.485294117647059,72.0,0.0,,N
M000454,,,,,,10977.712500000001,0.0,9.981818181818182,,1.0,,Y
M000455,Male,Yes,2,Graduate,No,2947.0,1603.0,,360.0,1.0,Urban,N
M000456,Male,No,0,Graduate,No,4095.0,3447.0,151.0,360.0,1.0,Rural,Y
M000457,Male,Yes,3+,Graduate,No,8750.0,4996.0,130.0,360.0,1.0,Rural,Y
M000458,,,0,Not Graduate,No,3812.5,0.0,122.0,216.0,0.0,,N
M000459,,,,,,8318.18181818182,0.0,6.238636363636364,,1.0,,Y
M000460,Female,Yes,0,Not Graduate,Yes,7142.0,0.0,138.0,360.0,1.0,Rural,Y
M000461,Male,Yes,0,Graduate,No,11146.0,0.0,136.0,360.0,1.0,Urban,Y
M000462,Female,Yes,0,Graduate,No,3625.0,0.0,108.0,360.0,1.0,Semiurban,Y
M000463,,,1,Graduate,No,598.0392156862746,0.0,20.63235294117647,120.0,1.0,,Y
M000464,Male,Yes,0,Not Graduate,No,3406.0,4417.0,123.0,360.0,1.0,Semiurban,Y
M000465,,,0,Graduate,No,7251.225490196079,0.0,272.70588235294116,48.0,0.0,,Y
M000466,,,0,Graduate,No,5083.333333333333,0.0,165.05882352941177,24.0,1.0,,Y
M000467,,,,,,3100.186363636364,0.0,5.406818181818182,,1.0,,Y
M000468,,,2,Graduate,Yes,822.3039215686275,0.0,33.19117647058823,24.0,1.0,,Y
M000469,,,,,,2661.818181818182,0.0,11.02159090909091,,1.0,,N
M000470,,,3+,Not Graduate,Yes,3139.705882352941,0.0,86.11764705882352,240.0,1.0,,Y
M000471,,No,0,Graduate,No,4750.0,0.0,94.0,360.0,1.0,Semiurban,Y
M000472,,,,,,3743.1818181818185,0.0,5.240454545454546,,0.0,,N
M000473,Female,No,0,Graduate,No,2995.0,0.0,60.0,360.0,1.0,Urban,Y
M000474,Male,Yes,0,Graduate,No,2620.0,2223.0,150.0,360.0,1.0,Semiurban,Y
M000475,,,3+,Not Graduate,Yes,1868.872549019608,0.0,54.720588235294116,240.0,0.0,,N
M000476,,,,,,4297.727272727273,0.0,10.397727272727273,,1.0,,Y
M000477,,,,,,2634.090909090909,0.0,8.318181818181818,,1.0,,Y
M000478,Male,Yes,0,Not Graduate,No,1668.0,3890.0,201.0,360.0,0.0,Semiurban,N
M000479,Male,Yes,0,Not Graduate,No,2253.0,2033.0,110.0,360.0,1.0,Rural,Y
M000480,,,0,Graduate,Yes,822.3039215686275,0.0,30.5,168.0,1.0,,Y
M000481,,,,,,2220.9545454545455,0.0,11.042386363636364,,0.0,,N
M000482,Male,Yes,1,Graduate,No,4283.0,3000.0,172.0,84.0,1.0,Rural,N
M000483,Female,No,0,Graduate,No,2917.0,0.0,84.0,360.0,1.0,Semiurban,Y
M000484,Male,Yes,3+,Graduate,No,3400.0,2500.0,123.0,360.0,0.0,Rural,N
M000485,Male,No,0,Graduate,No,5941.0,4232.0,296.0,360.0,1.0,Semiurban,Y
M000486,,,3+,Not Graduate,No,4261.029411764705,0.0,138.14705882352942,192.0,0.0,,N
M000487,Male,Yes,0,Graduate,No,2666.0,4300.0,121.0,360.0,1.0,Rural,Y
M000488,Male,No,0,Not Graduate,No,6783.0,0.0,130.0,360.0,1.0,Semiurban,Y
M000489,,,3+,Graduate,No,598.0392156862746,0.0,22.426470588235293,144.0,1.0,,Y
M000490,,,,,,4131.363636363637,0.0,4.990909090909091,,1.0,,Y
M000491,,,,,,3119.318181818182,0.0,1.6636363636363638,,1.0,,Y
M000492,Male,Yes,1,Graduate,No,8300.0,0.0,152.0,300.0,0.0,Semiurban,N
M000493,,,,,,1732.9545454545457,0.0,6.654545454545455,,1.0,,N
M000494,,,3+,Graduate,No,822.3039215686275,0.0,18.838235294117645,96.0,1.0,,Y
M000495,,,2,Not Graduate,No,5980.392156862745,0.0,159.67647058823528,240.0,0.0,,N
M000496,,,,,,3119.318181818182,0.0,12.477272727272728,,1.0,,N
M000497,,,3+,Graduate,Yes,7101.71568627451,0.0,285.2647058823529,72.0,0.0,,N
M000498,,,3+,Graduate,Yes,1345.5882352941176,0.0,47.54411764705882,144.0,0.0,,N
M000499,,,,,,3223.295454545455,0.0,4.990909090909091,,1.0,,Y
M000500,,,,,,5795.000000000001,0.0,12.477272727272728,,1.0,,N
M000501,Male,Yes,0,Graduate,No,4600.0,0.0,73.0,180.0,1.0,Semiurban,Y
M000502,,,3+,Graduate,Yes,4111.519607843137,0.0,168.64705882352942,144.0,0.0,,Y
M000503,,,1,Graduate,No,5232.843137254902,0.0,183.8970588235294,120.0,0.0,,N
M000504,Male,Yes,0,Not Graduate,,1820.0,1769.0,95.0,360.0,1.0,Rural,Y
M000505,Male,Yes,2,Graduate,No,3153.0,1560.0,134.0,360.0,1.0,Urban,Y
M000506,Male,Yes,2,Not Graduate,No,3987.0,1411.0,157.0,360.0,1.0,Rural,Y
M000507,Male,Yes,1,Graduate,No,1880.0,0.0,61.0,360.0,,Rural,N
M000508,Male,Yes,0,Not Graduate,No,1800.0,2934.0,93.0,360.0,0.0,Urban,N
M000509,,,,,,5207.667045454546,0.0,12.477272727272728,,1.0,,Y
M000510,Male,Yes,0,Graduate,No,3593.0,4266.0,132.0,180.0,0.0,Rural,N
M000511,Male,Yes,0,Graduate,No,2083.0,3150.0,128.0,360.0,1.0,Semiurban,Y
M000512,,,,,,2363.680681818182,0.0,5.98909090909091,,1.0,,Y
M000513,,,2,Not Graduate,No,2018.3823529411764,0.0,52.92647058823529,168.0,1.0,,Y
M000514,Male,No,0,Graduate,No,2833.0,1857.0,126.0,360.0,1.0,Rural,Y
M000515,,,,,,5198.863636363637,0.0,4.990909090909091,,1.0,,Y
M000516,,,,,,5087.885227272727,0.0,22.45909090909091,,1.0,,N
M000517,,,,,,4852.272727272728,0.0,4.658181818181818,,1.0,,Y
M000518,Male,Yes,2,Graduate,No,5185.0,0.0,155.0,360.0,1.0,Semiurban,Y
M000519,,,,,,4436.363636363637,0.0,5.510795454545455,,1.0,,Y
M000520,,,,,,4561.136363636364,0.0,20.795454545454547,,1.0,,N
M000521,,,,,,2426.0670454545457,0.0,9.981818181818182,,1.0,,N
M000522,,,,,,2495.4545454545455,0.0,12.477272727272728,,1.0,,N
M000523,Male,No,0,Graduate,No,4683.0,1915.0,185.0,360.0,1.0,Semiurban,N
M000524,,Yes,1,Graduate,Yes,9833.0,1833.0,182.0,180.0,1.0,Urban,Y
M000525,,,3+,Graduate,No,3812.5,0.0,144.42647058823528,168.0,0.0,,N
M000526,,,,,,1580.4545454545457,0.0,1.2477272727272728,,1.0,,Y
M000527,,,3+,Not Graduate,No,6877.450980392156,0.0,251.17647058823528,96.0,0.0,,N
M000528,,,3+,Not Graduate,No,3812.5,0.0,141.73529411764704,48.0,0.0,,Y
M000529,Male,No,0,Graduate,No,4950.0,0.0,125.0,360.0,1.0,Urban,Y
M000530,,,0,Graduate,No,4859.06862745098,0.0,130.0735294117647,144.0,1.0,,Y
M000531,,,1,Not Graduate,Yes,3662.990196078431,0.0,113.02941176470588,48.0,1.0,,Y
M000532,,,,,,3660.0000000000005,0.0,4.658181818181818,,1.0,,Y
M000533,Male,Yes,3+,Graduate,No,5703.0,0.0,128.0,360.0,1.0,Urban,Y
M000534,,,2,Graduate,Yes,1196.0784313725492,0.0,42.161764705882355,144.0,0.0,,Y
M000535,Male,No,0,Graduate,No,6000.0,0.0,140.0,360.0,1.0,Rural,Y
M000536,Male,No,0,Graduate,Yes,11000.0,0.0,83.0,360.0,1.0,Urban,N
M000537,,,3+,Not Graduate,No,672.7941176470588,0.0,19.735294117647058,24.0,0.0,,N
M000538,,,3+,Not Graduate,Yes,4784.313725490197,0.0,136.35294117647058,168.0,0.0,,N
M000539,,,0,Graduate,Yes,1345.5882352941176,0.0,46.64705882352941,192.0,0.0,,N
M000540,,,3+,Graduate,Yes,1420.343137254902,0.0,61.0,72.0,0.0,,Y
M000541,,,,,,4300.5,0.0,11.146363636363638,,0.0,,Y
M000542,,,3+,Not Graduate,No,523.2843137254902,0.0,25.11764705882353,24.0,0.0,,Y
M000543,,,,,,2611.909090909091,0.0,12.477272727272728,,1.0,,N
M000544,,,,,,3604.5454545454545,0.0,2.329090909090909,,1.0,,Y
M000545,,,3+,Not Graduate,Yes,7251.225490196079,0.0,261.04411764705884,216.0,1.0,,Y
M000546,,,,,,6585.504545454546,0.0,8.318181818181818,,1.0,,Y
M000547,Male,Yes,0,Graduate,No,3941.0,2336.0,134.0,360.0,1.0,Semiurban,Y
M000548,Male,Yes,2,Graduate,No,3900.0,0.0,90.0,360.0,1.0,Semiurban,Y
M000549,,,3+,Graduate,No,3214.460784313725,0.0,100.47058823529412,72.0,0.0,,Y
M000550,Male,No,0,Graduate,No,4843.0,3806.0,151.0,360.0,1.0,Semiurban,Y
M000551,,,3+,Graduate,No,2840.686274509804,0.0,76.25,120.0,0.0,,N
M000552,,,,,,2079.545454545455,0.0,9.981818181818182,,1.0,,N
M000553,,,1,Graduate,Yes,3662.990196078431,0.0,158.77941176470588,96.0,1.0,,Y
M000554,Male,No,0,Not Graduate,,7333.0,0.0,120.0,360.0,1.0,Rural,N
M000555,,,,,,6238.636363636364,0.0,9.981818181818182,,1.0,,Y
M000556,Male,Yes,0,Graduate,No,4625.0,2857.0,111.0,12.0,,Urban,Y
M000557,,,,,,3119.318181818182,0.0,12.477272727272728,,0.0,,Y
M000558,,,1,Not Graduate,No,5905.637254901961,0.0,262.8382352941176,24.0,1.0,,Y
M000559,,,1,Not Graduate,Yes,3887.254901960784,0.0,173.13235294117646,96.0,0.0,,N
M000560,,,0,Graduate,Yes,1345.5882352941176,0.0,53.8235294117647,144.0,1.0,,Y
M000561,,,1,Not Graduate,No,1943.627450980392,0.0,69.07352941176471,72.0,0.0,,N
M000562,,,2,Graduate,No,4335.7843137254895,0.0,194.66176470588235,96.0,0.0,,N
M000563,Male,Yes,1,Graduate,No,8072.0,240.0,253.0,360.0,1.0,Urban,Y
M000564,Male,Yes,0,Graduate,No,3000.0,3416.0,56.0,180.0,1.0,Semiurban,Y
M000565,Male,No,0,Graduate,No,3500.0,0.0,81.0,300.0,1.0,Semiurban,Y
M000566,,,3+,Graduate,No,2541.6666666666665,0.0,113.92647058823529,24.0,1.0,,Y
M000567,,,1,Graduate,No,4859.06862745098,0.0,165.95588235294116,192.0,1.0,,Y
M000568,,,3+,Not Graduate,Yes,3662.990196078431,0.0,142.63235294117646,96.0,0.0,,N
M000569,,,,,,3812.5,0.0,10.813636363636364,,1.0,,Y
M000570,Male,Yes,3+,Not Graduate,No,3095.0,0.0,113.0,360.0,1.0,Rural,Y
M000571,,,,,,6238.636363636364,0.0,7.985454545454546,,0.0,,Y
M000572,Male,Yes,0,Graduate,No,20833.0,6667.0,480.0,360.0,,Urban,Y
M000573,,,,,,5545.454545454546,0.0,8.318181818181818,,1.0,,Y
M000574,,,,,,8456.818181818182,0.0,12.477272727272728,,1.0,,Y
M000575,,,,,,1663.6363636363637,0.0,5.926704545454546,,1.0,,Y
M000576,,,2,Graduate,No,2466.9117647058824,0.0,105.85294117647058,48.0,0.0,,Y
M000577,,,,,,2287.5000000000005,0.0,5.406818181818182,,1.0,,Y
M000578,,,,,,6585.227272727274,0.0,12.477272727272728,,0.0,,Y
M000579,Male,No,0,Not Graduate,No,2927.0,2405.0,111.0,360.0,1.0,Semiurban,Y
M000580,,,,,,3160.9090909090914,0.0,11.645454545454546,,1.0,,Y
M000581,Female,No,0,Graduate,No,4547.0,0.0,115.0,360.0,1.0,Semiurban,Y
M000582,,,3+,Graduate,Yes,224.26470588235293,0.0,8.073529411764705,48.0,1.0,,Y
M000583,,,,,,1454.8500000000001,0.0,2.994545454545455,,1.0,,Y
M000584,Male,Yes,2,Not Graduate,No,7667.0,0.0,185.0,360.0,,Rural,Y
M000585,Male,Yes,,Not Graduate,Yes,4735.0,0.0,138.0,360.0,1.0,Urban,N
M000586,,,,,,4852.272727272728,0.0,2.4954545454545456,,0.0,,Y
M000587,,,1,Graduate,Yes,4111.519607843137,0.0,176.72058823529412,120.0,0.0,,N
M000588,,,,,,2703.409090909091,0.0,7.486363636363637,,1.0,,Y
M000589,,,3+,Not Graduate,Yes,373.77450980392155,0.0,13.455882352941176,240.0,0.0,,N
M000590,,,,,,2530.1136363636365,0.0,5.822727272727273,,0.0,,Y
M000591,Female,No,0,Graduate,No,10000.0,1666.0,225.0,360.0,1.0,Rural,N
M000592,,,0,Graduate,Yes,7325.980392156862,0.0,292.44117647058823,120.0,1.0,,Y
M000593,,,0,Not Graduate,No,3962.0098039215686,0.0,97.77941176470588,216.0,1.0,,Y
M000594,,,,,,2356.818181818182,0.0,6.654545454545455,,0.0,,N
M000595,,,3+,Not Graduate,Yes,3737.745098039216,0.0,95.08823529411764,72.0,1.0,,Y
M000596,,,3+,Graduate,Yes,224.26470588235293,0.0,9.867647058823529,144.0,1.0,,Y
M000597,Male,Yes,2,Graduate,No,3159.0,461.0,108.0,84.0,1.0,Urban,Y
M000598,Male,Yes,3+,Graduate,Yes,10139.0,0.0,260.0,360.0,1.0,Semiurban,Y
M000599,,,3+,Not Graduate,No,2167.8921568627447,0.0,76.25,168.0,1.0,,Y
M000600,,,0,Not Graduate,No,971.813725490196,0.0,43.955882352941174,144.0,0.0,,Y
M000601,,,,,,3622.2909090909097,0.0,3.6600000000000006,,1.0,,Y
M000602,,,2,Graduate,Yes,2167.8921568627447,0.0,95.08823529411764,72.0,0.0,,Y
M000603,,,0,Not Graduate,Yes,2840.686274509804,0.0,95.08823529411764,144.0,0.0,,N
M000604,Female,No,0,Graduate,Yes,2600.0,1717.0,99.0,300.0,1.0,Semiurban,N
M000605,,,,,,3722.386363636364,0.0,24.82977272727273,,0.0,,N
M000606,,,,,,2426.136363636364,0.0,4.990909090909091,,1.0,,Y
M000607,Male,Yes,0,Graduate,Yes,9963.0,0.0,180.0,360.0,1.0,Rural,Y
M000608,,,3+,Graduate,No,6204.656862745098,0.0,220.67647058823528,24.0,0.0,,N
M000609,,,,,,5406.818181818182,0.0,6.654545454545455,,1.0,,Y
M000610,,,,,,7625.0,0.0,23.290909090909093,,1.0,,Y
M000611,,,,,,4090.05,0.0,12.477272727272728,,0.0,,N
M000612,,,3+,Not Graduate,Yes,3887.254901960784,0.0,134.55882352941177,240.0,0.0,,N
M000613,,,3+,Graduate,Yes,2541.6666666666665,0.0,76.25,72.0,0.0,,Y
M000614,,,,,,3673.863636363637,0.0,8.151818181818184,,1.0,,Y
M000615,,,,,,5892.045454545455,0.0,5.822727272727273,,1.0,,Y
M000616,,,3+,Not Graduate,Yes,7251.225490196079,0.0,232.33823529411765,24.0,1.0,,Y
M000617,,,0,Not Graduate,No,3064.950980392157,0.0,130.0735294117647,144.0,0.0,,N
M000618,,,3+,Not Graduate,No,4261.029411764705,0.0,165.05882352941177,48.0,0.0,,Y
M000619,Female,No,0,Graduate,No,2900.0,0.0,71.0,360.0,1.0,Rural,Y
M000620,,,0,Not Graduate,Yes,3513.4803921568628,0.0,95.08823529411764,240.0,0.0,,N
M000621,,,3+,Not Graduate,No,971.813725490196,0.0,36.779411764705884,216.0,1.0,,Y
M000622,,,,,,3576.818181818182,0.0,4.159090909090909,,1.0,,Y
M000623,,,,,,1830.0000000000002,0.0,6.072272727272728,,0.0,,Y
M000624,Female,No,0,Not Graduate,Yes,17263.0,0.0,225.0,360.0,1.0,Semiurban,Y
M000625,,,1,Graduate,Yes,4036.7647058823527,0.0,174.92647058823528,216.0,1.0,,Y
M000626,Male,Yes,0,Graduate,No,3103.0,1300.0,80.0,360.0,1.0,Urban,Y
M000627,,,,,,1663.6363636363637,0.0,4.575,,1.0,,Y
M000628,Male,Yes,0,Not Graduate,No,3000.0,1666.0,100.0,480.0,0.0,Urban,N
M000629,,,3+,Not Graduate,No,5083.333333333333,0.0,179.41176470588235,48.0,0.0,,N
M000630,Male,Yes,0,Graduate,,5746.0,0.0,255.0,360.0,,Urban,N
M000631,Male,Yes,1,Not Graduate,No,2492.0,2375.0,,360.0,1.0,Rural,Y
M000632,,,,,,4367.045454545455,0.0,3.3272727272727276,,1.0,,Y
M000633,,,,,,4644.318181818182,0.0,2.4954545454545456,,1.0,,Y
M000634,Male,No,0,Graduate,No,2479.0,0.0,59.0,360.0,1.0,Urban,Y
M000635,,,,,,4332.109090909092,0.0,2.661818181818182,,1.0,,Y
M000636,,,,,,2010.2272727272727,0.0,4.159090909090909,,1.0,,Y
M000637,Male,Yes,1,Graduate,No,8080.0,2250.0,180.0,360.0,1.0,Urban,Y
M000638,,,3+,Not Graduate,Yes,6129.901960784314,0.0,243.10294117647058,48.0,0.0,,Y
M000639,,,,,,2641.0227272727275,0.0,3.244090909090909,,1.0,,Y
M000640,,,,,,8734.09090909091,0.0,8.484545454545454,,1.0,,Y
M000641,,,,,,4846.172727272728,0.0,6.654545454545455,,1.0,,Y
M000642,Male,Yes,0,Graduate,No,3013.0,3033.0,95.0,300.0,,Urban,Y
M000643,Male,Yes,2,Graduate,No,3510.0,4416.0,243.0,360.0,1.0,Rural,Y
M000644,,,3+,Graduate,Yes,5307.598039215686,0.0,139.0441176470588,48.0,0.0,,N
M000645,,,3+,Graduate,No,4410.5392156862745,0.0,129.17647058823528,120.0,0.0,,N
M000646,,,,,,3743.1818181818185,0.0,4.159090909090909,,0.0,,N
M000647,,,,,,3604.5454545454545,0.0,8.318181818181818,,1.0,,Y
M000648,,,,,,3460.3636363636365,0.0,8.318181818181818,,1.0,,Y
M000649,,,3+,Graduate,Yes,4111.519607843137,0.0,169.5441176470588,72.0,0.0,,N
M000650,,,3+,Not Graduate,No,4111.519607843137,0.0,181.20588235294116,168.0,0.0,,Y
M000651,Male,Yes,0,Graduate,No,5568.0,2142.0,175.0,360.0,1.0,Rural,N
M000652,,,3+,Not Graduate,Yes,7101.71568627451,0.0,228.75,144.0,1.0,,Y
M000653,,,,,,2356.818181818182,0.0,3.3272727272727276,,1.0,,N
M000654,Male,Yes,3+,Graduate,Yes,5677.0,1424.0,100.0,360.0,1.0,Rural,Y
M000655,Male,Yes,0,Graduate,No,2130.0,6666.0,70.0,180.0,1.0,Semiurban,N
M000656,Male,Yes,1,Graduate,Yes,2395.0,0.0,,360.0,1.0,Semiurban,Y
M000657,,,0,Graduate,No,6204.656862745098,0.0,281.6764705882353,216.0,0.0,,Y
M000658,,,3+,Graduate,No,672.7941176470588,0.0,27.808823529411764,120.0,0.0,,N
M000659,Male,Yes,0,Graduate,,3333.0,2500.0,128.0,360.0,1.0,Semiurban,Y
M000660,,,,,,4020.4545454545455,0.0,7.902272727272728,,0.0,,N
M000661,,,,,,3604.5454545454545,0.0,16.636363636363637,,1.0,,Y
M000662,Male,Yes,1,Graduate,No,3988.0,0.0,50.0,240.0,1.0,Urban,Y
M000663,,,,,,3985.7954545454554,0.0,7.486363636363637,,1.0,,Y
M000664,Female,No,0,Graduate,No,2500.0,0.0,67.0,360.0,1.0,Urban,Y
M000665,Male,Yes,0,Not Graduate,No,2333.0,1516.0,95.0,360.0,1.0,Urban,Y
M000666,,,1,Not Graduate,Yes,6578.43137254902,0.0,256.55882352941177,96.0,0.0,,Y
M000667,,,,,,1830.0000000000002,0.0,2.703409090909091,,1.0,,N
M000668,,,,,,4242.272727272728,0.0,2.661818181818182,,1.0,,Y
M000669,,,0,Not Graduate,Yes,3737.745098039216,0.0,133.66176470588235,144.0,0.0,,Y
M000670,Male,Yes,2,Not Graduate,No,1958.0,1456.0,60.0,300.0,,Urban,Y
M000671,Male,No,0,Not Graduate,No,2699.0,2785.0,96.0,360.0,,Semiurban,Y
M000672,,,,,,1746.818181818182,0.0,4.990909090909091,,1.0,,Y
M000673,Male,Yes,0,Graduate,No,3704.0,2000.0,120.0,360.0,1.0,Rural,Y
M000674,,,3+,Graduate,No,3887.254901960784,0.0,183.0,240.0,1.0,,Y
M000675,,,,,,4159.09090909091,0.0,2.8281818181818186,,1.0,,Y
M000676,,,,,,9357.954545454546,0.0,12.477272727272728,,1.0,,Y
M000677,,,2,Graduate,Yes,224.26470588235293,0.0,6.279411764705882,48.0,0.0,,N
M000678,,,3+,Graduate,Yes,523.2843137254902,0.0,16.14705882352941,168.0,0.0,,Y
M000679,,,,,,3918.764772727273,0.0,16.636363636363637,,1.0,,Y
M000680,,,,,,2580.8545454545456,0.0,14.556818181818183,,1.0,,N
M000681,,,,,,2772.727272727273,0.0,3.7431818181818186,,1.0,,Y
M000682,,,2,Not Graduate,No,6055.147058823529,0.0,222.47058823529412,72.0,0.0,,N
M000683,,,1,Graduate,No,1270.8333333333333,0.0,57.41176470588235,120.0,0.0,,N
M000684,,,3+,Graduate,No,523.2843137254902,0.0,23.323529411764707,168.0,1.0,,Y
M000685,,,,,,4990.909090909091,0.0,20.795454545454547,,1.0,,Y
M000686,Male,Yes,0,Graduate,Yes,5818.0,2160.0,184.0,360.0,1.0,Semiurban,Y
M000687,Male,No,3+,Not Graduate,No,4707.0,1993.0,148.0,360.0,1.0,Semiurban,Y
M000688,,,,,,4159.09090909091,0.0,5.697954545454546,,1.0,,Y
M000689,,,,,,8318.18181818182,0.0,16.636363636363637,,1.0,,Y
M000690,,,,,,5891.768181818183,0.0,2.994545454545455,,1.0,,Y
M000691,,,,,,3061.0909090909095,0.0,8.318181818181818,,0.0,,Y
M000692,Male,Yes,3+,Graduate,No,5516.0,11300.0,495.0,360.0,0.0,Semiurban,N
M000693,,,3+,Not Graduate,Yes,6204.656862745098,0.0,281.6764705882353,72.0,1.0,,N
M000694,,,0,Not Graduate,Yes,1719.362745098039,0.0,55.61764705882353,96.0,1.0,,Y
M000695,Male,Yes,2,Not Graduate,No,3333.0,2000.0,99.0,360.0,,Semiurban,Y
M000696,,,,,,5129.545454545455,0.0,7.486363636363637,,1.0,,Y
M000697,,,,,,3368.8636363636365,0.0,3.992727272727273,,1.0,,Y
M000698,Male,Yes,0,Graduate,No,3708.0,2569.0,173.0,360.0,1.0,Urban,N
M000699,,,,,,5961.363636363637,0.0,3.992727272727273,,1.0,,Y
M000700,Female,Yes,1,Graduate,Yes,11500.0,0.0,286.0,360.0,0.0,Urban,N
M000701,,,,,,5198.863636363637,0.0,9.981818181818182,,1.0,,Y
M000702,,,3+,Not Graduate,Yes,4634.803921568628,0.0,199.1470588235294,240.0,1.0,,Y
M000703,,,2,Not Graduate,No,1794.1176470588234,0.0,78.94117647058823,216.0,0.0,,N
M000704,Male,Yes,2,Graduate,No,4009.0,1717.0,116.0,360.0,1.0,Semiurban,Y
M000705,Female,No,1,Graduate,Yes,7451.0,0.0,,360.0,1.0,Semiurban,Y
M000706,,,,,,5892.045454545455,0.0,9.981818181818182,,1.0,,Y
M000707,,,3+,Graduate,Yes,1196.0784313725492,0.0,51.13235294117647,48.0,1.0,,Y
M000708,,,,,,18022.727272727276,0.0,16.636363636363637,,1.0,,Y
M000709,Male,Yes,0,Not Graduate,Yes,4344.0,736.0,87.0,360.0,1.0,Semiurban,N
M000710,,,3+,Not Graduate,No,5681.372549019608,0.0,171.33823529411765,168.0,1.0,,Y
M000711,Male,Yes,2,Graduate,Yes,2726.0,0.0,106.0,360.0,0.0,Semiurban,N
M000712,,,,,,3888.7500000000005,0.0,5.074090909090909,,0.0,,N
M000713,Male,Yes,0,Not Graduate,No,4887.0,0.0,133.0,360.0,1.0,Rural,N
M000714,Male,Yes,1,Graduate,No,7250.0,1667.0,110.0,,0.0,Urban,N
M000715,,,,,,8318.18181818182,0.0,4.990909090909091,,1.0,,Y
M000716,Male,No,0,Graduate,No,3158.0,3053.0,89.0,360.0,1.0,Rural,Y
M000717,,,,,,4159.09090909091,0.0,5.98909090909091,,1.0,,Y
M000718,Male,Yes,0,Graduate,No,2920.0,16.12000084,87.0,360.0,1.0,Rural,Y
M000719,,,,,,3396.5909090909095,0.0,3.3272727272727276,,1.0,,Y
M000720,,,3+,Not Graduate,Yes,7400.735294117647,0.0,298.7205882352941,72.0,0.0,,N
M000721,,,1,Graduate,Yes,2466.9117647058824,0.0,95.08823529411764,168.0,1.0,,Y
M000722,Male,No,0,Graduate,No,3167.0,0.0,74.0,360.0,1.0,Urban,N
M000723,,,3+,Not Graduate,No,4634.803921568628,0.0,217.08823529411765,216.0,0.0,,Y
M000724,,,1,Graduate,No,1196.0784313725492,0.0,40.36764705882353,168.0,1.0,,Y
M000725,,,3+,Not Graduate,Yes,3438.725490196078,0.0,114.8235294117647,168.0,1.0,,Y
M000726,Male,Yes,0,Graduate,No,3173.0,3021.0,137.0,360.0,1.0,Urban,Y
M000727,,,3+,Graduate,Yes,4560.049019607843,0.0,162.36764705882354,168.0,0.0,,N
M000728,Male,No,0,Graduate,No,4917.0,0.0,130.0,360.0,0.0,Rural,Y
M000729,Male,Yes,2,Not Graduate,No,3675.0,242.0,108.0,360.0,1.0,Semiurban,Y
M000730,,,,,,3576.818181818182,0.0,5.98909090909091,,1.0,,Y
M000731,,,2,Graduate,No,1121.3235294117646,0.0,43.955882352941174,192.0,0.0,,N
M000732,,,3+,Not Graduate,Yes,6279.411764705882,0.0,183.8970588235294,144.0,1.0,,Y
M000733,,,1,Graduate,Yes,4111.519607843137,0.0,108.54411764705883,48.0,0.0,,N
M000734,Female,No,0,Graduate,No,2378.0,0.0,46.0,360.0,1.0,Rural,N
M000735,,,0,Not Graduate,No,6802.696078431372,0.0,164.16176470588235,168.0,0.0,,N
M000736,Male,Yes,1,Graduate,No,1538.0,1425.0,30.0,360.0,1.0,Urban,Y
M000737,,,3+,Not Graduate,Yes,4111.519607843137,0.0,155.19117647058823,192.0,1.0,,Y
M000738,Female,No,1,Graduate,No,4723.0,0.0,81.0,360.0,1.0,Semiurban,N
M000739,Male,Yes,0,Graduate,No,6000.0,2250.0,265.0,360.0,,Semiurban,N
M000740,Female,Yes,0,Graduate,No,2645.0,3440.0,120.0,360.0,0.0,Urban,N
M000741,Female,Yes,2,Not Graduate,,210.0,2917.0,98.0,360.0,1.0,Semiurban,Y
M000742,Male,Yes,3+,Graduate,No,39999.0,0.0,600.0,180.0,0.0,Semiurban,Y
M000743,,,3+,Graduate,Yes,3064.950980392157,0.0,88.80882352941177,48.0,0.0,,N
M000744,,,3+,Not Graduate,No,5083.333333333333,0.0,222.47058823529412,96.0,0.0,,Y
M000745,,,3+,Not Graduate,Yes,3737.745098039216,0.0,162.36764705882354,144.0,0.0,,N
M000746,,,,,,1732.9545454545457,0.0,9.981818181818182,,1.0,,N
M000747,,,3+,Graduate,Yes,224.26470588235293,0.0,8.970588235294118,96.0,0.0,,Y
M000748,,,,,,2634.090909090909,0.0,15.63818181818182,,1.0,,Y
M000749,Female,No,0,Graduate,No,645.0,3683.0,113.0,480.0,1.0,Rural,Y
M000750,,,,,,2495.4545454545455,0.0,2.994545454545455,,1.0,,Y
M000751,Male,No,0,Not Graduate,No,2333.0,1451.0,102.0,480.0,0.0,Urban,N
M000752,,,,,,5258.477272727274,0.0,19.963636363636365,,1.0,,N
M000753,,,3+,Not Graduate,Yes,5606.617647058823,0.0,193.76470588235293,168.0,1.0,,Y
M000754,,,3+,Graduate,No,3588.235294117647,0.0,128.27941176470588,72.0,1.0,,Y
M000755,,,,,,2356.818181818182,0.0,4.159090909090909,,0.0,,N
M000756,,,,,,8664.772727272728,0.0,6.654545454545455,,1.0,,Y
M000757,Male,No,1,Not Graduate,No,2679.0,1302.0,94.0,360.0,1.0,Semiurban,Y
M000758,Male,Yes,,Not Graduate,No,3523.0,3230.0,152.0,360.0,0.0,Rural,N
M000759,,,,,,6862.500000000001,0.0,7.486363636363637,,1.0,,Y
M000760,,,,,,1060.568181818182,0.0,2.620227272727273,,1.0,,N
M000761,,,3+,Graduate,No,6503.676470588235,0.0,287.95588235294116,96.0,0.0,,N
M000762,,,,,,2148.8636363636365,0.0,2.0795454545454546,,0.0,,N
M000763,,,,,,3327.2727272727275,0.0,8.73409090909091,,1.0,,Y
M000764,Male,Yes,0,Not Graduate,,2894.0,2792.0,155.0,360.0,1.0,Rural,Y
M000765,,,0,Not Graduate,No,7176.470588235294,0.0,342.6764705882353,96.0,0.0,,N
M000766,Male,Yes,2,Graduate,Yes,6250.0,1300.0,108.0,360.0,1.0,Rural,Y
M000767,,,3+,Not Graduate,No,5756.127450980392,0.0,154.2941176470588,72.0,0.0,,Y
M000768,,,,,,3812.5,0.0,4.575,,1.0,,Y
M000769,,,,,,3899.3556818181823,0.0,8.318181818181818,,1.0,,Y
M000770,Female,No,0,Graduate,No,2507.0,0.0,56.0,360.0,1.0,Rural,Y
M000771,Female,,,Graduate,No,10047.0,0.0,,240.0,1.0,Semiurban,Y
M000772,,,,,,1622.0454545454547,0.0,3.3272727272727276,,1.0,,Y
M000773,,,,,,6238.636363636364,0.0,6.654545454545455,,1.0,,Y
M000774,Male,No,0,Graduate,No,20233.0,0.0,480.0,360.0,1.0,Rural,N
M000775,Female,No,1,Graduate,Yes,8624.0,0.0,150.0,360.0,1.0,Semiurban,Y
M000776,,,0,Graduate,No,5756.127450980392,0.0,222.47058823529412,120.0,0.0,,Y
M000777,Female,No,0,Graduate,Yes,15759.0,0.0,55.0,360.0,1.0,Semiurban,Y
M000778,Male,No,0,Graduate,No,3333.0,0.0,70.0,360.0,1.0,Urban,Y
M000779,,,,,,7832.954545454546,0.0,20.795454545454547,,1.0,,N
M000780,Male,No,0,Graduate,No,1916.0,5063.0,67.0,360.0,,Rural,N
M000781,,,,,,9011.363636363638,0.0,14.972727272727274,,1.0,,Y
M000782,,,3+,Graduate,No,2541.6666666666665,0.0,121.10294117647058,144.0,1.0,,Y
M000783,,,0,Not Graduate,No,1420.343137254902,0.0,60.10294117647059,144.0,0.0,,Y
M000784,,,,,,7070.454545454546,0.0,8.151818181818184,,1.0,,Y
M000785,,,3+,Graduate,No,1046.5686274509803,0.0,34.088235294117645,96.0,1.0,,Y
M000786,,,,,,1330.909090909091,0.0,3.0569318181818184,,1.0,,N
M000787,,,,,,3119.318181818182,0.0,11.645454545454546,,0.0,,Y
M000788,,,1,Not Graduate,Yes,2616.421568627451,0.0,94.19117647058823,240.0,0.0,,N
M000789,,,,,,3465.9090909090914,0.0,8.318181818181818,,0.0,,Y
M000790,Male,Yes,1,Graduate,No,6875.0,0.0,200.0,360.0,1.0,Semiurban,Y
M000791,,,,,,4912.7181818181825,0.0,8.318181818181818,,1.0,,Y
M000792,Male,Yes,3+,Graduate,No,7740.0,0.0,128.0,180.0,1.0,Urban,Y
M000793,,,,,,4159.09090909091,0.0,4.159090909090909,,0.0,,Y
M000794,,,3+,Graduate,Yes,6727.941176470588,0.0,177.61764705882354,240.0,0.0,,N
M000795,Male,Yes,0,Graduate,No,4310.0,0.0,130.0,360.0,,Semiurban,Y
M000796,,,,,,3944.204545454546,0.0,9.316363636363636,,1.0,,Y
M000797,Male,Yes,1,Graduate,No,3052.0,1030.0,100.0,360.0,1.0,Urban,Y
M000798,,Yes,3+,Graduate,No,23803.0,0.0,370.0,360.0,1.0,Rural,Y
M000799,,,,,,3604.5454545454545,0.0,5.98909090909091,,1.0,,Y
M000800,,,3+,Graduate,No,2765.931372549019,0.0,118.41176470588235,48.0,1.0,,Y
M000801,Female,No,,Graduate,No,3813.0,0.0,116.0,180.0,1.0,Urban,Y
M000802,,,,,,2079.545454545455,0.0,4.990909090909091,,1.0,,Y
M000803,,,1,Not Graduate,Yes,3438.725490196078,0.0,90.60294117647058,48.0,0.0,,Y
M000804,,,2,Graduate,Yes,448.52941176470586,0.0,21.52941176470588,72.0,0.0,,N
M000805,,,3+,Not Graduate,Yes,2167.8921568627447,0.0,84.32352941176471,168.0,1.0,,Y
M000806,Male,No,0,Graduate,No,3418.0,0.0,127.0,360.0,1.0,Semiurban,N
M000807,,,,,,3604.5454545454545,0.0,4.325454545454546,,0.0,,Y
M000808,Male,Yes,2,Graduate,No,5042.0,2083.0,185.0,360.0,1.0,Rural,N
M000809,,,,,,2037.9545454545457,0.0,9.981818181818182,,1.0,,N
M000810,,,,,,7334.14090909091,0.0,12.477272727272728,,1.0,,Y
M000811,,,,,,2315.227272727273,0.0,13.891363636363637,,1.0,,Y
M000812,,,,,,3723.218181818182,0.0,3.3272727272727276,,0.0,,Y
M000813,,,,,,11596.931818181818,0.0,16.636363636363637,,1.0,,Y
M000814,,,0,Not Graduate,No,2616.421568627451,0.0,102.26470588235294,192.0,1.0,,Y
M000815,,,1,Not Graduate,No,1943.627450980392,0.0,70.86764705882352,144.0,0.0,,N
M000816,,,3+,Graduate,No,6129.901960784314,0.0,226.05882352941177,216.0,1.0,,Y
M000817,,,3+,Not Graduate,Yes,1868.872549019608,0.0,69.07352941176471,120.0,1.0,,Y
M000818,,,,,,4782.954545454546,0.0,3.160909090909091,,0.0,,N
M000819,Male,Yes,2,Graduate,No,3200.0,700.0,70.0,360.0,1.0,Urban,Y
M000820,,,,,,7555.68181818182,0.0,16.636363636363637,,1.0,,Y
M000821,,,3+,Graduate,Yes,7400.735294117647,0.0,285.2647058823529,216.0,1.0,,Y
M000822,Male,Yes,2,Graduate,No,2301.0,985.7999878,78.0,180.0,1.0,Urban,Y
M000823,,,2,Not Graduate,Yes,3887.254901960784,0.0,115.72058823529412,216.0,0.0,,Y
M000824,,,0,Not Graduate,Yes,373.77450980392155,0.0,12.558823529411764,24.0,0.0,,Y
M000825,Male,Yes,2,Graduate,No,4400.0,0.0,127.0,360.0,0.0,Semiurban,N
M000826,,,3+,Graduate,Yes,4485.294117647059,0.0,115.72058823529412,168.0,1.0,,Y
M000827,,,3+,Not Graduate,Yes,2167.8921568627447,0.0,56.51470588235294,72.0,1.0,,Y
M000828,,,1,Graduate,No,4784.313725490197,0.0,151.60294117647058,24.0,1.0,,Y
M000829,,,3+,Graduate,No,3812.5,0.0,110.33823529411764,240.0,0.0,,N
M000830,Male,Yes,0,Graduate,No,6080.0,2569.0,182.0,360.0,,Rural,N
M000831,,,,,,5753.409090909092,0.0,8.318181818181818,,1.0,,Y
M000832,Female,No,0,Graduate,No,3166.0,2985.0,132.0,360.0,,Rural,Y
M000833,,,3+,Not Graduate,Yes,2840.686274509804,0.0,94.19117647058823,144.0,1.0,,Y
M000834,,,3+,Not Graduate,No,5531.862745098038,0.0,138.14705882352942,72.0,1.0,,Y
M000835,,,,,,3465.9090909090914,0.0,11.645454545454546,,1.0,,Y
M000836,,,,,,2911.3636363636365,0.0,2.661818181818182,,1.0,,Y
M000837,,,3+,Not Graduate,No,7325.980392156862,0.0,257.45588235294116,72.0,1.0,,Y
M000838,,,,,,5198.863636363637,0.0,11.47909090909091,,1.0,,Y
M000839,,,3+,Graduate,No,1495.0980392156862,0.0,55.61764705882353,216.0,0.0,,N
M000840,Male,Yes,3+,Not Graduate,No,3850.0,983.0,100.0,360.0,1.0,Semiurban,Y
M000841,,,,,,3465.9090909090914,0.0,12.477272727272728,,1.0,,Y
M000842,,,,,,2772.727272727273,0.0,4.990909090909091,,1.0,,Y
M000843,Male,No,0,Graduate,,2980.0,2083.0,120.0,360.0,1.0,Rural,Y
M000844,,,3+,Graduate,Yes,5756.127450980392,0.0,145.3235294117647,72.0,0.0,,N
M000845,,,,,,1626.2045454545457,0.0,5.822727272727273,,1.0,,Y
M000846,,,1,Not Graduate,Yes,4036.7647058823527,0.0,122.0,48.0,1.0,,Y
M000847,,,2,Not Graduate,No,5681.372549019608,0.0,173.13235294117646,144.0,0.0,,N
M000848,Female,Yes,2,Graduate,No,2031.0,1632.0,113.0,480.0,1.0,Semiurban,Y
M000849,,,,,,2564.7727272727275,0.0,12.477272727272728,,1.0,,Y
M000850,,,,,,2495.4545454545455,0.0,4.990909090909091,,1.0,,Y
M000851,Male,No,,Graduate,No,2987.0,0.0,88.0,360.0,0.0,Semiurban,N
M000852,Male,Yes,1,Graduate,No,3125.0,2583.0,170.0,360.0,1.0,Semiurban,N
M000853,,,,,,2634.090909090909,0.0,14.556818181818183,,1.0,,Y
M000854,,,,,,3465.9090909090914,0.0,9.981818181818182,,1.0,,Y
M000855,Female,No,1,Not Graduate,Yes,3867.0,0.0,62.0,360.0,1.0,Semiurban,N
M000856,Female,Yes,0,Graduate,No,2484.0,2302.0,137.0,360.0,1.0,Semiurban,Y
M000857,,,1,Not Graduate,Yes,4485.294117647059,0.0,109.44117647058823,192.0,1.0,,Y
M000858,,,0,Not Graduate,Yes,2466.9117647058824,0.0,79.83823529411764,24.0,0.0,,N
M000859,Male,Yes,1,Graduate,No,6000.0,0.0,160.0,360.0,,Rural,Y
M000860,Male,Yes,0,Graduate,No,3246.0,1417.0,138.0,360.0,1.0,Semiurban,Y
M000861,,,,,,2625.495454545455,0.0,6.654545454545455,,1.0,,Y
M000862,,Yes,2,Graduate,No,2873.0,1872.0,132.0,360.0,0.0,Semiurban,N
M000863,,,,,,17329.545454545456,0.0,23.290909090909093,,1.0,,Y
M000864,,,3+,Not Graduate,Yes,5681.372549019608,0.0,236.8235294117647,168.0,1.0,,Y
M000865,,,3+,Graduate,Yes,598.0392156862746,0.0,22.426470588235293,240.0,0.0,,N
M000866,,,,,,2595.2727272727275,0.0,6.654545454545455,,1.0,,Y
M000867,,,3+,Graduate,Yes,6129.901960784314,0.0,259.25,120.0,1.0,,Y
M000868,Male,Yes,0,Graduate,,3539.0,1376.0,55.0,360.0,1.0,Rural,N
M000869,Male,Yes,0,Not Graduate,No,2454.0,2333.0,181.0,360.0,0.0,Urban,N
M000870,Male,Yes,1,Graduate,No,3750.0,0.0,116.0,360.0,1.0,Semiurban,Y
M000871,Male,No,3+,Graduate,No,9167.0,0.0,185.0,360.0,1.0,Rural,Y
M000872,Male,Yes,1,Graduate,No,1782.0,2232.0,107.0,360.0,1.0,Rural,Y
M000873,,,3+,Graduate,Yes,4261.029411764705,0.0,103.16176470588235,24.0,1.0,,Y
M000874,,,,,,6338.454545454546,0.0,19.131818181818183,,1.0,,Y
M000875,,,0,Not Graduate,No,5606.617647058823,0.0,257.45588235294116,24.0,1.0,,Y
M000876,,,,,,5342.906818181819,0.0,2.848977272727273,,1.0,,Y
M000877,,,3+,Not Graduate,Yes,523.2843137254902,0.0,22.426470588235293,96.0,0.0,,N
M000878,,,3+,Not Graduate,No,5158.088235294117,0.0,165.95588235294116,72.0,0.0,,N
M000879,,,,,,5268.181818181818,0.0,10.98,,1.0,,Y
M000880,,,,,,4817.613636363637,0.0,9.981818181818182,,1.0,,Y
M000881,,,,,,5178.068181818182,0.0,16.428409090909092,,1.0,,Y
M000882,,,0,Not Graduate,Yes,1794.1176470588234,0.0,81.63235294117646,96.0,0.0,,N
M000883,Male,No,0,Graduate,Yes,6950.0,0.0,175.0,180.0,1.0,Semiurban,Y
M000884,,,,,,1039.7727272727275,0.0,2.4954545454545456,,1.0,,N
M000885,,,,,,1732.9545454545457,0.0,8.318181818181818,,1.0,,Y
M000886,,,3+,Graduate,No,672.7941176470588,0.0,20.63235294117647,192.0,0.0,,Y
M000887,Female,No,0,Not Graduate,No,2720.0,0.0,80.0,,0.0,Urban,N
M000888,,,0,Graduate,No,1046.5686274509803,0.0,28.705882352941174,168.0,0.0,,N
M000889,,,,,,2980.4045454545458,0.0,3.992727272727273,,0.0,,Y
M000890,,,3+,Graduate,Yes,6279.411764705882,0.0,226.05882352941177,24.0,0.0,,Y
M000891,,,2,Not Graduate,No,4709.558823529412,0.0,219.77941176470588,216.0,1.0,,Y
M000892,,,3+,Graduate,No,4036.7647058823527,0.0,176.72058823529412,240.0,0.0,,N
M000893,Male,Yes,0,Graduate,No,2383.0,3334.0,172.0,360.0,1.0,Semiurban,Y
M000894,,,3+,Graduate,Yes,373.77450980392155,0.0,15.25,48.0,0.0,,Y
M000895,,,2,Graduate,No,2242.6470588235293,0.0,62.79411764705882,48.0,0.0,,Y
M000896,,,,,,4713.636363636364,0.0,20.795454545454547,,1.0,,N
M000897,Male,No,0,Graduate,No,8566.0,0.0,210.0,360.0,1.0,Urban,Y
M000898,Male,No,0,Graduate,No,1800.0,1213.0,47.0,360.0,1.0,Urban,Y
M000899,,,,,,7763.636363636365,0.0,4.990909090909091,,1.0,,Y
M000900,,,,,,1081.3636363636365,0.0,3.7431818181818186,,1.0,,N
M000901,Male,No,0,Graduate,No,2014.0,1929.0,74.0,360.0,1.0,Urban,Y
M000902,,,1,Graduate,No,5905.637254901961,0.0,141.73529411764704,96.0,0.0,,Y
M000903,,,3+,Graduate,No,2466.9117647058824,0.0,99.5735294117647,24.0,1.0,,Y
M000904,,,,,,2329.0909090909095,0.0,5.822727272727273,,1.0,,Y
M000905,,,,,,10397.727272727274,0.0,12.477272727272728,,0.0,,Y
M000906,,,,,,5198.863636363637,0.0,12.477272727272728,,1.0,,Y
M000907,,,,,,5198.863636363637,0.0,5.094886363636364,,1.0,,Y
M000908,Male,Yes,0,Graduate,No,9323.0,0.0,75.0,180.0,1.0,Urban,Y
M000909,,,2,Graduate,No,4111.519607843137,0.0,170.44117647058823,48.0,0.0,,Y
M000910,Male,Yes,0,Graduate,No,3075.0,2416.0,139.0,360.0,1.0,Rural,Y
M000911,,,3+,Graduate,Yes,7101.71568627451,0.0,202.73529411764704,168.0,0.0,,N
M000912,,,,,,4852.272727272728,0.0,10.813636363636364,,1.0,,Y
M000913,,,,,,5545.454545454546,0.0,10.397727272727273,,1.0,,Y
M000914,,,,,,1247.7272727272727,0.0,4.471022727272728,,1.0,,N
M000915,,,,,,2079.545454545455,0.0,4.450227272727273,,1.0,,N
M000916,,,3+,Not Graduate,No,4186.274509803921,0.0,167.75,24.0,1.0,,Y
M000917,,,2,Graduate,Yes,6428.92156862745,0.0,287.95588235294116,72.0,1.0,,Y
M000918,Male,Yes,0,Graduate,No,6333.0,4583.0,259.0,360.0,,Semiurban,Y
M000919,,,,,,7486.363636363637,0.0,6.238636363636364,,0.0,,N
M000920,Male,Yes,,Graduate,No,5116.0,1451.0,165.0,360.0,0.0,Urban,N
M000921,,,3+,Graduate,Yes,3064.950980392157,0.0,131.86764705882354,72.0,1.0,,Y
M000922,,,,,,3653.0681818181824,0.0,6.238636363636364,,1.0,,N
M000923,,,,,,5129.545454545455,0.0,17.05227272727273,,1.0,,Y
M000924,,,,,,5822.727272727273,0.0,5.822727272727273,,1.0,,Y
M000925,,,,,,4159.09090909091,0.0,12.477272727272728,,1.0,,Y
M000926,,,3+,Graduate,Yes,3662.990196078431,0.0,153.39705882352942,72.0,0.0,,Y
M000927,,,,,,2392.5170454545455,0.0,4.491818181818182,,1.0,,Y
M000928,Male,No,2,Graduate,No,4354.0,0.0,136.0,360.0,1.0,Rural,Y
M000929,Male,Yes,0,Graduate,No,4817.0,923.0,120.0,180.0,1.0,Urban,Y
M000930,,,,,,8484.545454545456,0.0,5.656363636363637,,1.0,,Y
M000931,Male,Yes,0,Graduate,,63337.0,0.0,490.0,180.0,1.0,Urban,Y
M000932,,,3+,Graduate,Yes,6129.901960784314,0.0,265.52941176470586,120.0,0.0,,N
M000933,,,,,,6585.227272727274,0.0,1.9963636363636366,,1.0,,Y
M000934,,,,,,2495.4545454545455,0.0,4.159090909090909,,1.0,,Y
M000935,,,3+,Not Graduate,Yes,3064.950980392157,0.0,86.11764705882352,120.0,0.0,,N
M000936,,,3+,Not Graduate,Yes,6578.43137254902,0.0,207.22058823529412,192.0,0.0,,N
M000937,,,3+,Not Graduate,No,2018.3823529411764,0.0,54.720588235294116,192.0,1.0,,Y
M000938,,,,,,13517.045454545456,0.0,4.159090909090909,,1.0,,Y
M000939,,,1,Not Graduate,No,2093.1372549019607,0.0,60.10294117647059,144.0,0.0,,N
M000940,,,3+,Not Graduate,No,6428.92156862745,0.0,239.51470588235293,120.0,1.0,,Y
M000941,,,3+,Graduate,No,4560.049019607843,0.0,121.10294117647058,24.0,1.0,,Y
M000942,,,,,,1663.6363636363637,0.0,11.02159090909091,,1.0,,N
M000943,,,1,Not Graduate,No,3887.254901960784,0.0,113.02941176470588,120.0,1.0,,Y
M000944,Female,Yes,0,Graduate,No,4333.0,2451.0,110.0,360.0,1.0,Urban,N
M000945,,,3+,Graduate,No,7251.225490196079,0.0,174.02941176470588,240.0,1.0,,Y
M000946,Female,No,1,Graduate,No,3541.0,0.0,112.0,360.0,,Semiurban,Y
M000947,,,,,,1525.0,0.0,8.318181818181818,,0.0,,N
M000948,,,,,,1178.409090909091,0.0,4.782954545454546,,1.0,,N
M000949,,,,,,1874.0863636363638,0.0,4.159090909090909,,1.0,,Y
M000950,Male,Yes,0,Graduate,No,2439.0,3333.0,129.0,360.0,1.0,Rural,Y
M000951,Male,Yes,2,Graduate,No,3073.0,8106.0,200.0,360.0,1.0,Urban,Y
M000952,,,,,,2946.0227272727275,0.0,4.159090909090909,,1.0,,Y
M000953,,Yes,3+,Graduate,No,51763.0,0.0,700.0,300.0,1.0,Urban,Y
M000954,,,3+,Not Graduate,Yes,4784.313725490197,0.0,165.05882352941177,192.0,0.0,,N
M000955,,,1,Not Graduate,Yes,598.0392156862746,0.0,14.352941176470587,120.0,0.0,,N
M000956,Male,Yes,1,Graduate,No,6083.0,4250.0,330.0,360.0,,Urban,Y
M000957,,,,,,2772.727272727273,0.0,2.0795454545454546,,1.0,,Y
M000958,,,,,,5476.136363636364,0.0,11.645454545454546,,1.0,,Y
M000959,,,3+,Not Graduate,Yes,1868.872549019608,0.0,45.75,240.0,1.0,,Y
M000960,,,0,Not Graduate,Yes,4186.274509803921,0.0,171.33823529411765,168.0,1.0,,Y
M000961,Male,Yes,0,Graduate,No,14683.0,2100.0,304.0,360.0,1.0,Rural,N
M000962,,,3+,Graduate,No,971.813725490196,0.0,26.014705882352942,48.0,0.0,,N
M000963,,,3+,Not Graduate,No,2167.8921568627447,0.0,58.30882352941176,216.0,1.0,,Y
M000964,,,3+,Not Graduate,No,5905.637254901961,0.0,282.5735294117647,240.0,0.0,,N
M000965,Male,No,0,Graduate,No,14999.0,0.0,242.0,360.0,0.0,Semiurban,N
M000966,,,3+,Not Graduate,No,7026.9607843137255,0.0,330.11764705882354,240.0,1.0,,Y
M000967,,,,,,4436.363636363637,0.0,9.981818181818182,,0.0,,N
M000968,Male,Yes,0,Graduate,No,2785.0,2016.0,110.0,360.0,1.0,Rural,Y
M000969,Male,Yes,1,Graduate,Yes,10000.0,0.0,155.0,360.0,1.0,Rural,N
M000970,,,,,,5129.545454545455,0.0,13.30909090909091,,1.0,,Y
M000971,,,2,Graduate,No,1868.872549019608,0.0,73.55882352941177,120.0,0.0,,N
M000972,,,3+,Not Graduate,No,5980.392156862745,0.0,269.11764705882354,168.0,0.0,,N
M000973,Male,Yes,0,Graduate,No,3887.0,2669.0,162.0,360.0,1.0,Semiurban,Y
M000974,Male,Yes,2,Not Graduate,No,4200.0,1430.0,129.0,360.0,1.0,Rural,N
M000975,,,,,,8179.545454545456,0.0,20.795454545454547,,0.0,,N
M000976,Male,Yes,3+,Graduate,No,4281.0,0.0,100.0,360.0,1.0,Urban,Y
M000977,Male,Yes,0,Graduate,No,6250.0,0.0,128.0,360.0,1.0,Semiurban,Y
M000978,,,2,Not Graduate,Yes,4186.274509803921,0.0,149.80882352941177,168.0,1.0,,Y
M000979,,,3+,Not Graduate,No,2466.9117647058824,0.0,83.42647058823529,144.0,0.0,,N
M000980,,,,,,7070.454545454546,0.0,10.189772727272729,,1.0,,Y
M000981,,,0,Not Graduate,No,5980.392156862745,0.0,161.47058823529412,192.0,1.0,,Y
M000982,Male,Yes,3+,Graduate,No,81000.0,0.0,360.0,360.0,0.0,Rural,N
M000983,Male,Yes,1,Graduate,Yes,8666.0,4983.0,376.0,360.0,0.0,Rural,N
M000984,,,1,Not Graduate,Yes,3662.990196078431,0.0,150.70588235294116,144.0,1.0,,Y
M000985,Male,Yes,1,Graduate,No,2014.0,2925.0,113.0,360.0,1.0,Urban,N
M000986,,,3+,Not Graduate,Yes,3064.950980392157,0.0,80.73529411764706,72.0,0.0,,Y
M000987,,,,,,4089.772727272728,0.0,8.318181818181818,,1.0,,N
M000988,Male,Yes,0,Graduate,Yes,9560.0,0.0,191.0,360.0,1.0,Semiurban,Y
M000989,,,,,,5198.863636363637,0.0,5.98909090909091,,1.0,,Y
M000990,,,3+,Not Graduate,No,5905.637254901961,0.0,251.17647058823528,48.0,0.0,,Y
M000991,,,3+,Graduate,Yes,6129.901960784314,0.0,259.25,48.0,0.0,,Y
M000992,Male,No,0,Graduate,No,3858.0,0.0,76.0,360.0,1.0,Semiurban,Y
M000993,Male,No,0,Graduate,No,3660.0,5064.0,187.0,360.0,1.0,Semiurban,Y
M000994,Male,Yes,2,Not Graduate,No,6125.0,1625.0,187.0,480.0,1.0,Semiurban,N
M000995,,,3+,Not Graduate,No,299.0196078431373,0.0,8.970588235294118,120.0,0.0,,N
M000996,Male,Yes,1,Not Graduate,No,4050.0,5302.0,138.0,360.0,,Rural,N
M000997,Male,Yes,0,Not Graduate,No,2400.0,3800.0,,180.0,1.0,Urban,N
M000998,,,2,Graduate,No,2242.6470588235293,0.0,69.07352941176471,144.0,1.0,,Y
M000999,,,0,Graduate,Yes,7026.9607843137255,0.0,268.2205882352941,144.0,0.0,,N
M001000,,,,,,3431.2500000000005,0.0,8.318181818181818,,1.0,,Y
M001001,,,2,Graduate,No,6279.411764705882,0.0,297.8235294117647,168.0,0.0,,N
M001002,Male,Yes,0,Not Graduate,No,2583.0,2358.0,120.0,360.0,1.0,Urban,Y
M001003,,,1,Graduate,Yes,4859.06862745098,0.0,124.69117647058823,96.0,0.0,,N
M001004,,,,,,1480.6363636363637,0.0,6.238636363636364,,1.0,,N
M001005,,Yes,0,Graduate,No,16692.0,0.0,110.0,360.0,1.0,Semiurban,Y
M001006,Male,Yes,3+,Graduate,No,4342.0,189.0,124.0,360.0,1.0,Semiurban,Y
M001007,Male,Yes,2,Graduate,Yes,5417.0,4196.0,267.0,360.0,1.0,Urban,Y
M001008,Male,No,0,Graduate,No,2971.0,2791.0,144.0,360.0,1.0,Semiurban,Y
M001009,,,,,,2460.795454545455,0.0,3.3272727272727276,,1.0,,Y
M001010,Male,No,0,Graduate,No,2526.0,1783.0,145.0,360.0,1.0,Rural,Y
M001011,Male,,,Graduate,No,4758.0,0.0,158.0,480.0,1.0,Semiurban,Y
M001012,Male,No,0,Not Graduate,No,3748.0,1668.0,110.0,360.0,1.0,Semiurban,Y
M001013,Female,No,1,Graduate,,3652.0,0.0,95.0,360.0,1.0,Semiurban,Y
M001014,Male,No,0,Graduate,No,2965.0,5701.0,155.0,60.0,1.0,Urban,Y
M001015,,,2,Graduate,Yes,5905.637254901961,0.0,153.39705882352942,192.0,0.0,,Y
M001016,,,,,,5337.500000000001,0.0,4.990909090909091,,1.0,,Y
M001017,Female,Yes,0,Graduate,No,4583.0,0.0,84.0,360.0,1.0,Rural,N
M001018,,,1,Not Graduate,Yes,2466.9117647058824,0.0,96.88235294117646,24.0,0.0,,Y
M001019,,,,,,2911.3636363636365,0.0,1.6636363636363638,,0.0,,N
M001020,,,,,,3465.9090909090914,0.0,8.318181818181818,,1.0,,Y
M001021,,,2,Graduate,Yes,1196.0784313725492,0.0,34.088235294117645,144.0,0.0,,N
M001022,,,2,Graduate,No,3289.21568627451,0.0,87.91176470588235,216.0,1.0,,Y
M001023,Male,Yes,1,Graduate,Yes,3466.0,1210.0,130.0,360.0,1.0,Rural,Y
M001024,,,3+,Not Graduate,No,1943.627450980392,0.0,72.66176470588235,24.0,0.0,,Y
M001025,,,,,,7971.590909090911,0.0,9.981818181818182,,1.0,,Y
M001026,,,,,,1109.0909090909092,0.0,2.037954545454546,,0.0,,N
M001027,,,,,,4297.727272727273,0.0,10.647272727272728,,0.0,,Y
M001028,,,0,Graduate,No,1420.343137254902,0.0,61.0,48.0,1.0,,Y
M001029,,,3+,Not Graduate,Yes,1046.5686274509803,0.0,30.5,168.0,1.0,,Y
M001030,,Yes,0,Graduate,No,2473.0,1843.0,159.0,360.0,1.0,Rural,N
M001031,,,2,Graduate,No,2466.9117647058824,0.0,61.0,168.0,0.0,,N
M001032,,,,,,2772.727272727273,0.0,14.53602272727273,,1.0,,N
M001033,Male,Yes,0,Graduate,No,14880.0,0.0,96.0,360.0,1.0,Semiurban,Y
M001034,Male,Yes,0,Graduate,Yes,16120.0,0.0,260.0,360.0,1.0,Urban,Y
M001035,,,,,,6931.818181818183,0.0,4.990909090909091,,1.0,,Y
M001036,,,3+,Not Graduate,Yes,3812.5,0.0,122.8970588235294,168.0,0.0,,N
M001037,,,,,,3084.6590909090914,0.0,10.813636363636364,,1.0,,N
M001038,,,3+,Graduate,No,2018.3823529411764,0.0,68.17647058823529,96.0,1.0,,Y
M001039,Male,Yes,2,Graduate,No,6250.0,1695.0,210.0,360.0,1.0,Semiurban,Y
M001040,,,3+,Not Graduate,No,2317.401960784314,0.0,110.33823529411764,216.0,1.0,,Y
M001041,,,,,,2858.3352272727275,0.0,2.4954545454545456,,1.0,,Y
M001042,,,3+,Not Graduate,No,4111.519607843137,0.0,157.88235294117646,96.0,1.0,,Y
M001043,Male,No,0,Not Graduate,No,3200.0,2254.0,126.0,180.0,0.0,Urban,N
M001044,Male,Yes,1,Graduate,,3717.0,2925.0,151.0,360.0,,Semiurban,N
M001045,Male,Yes,2,Graduate,No,11757.0,0.0,187.0,180.0,1.0,Urban,Y
M001046,Male,Yes,0,Graduate,No,6133.0,3906.0,324.0,360.0,1.0,Urban,Y
M001047,,,1,Not Graduate,Yes,3289.21568627451,0.0,95.08823529411764,48.0,0.0,,N
M001048,,,3+,Not Graduate,No,523.2843137254902,0.0,18.838235294117645,168.0,0.0,,Y
M001049,Male,No,0,Graduate,No,2366.0,2531.0,136.0,360.0,1.0,Semiurban,Y
M001050,,,3+,Not Graduate,Yes,1270.8333333333333,0.0,41.26470588235294,144.0,0.0,,N
M001051,,,3+,Graduate,No,4709.558823529412,0.0,130.97058823529412,96.0,0.0,,N
M001052,,,,,,2079.545454545455,0.0,1.2477272727272728,,1.0,,N
M001053,,,,,,17329.545454545456,0.0,8.796477272727273,,1.0,,Y
M001054,,,,,,7801.622727272728,0.0,19.963636363636365,,1.0,,Y
M001055,,,,,,3673.863636363637,0.0,9.15,,0.0,,Y
M001056,Male,Yes,0,Graduate,No,4750.0,2333.0,130.0,360.0,1.0,Urban,Y
M001057,,,,,,3812.5,0.0,3.992727272727273,,1.0,,Y
M001058,,,,,,4159.09090909091,0.0,18.3,,1.0,,N
M001059,,,3+,Graduate,No,1345.5882352941176,0.0,36.779411764705884,144.0,1.0,,Y
M001060,,,2,Graduate,Yes,1345.5882352941176,0.0,49.338235294117645,72.0,0.0,,N
M001061,,,,,,2772.727272727273,0.0,8.318181818181818,,1.0,,Y
M001062,,,,,,2772.727272727273,0.0,13.30909090909091,,1.0,,Y
M001063,,,0,Graduate,Yes,5232.843137254902,0.0,198.25,168.0,0.0,,N
M001064,,,3+,Graduate,Yes,6727.941176470588,0.0,281.6764705882353,24.0,1.0,,Y
M001065,Male,No,0,Graduate,Yes,6822.0,0.0,141.0,360.0,1.0,Rural,Y
M001066,Male,Yes,1,Graduate,Yes,1000.0,3022.0,110.0,360.0,1.0,Urban,N
M001067,Male,Yes,2,Not Graduate,No,4226.0,1040.0,110.0,360.0,1.0,Urban,Y
M001068,,,,,,1871.5909090909092,0.0,0.8318181818181819,,0.0,,N
M001069,Male,Yes,2,Graduate,Yes,17500.0,0.0,400.0,360.0,1.0,Rural,Y
M001070,,,,,,4436.363636363637,0.0,12.477272727272728,,1.0,,N
M001071,Male,Yes,2,Graduate,No,2708.0,1167.0,97.0,360.0,1.0,Semiurban,Y
M001072,,,3+,Not Graduate,Yes,3214.460784313725,0.0,83.42647058823529,120.0,0.0,,N
M001073,Female,No,0,Graduate,No,5000.0,0.0,132.0,360.0,1.0,Rural,Y
M001074,,,3+,Graduate,Yes,3289.21568627451,0.0,147.11764705882354,72.0,0.0,,N
M001075,,,1,Not Graduate,Yes,2242.6470588235293,0.0,53.8235294117647,192.0,0.0,,N
M001076,Male,Yes,3+,Graduate,No,3036.0,2504.0,158.0,360.0,0.0,Semiurban,N
M001077,,,1,Graduate,Yes,4859.06862745098,0.0,132.76470588235293,144.0,0.0,,N
M001078,,,3+,Graduate,Yes,7325.980392156862,0.0,198.25,48.0,0.0,,N
M001079,Male,Yes,1,Graduate,,5250.0,688.0,160.0,360.0,1.0,Rural,Y
M001080,Male,Yes,0,Graduate,No,5821.0,0.0,144.0,360.0,1.0,Urban,Y
M001081,,,,,,1913.1818181818185,0.0,6.238636363636364,,1.0,,Y
M001082,Male,Yes,2,Graduate,No,11417.0,1126.0,225.0,360.0,1.0,Urban,Y
M001083,Male,Yes,0,Graduate,No,2625.0,6250.0,187.0,360.0,1.0,Rural,Y
M001084,,,0,Not Graduate,No,1868.872549019608,0.0,63.69117647058823,120.0,0.0,,Y
M001085,Female,No,1,Graduate,No,3812.0,0.0,112.0,360.0,1.0,Rural,Y
M001086,Male,Yes,3+,Not Graduate,Yes,5703.0,0.0,130.0,360.0,1.0,Rural,Y
M001087,,,1,Not Graduate,Yes,1569.8529411764705,0.0,43.955882352941174,120.0,1.0,,Y
M001088,,,3+,Not Graduate,No,1794.1176470588234,0.0,67.27941176470588,144.0,0.0,,N
M001089,,,0,Not Graduate,Yes,4335.7843137254895,0.0,113.02941176470588,24.0,1.0,,Y
M001090,,,,,,3257.9545454545455,0.0,1.9963636363636366,,0.0,,Y
M001091,,,,,,8179.545454545456,0.0,5.822727272727273,,1.0,,Y
M001092,,,,,,2079.545454545455,0.0,1.2477272727272728,,1.0,,Y
M001093,Male,Yes,2,Graduate,Yes,7948.0,7166.0,480.0,360.0,1.0,Rural,Y
M001094,Male,No,0,Not Graduate,No,3189.0,2598.0,120.0,,1.0,Rural,Y
M001095,,,3+,Graduate,No,822.3039215686275,0.0,25.11764705882353,168.0,0.0,,N
M001096,,,,,,5198.863636363637,0.0,9.15,,1.0,,Y
M001097,Male,No,1,Graduate,No,11250.0,0.0,196.0,360.0,,Semiurban,N
M001098,,,,,,3881.8181818181824,0.0,14.473636363636365,,1.0,,Y
M001099,Male,No,0,Graduate,No,3676.0,4301.0,172.0,360.0,1.0,Rural,Y
M001100,,,3+,Graduate,No,1569.8529411764705,0.0,49.338235294117645,240.0,1.0,,Y
M001101,,,3+,Not Graduate,Yes,4933.823529411765,0.0,226.05882352941177,240.0,0.0,,Y
M001102,,,,,,2329.0909090909095,0.0,4.159090909090909,,1.0,,Y
M001103,Male,Yes,0,Graduate,No,2500.0,3796.0,120.0,360.0,1.0,Urban,Y
M001104,,,,,,2426.136363636364,0.0,1.4972727272727275,,0.0,,Y
M001105,Male,Yes,2,Not Graduate,No,3273.0,1820.0,81.0,360.0,1.0,Urban,Y
M001106,,,1,Graduate,No,3513.4803921568628,0.0,140.83823529411765,48.0,0.0,,Y
M001107,Male,No,1,Not Graduate,Yes,4053.0,2426.0,158.0,360.0,0.0,Urban,N
M001108,,,3+,Not Graduate,Yes,4634.803921568628,0.0,130.97058823529412,24.0,1.0,,Y
M001109,Male,Yes,3+,Graduate,No,5167.0,3167.0,200.0,360.0,1.0,Semiurban,Y
M001110,,,2,Not Graduate,Yes,4933.823529411765,0.0,204.52941176470588,96.0,0.0,,N
M001111,,,3+,Not Graduate,Yes,4933.823529411765,0.0,128.27941176470588,96.0,0.0,,N
M001112,,,3+,Not Graduate,No,822.3039215686275,0.0,35.88235294117647,24.0,0.0,,Y
M001113,,,,,,4505.681818181819,0.0,4.159090909090909,,1.0,,Y
M001114,Male,No,0,Graduate,No,5316.0,0.0,136.0,360.0,1.0,Urban,Y
M001115,Male,Yes,0,Graduate,No,2400.0,0.0,75.0,360.0,,Urban,Y
M001116,Female,No,0,Graduate,No,3692.0,0.0,93.0,360.0,,Rural,Y
M001117,Male,Yes,2,Not Graduate,No,3917.0,0.0,124.0,360.0,1.0,Semiurban,Y
M001118,Female,No,0,Graduate,No,4230.0,0.0,112.0,360.0,1.0,Semiurban,N
M001119,Male,Yes,0,Graduate,No,2768.0,1950.0,155.0,360.0,1.0,Rural,Y
M001120,Male,Yes,3+,Not Graduate,Yes,7100.0,0.0,125.0,60.0,1.0,Urban,Y
M001121,,,3+,Not Graduate,Yes,3812.5,0.0,105.85294117647058,72.0,1.0,,Y
M001122,,,,,,2047.3818181818185,0.0,3.3272727272727276,,1.0,,Y
M001123,Male,Yes,1,Graduate,No,33846.0,0.0,260.0,360.0,1.0,Semiurban,N
M001124,Male,Yes,2,Graduate,Yes,3316.0,3500.0,88.0,360.0,1.0,Urban,Y
M001125,,,2,Not Graduate,No,1569.8529411764705,0.0,42.161764705882355,24.0,0.0,,N
M001126,,,3+,Graduate,Yes,5756.127450980392,0.0,147.11764705882354,24.0,1.0,,Y
M001127,Male,No,0,Graduate,No,2718.0,0.0,70.0,360.0,1.0,Semiurban,Y
M001128,Female,No,0,Graduate,No,3846.0,0.0,111.0,360.0,1.0,Semiurban,Y
M001129,,,,,,2162.727272727273,0.0,2.578636363636364,,1.0,,Y
M001130,Female,No,0,Graduate,No,2138.0,0.0,99.0,360.0,0.0,Semiurban,N
M001131,,,,,,4300.91590909091,0.0,6.654545454545455,,1.0,,Y
M001132,,,3+,Not Graduate,Yes,4560.049019607843,0.0,112.13235294117646,168.0,1.0,,Y
M001133,Male,Yes,0,Graduate,No,3707.0,3166.0,182.0,,1.0,Rural,Y
M001134,Male,Yes,1,Graduate,No,2882.0,1843.0,123.0,480.0,1.0,Semiurban,Y
M001135,Male,Yes,2,Not Graduate,No,4652.0,0.0,110.0,360.0,1.0,Rural,Y
M001136,,,2,Not Graduate,Yes,5830.882352941177,0.0,265.52941176470586,168.0,0.0,,Y
M001137,,,1,Graduate,No,6204.656862745098,0.0,285.2647058823529,192.0,1.0,,Y
M001138,,,,,,1555.5000000000002,0.0,3.951136363636364,,1.0,,Y
M001139,Male,Yes,0,Graduate,No,1977.0,997.0,50.0,360.0,1.0,Semiurban,Y
M001140,,,,,,2079.545454545455,0.0,3.6600000000000006,,1.0,,Y
M001141,,,1,Graduate,No,1943.627450980392,0.0,64.58823529411764,96.0,0.0,,N
M001142,,,,,,10397.727272727274,0.0,12.477272727272728,,1.0,,Y
M001143,Male,Yes,,Graduate,No,13650.0,0.0,,360.0,1.0,Urban,Y
M001144,Male,No,0,Graduate,No,3750.0,0.0,100.0,360.0,1.0,Urban,Y
M001145,Male,Yes,3+,Graduate,Yes,5266.0,1774.0,187.0,360.0,1.0,Semiurban,Y
M001146,,,,,,2426.136363636364,0.0,2.0795454545454546,,1.0,,Y
M001147,,,3+,Graduate,No,5830.882352941177,0.0,256.55882352941177,24.0,1.0,,Y
M001148,,,3+,Not Graduate,Yes,3139.705882352941,0.0,103.16176470588235,72.0,0.0,,Y
M001149,,,,,,3604.5454545454545,0.0,2.0795454545454546,,0.0,,Y
M001150,,,,,,4677.313636363637,0.0,20.795454545454547,,0.0,,N
M001151,,,,,,3431.2500000000005,0.0,2.0795454545454546,,0.0,,Y
M001152,,,3+,Graduate,Yes,1270.8333333333333,0.0,43.955882352941174,192.0,0.0,,Y
M001153,,,3+,Graduate,No,5830.882352941177,0.0,195.55882352941177,96.0,0.0,,N
M001154,Male,Yes,0,Graduate,No,2333.0,2417.0,136.0,360.0,1.0,Urban,Y
M001155,Male,Yes,1,Graduate,No,5500.0,1260.0,170.0,360.0,1.0,Rural,Y
M001156,,,,,,5961.363636363637,0.0,14.972727272727274,,1.0,,N
M001157,Male,Yes,3+,Graduate,No,4333.0,1811.0,160.0,360.0,0.0,Urban,Y
M001158,,,,,,2079.545454545455,0.0,4.159090909090909,,0.0,,N
M001159,Male,Yes,1,Graduate,No,2214.0,1398.0,85.0,360.0,,Urban,Y
M001160,,,,,,5753.686363636364,0.0,2.9113636363636366,,0.0,,Y
M001161,,,3+,Graduate,No,3289.21568627451,0.0,130.97058823529412,48.0,0.0,,Y
M001162,Male,Yes,0,Graduate,No,1809.0,1868.0,90.0,360.0,1.0,Urban,Y
M001163,,,,,,5337.500000000001,0.0,5.98909090909091,,1.0,,N
M001164,,,,,,2426.136363636364,0.0,2.994545454545455,,1.0,,Y
M001165,Male,No,0,Not Graduate,No,3620.0,0.0,25.0,120.0,1.0,Semiurban,Y
M001166,Male,Yes,0,Graduate,No,3500.0,1667.0,114.0,360.0,1.0,Semiurban,Y
M001167,,,,,,2079.545454545455,0.0,2.4954545454545456,,1.0,,N
M001168,,,,,,3812.5,0.0,14.972727272727274,,1.0,,Y
M001169,Male,Yes,2,Graduate,No,3340.0,1710.0,150.0,360.0,0.0,Rural,N
M001170,,,3+,Graduate,Yes,1644.607843137255,0.0,47.54411764705882,24.0,0.0,,N
M001171,,,,,,4505.959090909091,0.0,4.159090909090909,,1.0,,Y
M001172,,,,,,9150.000000000002,0.0,9.316363636363636,,0.0,,Y
M001173,Male,No,0,Graduate,No,5849.0,0.0,,360.0,1.0,Urban,Y
M001174,,,,,,2010.5045454545457,0.0,9.981818181818182,,0.0,,N
M001175,,,3+,Not Graduate,No,5606.617647058823,0.0,196.45588235294116,24.0,0.0,,Y
M001176,,,3+,Graduate,Yes,1495.0980392156862,0.0,64.58823529411764,120.0,1.0,,Y
M001177,,,3+,Graduate,Yes,3887.254901960784,0.0,136.35294117647058,192.0,1.0,,Y
M001178,Female,Yes,2,Graduate,No,1378.0,1881.0,167.0,360.0,1.0,Urban,N
M001179,,,2,Not Graduate,Yes,3962.0098039215686,0.0,110.33823529411764,168.0,0.0,,N
M001180,,,3+,Graduate,No,5232.843137254902,0.0,194.66176470588235,168.0,1.0,,Y
M001181,,,,,,2634.090909090909,0.0,12.477272727272728,,1.0,,Y
M001182,,,3+,Not Graduate,No,1121.3235294117646,0.0,49.338235294117645,192.0,1.0,,Y
M001183,,,3+,Not Graduate,Yes,2242.6470588235293,0.0,73.55882352941177,192.0,1.0,,Y
M001184,,,3+,Not Graduate,Yes,4335.7843137254895,0.0,149.80882352941177,192.0,1.0,,Y
M001185,,,0,Not Graduate,No,4709.558823529412,0.0,119.30882352941175,24.0,1.0,,Y
M001186,,,,,,2356.818181818182,0.0,1.9963636363636366,,1.0,,Y
M001187,,,,,,2079.545454545455,0.0,6.654545454545455,,0.0,,Y
M001188,Female,No,0,Graduate,Yes,7441.0,0.0,194.0,360.0,1.0,Rural,N
M001189,,,,,,1663.6363636363637,0.0,4.990909090909091,,1.0,,Y
M001190,,,,,,4439.760227272728,0.0,16.636363636363637,,1.0,,Y
M001191,,,,,,13170.454545454548,0.0,16.636363636363637,,1.0,,Y
M001192,Male,,,Graduate,No,3816.0,754.0,160.0,360.0,1.0,Urban,Y
M001193,,,3+,Not Graduate,Yes,1121.3235294117646,0.0,45.75,168.0,1.0,,Y
M001194,,,3+,Not Graduate,Yes,7325.980392156862,0.0,208.11764705882354,120.0,0.0,,N
M001195,,,0,Not Graduate,Yes,6279.411764705882,0.0,244.0,120.0,0.0,,N
M001196,Male,Yes,0,Not Graduate,Yes,2609.0,3449.0,165.0,180.0,0.0,Rural,N
M001197,,,2,Not Graduate,No,6279.411764705882,0.0,219.77941176470588,72.0,0.0,,Y
M001198,,,,,,1663.6363636363637,0.0,1.4972727272727275,,1.0,,Y
M001199,Male,Yes,0,Graduate,No,7578.0,1010.0,175.0,,1.0,Semiurban,Y
M001200,Female,Yes,0,Graduate,No,2330.0,4486.0,100.0,360.0,1.0,Semiurban,Y
M001201,,,3+,Not Graduate,No,448.52941176470586,0.0,10.76470588235294,168.0,0.0,,N
M001202,Male,No,1,Graduate,No,3062.0,1987.0,111.0,180.0,0.0,Urban,N
M001203,,,,,,5892.045454545455,0.0,5.198863636363637,,1.0,,Y
M001204,,,0,Graduate,No,3289.21568627451,0.0,96.88235294117646,168.0,0.0,,N
M001205,,,,,,5891.768181818183,0.0,2.0795454545454546,,1.0,,Y
M001206,,,,,,6446.59090909091,0.0,8.318181818181818,,1.0,,Y
M001207,,,,,,6100.0,0.0,20.795454545454547,,0.0,,N
M001208,,,2,Graduate,Yes,3289.21568627451,0.0,89.70588235294117,240.0,0.0,,N
M001209,Male,Yes,1,Graduate,No,12841.0,10968.0,349.0,360.0,1.0,Semiurban,N
M001210,Male,No,1,Not Graduate,Yes,2769.0,1542.0,190.0,360.0,,Semiurban,N
M001211,,,0,Graduate,No,2317.401960784314,0.0,99.5735294117647,96.0,0.0,,N
M001212,Female,No,3+,Graduate,No,3083.0,0.0,255.0,360.0,1.0,Rural,Y
M001213,,,3+,Not Graduate,No,3214.460784313725,0.0,113.02941176470588,216.0,0.0,,N
M001214,Male,Yes,0,Graduate,No,5488.0,0.0,125.0,360.0,1.0,Rural,Y
M001215,,,2,Not Graduate,No,5232.843137254902,0.0,181.20588235294116,96.0,1.0,,Y
M001216,,,3+,Not Graduate,No,5307.598039215686,0.0,178.51470588235293,168.0,1.0,,Y
M001217,,,,,,1386.3636363636365,0.0,1.6636363636363638,,1.0,,N
M001218,,,,,,3322.2818181818184,0.0,4.990909090909091,,1.0,,Y
M001219,,Yes,0,Graduate,Yes,2083.0,4083.0,160.0,360.0,,Semiurban,Y
M001220,,,3+,Not Graduate,No,6354.166666666667,0.0,209.91176470588235,192.0,0.0,,Y
M001221,,,3+,Not Graduate,No,1046.5686274509803,0.0,26.91176470588235,72.0,1.0,,Y
M001222,,,0,Graduate,No,2541.6666666666665,0.0,84.32352941176471,72.0,1.0,,Y
M001223,Female,No,0,Graduate,No,3159.0,0.0,100.0,360.0,1.0,Semiurban,Y
M001224,,,0,Graduate,Yes,598.0392156862746,0.0,19.735294117647058,240.0,1.0,,Y
M001225,,,,,,2634.090909090909,0.0,5.323636363636364,,1.0,,N
M001226,,,2,Graduate,Yes,2541.6666666666665,0.0,92.3970588235294,48.0,1.0,,Y
M001227,,,2,Not Graduate,No,7176.470588235294,0.0,279.88235294117646,144.0,0.0,,Y
M001228,Male,Yes,3+,Graduate,No,6417.0,0.0,157.0,180.0,1.0,Rural,Y
M001229,,,3+,Not Graduate,Yes,5307.598039215686,0.0,219.77941176470588,168.0,0.0,,Y
M001230,,,0,Graduate,Yes,1794.1176470588234,0.0,52.92647058823529,168.0,0.0,,N
M001231,,,,,,2911.3636363636365,0.0,3.992727272727273,,1.0,,Y
M001232,,,,,,2876.427272727273,0.0,5.98909090909091,,1.0,,Y
M001233,,,3+,Graduate,No,5083.333333333333,0.0,173.13235294117646,72.0,1.0,,Y
M001234,,,0,Graduate,No,2167.8921568627447,0.0,69.97058823529412,96.0,0.0,,N
M001235,Male,Yes,2,Graduate,Yes,9323.0,7873.0,380.0,300.0,1.0,Rural,Y
M001236,,,3+,Graduate,Yes,3588.235294117647,0.0,103.16176470588235,144.0,0.0,,N
M001237,,,,,,2578.636363636364,0.0,12.477272727272728,,1.0,,N
M001238,Male,Yes,1,Graduate,No,3875.0,0.0,67.0,360.0,1.0,Urban,N
M001239,,,3+,Not Graduate,No,1719.362745098039,0.0,51.13235294117647,216.0,0.0,,N
M001240,,,0,Not Graduate,Yes,6578.43137254902,0.0,267.3235294117647,96.0,0.0,,N
M001241,,,2,Graduate,Yes,3962.0098039215686,0.0,98.67647058823529,168.0,0.0,,N
M001242,,,0,Graduate,Yes,2018.3823529411764,0.0,87.01470588235294,240.0,0.0,,Y
M001243,,,2,Graduate,Yes,1719.362745098039,0.0,49.338235294117645,192.0,0.0,,Y
M001244,,,,,,1663.6363636363637,0.0,3.3272727272727276,,1.0,,Y
M001245,,,,,,2495.4545454545455,0.0,3.7431818181818186,,0.0,,Y
M001246,,,,,,7971.590909090911,0.0,12.477272727272728,,0.0,,Y
M001247,,,,,,1869.927272727273,0.0,7.486363636363637,,1.0,,N
M001248,,,,,,8664.772727272728,0.0,8.318181818181818,,1.0,,Y
M001249,,,,,,6585.227272727274,0.0,5.98909090909091,,0.0,,Y
M001250,,,3+,Not Graduate,Yes,2392.1568627450984,0.0,99.5735294117647,72.0,1.0,,Y
M001251,,,3+,Not Graduate,Yes,5606.617647058823,0.0,220.67647058823528,96.0,1.0,,Y
M001252,Male,Yes,3+,Not Graduate,Yes,3333.0,2166.0,130.0,360.0,,Semiurban,Y
M001253,,,1,Not Graduate,Yes,6727.941176470588,0.0,305.0,192.0,1.0,,Y
M001254,,,3+,Graduate,No,5382.35294117647,0.0,158.77941176470588,48.0,1.0,,Y
M001255,,,1,Graduate,Yes,4335.7843137254895,0.0,174.92647058823528,240.0,0.0,,N
M001256,,,1,Not Graduate,No,4485.294117647059,0.0,179.41176470588235,144.0,0.0,,Y
M001257,,,,,,9357.954545454546,0.0,8.318181818181818,,1.0,,Y
M001258,Male,Yes,0,Graduate,No,3366.0,2200.0,135.0,360.0,1.0,Rural,N
M001259,Male,Yes,0,Graduate,Yes,3459.0,0.0,25.0,120.0,1.0,Semiurban,Y
M001260,,,3+,Not Graduate,No,3962.0098039215686,0.0,182.10294117647058,48.0,1.0,,Y
M001261,,,2,Graduate,No,7251.225490196079,0.0,178.51470588235293,192.0,0.0,,N
M001262,,,,,,2356.818181818182,0.0,2.4954545454545456,,1.0,,N
M001263,,,3+,Graduate,No,3363.970588235294,0.0,151.60294117647058,216.0,1.0,,Y
M001264,,,3+,Not Graduate,No,5531.862745098038,0.0,210.80882352941177,24.0,0.0,,Y
M001265,Male,Yes,0,Not Graduate,No,3814.0,1483.0,124.0,300.0,1.0,Semiurban,Y
M001266,,,,,,2412.2727272727275,0.0,5.822727272727273,,0.0,,Y
M001267,Male,Yes,2,Not Graduate,No,3083.0,2168.0,126.0,360.0,1.0,Urban,Y
M001268,Male,No,0,Not Graduate,No,2346.0,1600.0,132.0,360.0,1.0,Semiurban,Y
M001269,,,3+,Graduate,Yes,4410.5392156862745,0.0,139.94117647058823,24.0,1.0,,Y
M001270,,,1,Graduate,No,1794.1176470588234,0.0,79.83823529411764,96.0,1.0,,Y
M001271,,,3+,Graduate,Yes,3588.235294117647,0.0,88.80882352941177,168.0,1.0,,Y
M001272,,,,,,7971.590909090911,0.0,4.990909090909091,,1.0,,Y
M001273,Male,Yes,2,Graduate,Yes,16525.0,1014.0,150.0,360.0,1.0,Rural,Y
M001274,,,,,,1732.9545454545457,0.0,5.822727272727273,,0.0,,Y
M001275,,,,,,3985.7954545454554,0.0,3.3272727272727276,,1.0,,Y
M001276,,,,,,2703.409090909091,0.0,4.658181818181818,,0.0,,N
M001277,,,0,Graduate,Yes,747.5490196078431,0.0,25.11764705882353,144.0,0.0,,Y
M001278,Male,Yes,3+,Not Graduate,No,3522.0,0.0,81.0,180.0,1.0,Rural,N
M001279,,,2,Not Graduate,Yes,1794.1176470588234,0.0,48.44117647058823,144.0,1.0,,Y
M001280,Male,No,0,Graduate,No,4166.0,7210.0,184.0,360.0,1.0,Urban,Y
M001281,,,3+,Not Graduate,No,2392.1568627450984,0.0,90.60294117647058,72.0,1.0,,Y
M001282,Male,Yes,0,Graduate,No,2958.0,2900.0,131.0,360.0,1.0,Semiurban,Y
M001283,,,,,,4089.772727272728,0.0,9.981818181818182,,1.0,,N
M001284,,,3+,Not Graduate,No,4859.06862745098,0.0,209.01470588235293,144.0,1.0,,Y
M001285,,,3+,Not Graduate,No,6727.941176470588,0.0,307.69117647058823,120.0,1.0,,Y
M001286,,,,,,13031.818181818182,0.0,16.636363636363637,,1.0,,N
M001287,,,,,,6931.818181818183,0.0,19.963636363636365,,1.0,,Y
M001288,,,1,Graduate,Yes,4784.313725490197,0.0,147.11764705882354,240.0,0.0,,Y
M001289,,,3+,Not Graduate,No,3363.970588235294,0.0,155.19117647058823,216.0,1.0,,Y
M001290,,,,,,4505.681818181819,0.0,8.318181818181818,,1.0,,Y
M001291,,,,,,6931.818181818183,0.0,8.318181818181818,,1.0,,Y
M001292,Male,No,0,Graduate,No,6283.0,4416.0,209.0,360.0,0.0,Rural,N
M001293,Female,No,3+,Not Graduate,No,1830.0,0.0,,360.0,0.0,Urban,N
M001294,,,3+,Not Graduate,No,5681.372549019608,0.0,271.80882352941177,144.0,0.0,,N
M001295,Male,No,0,Not Graduate,No,1442.0,0.0,35.0,360.0,1.0,Urban,N
M001296,,,3+,Graduate,Yes,2392.1568627450984,0.0,114.8235294117647,216.0,1.0,,Y
M001297,,,,,,1940.6318181818183,0.0,8.318181818181818,,1.0,,N
M001298,,,,,,2883.636363636364,0.0,6.654545454545455,,1.0,,Y
M001299,,,3+,Graduate,No,3962.0098039215686,0.0,183.8970588235294,192.0,1.0,,Y
M001300,Male,Yes,2,Graduate,No,8000.0,0.0,200.0,360.0,1.0,Semiurban,Y
M001301,,,,,,3465.9090909090914,0.0,14.972727272727274,,1.0,,Y
M001302,,,0,Graduate,No,1345.5882352941176,0.0,48.44117647058823,192.0,0.0,,Y
M001303,,,3+,Not Graduate,No,1943.627450980392,0.0,72.66176470588235,144.0,0.0,,N
M001304,,,,,,2703.409090909091,0.0,4.658181818181818,,1.0,,Y
M001305,,,0,Not Graduate,No,747.5490196078431,0.0,19.735294117647058,144.0,0.0,,N
M001306,Male,Yes,1,Not Graduate,No,5333.0,1131.0,186.0,360.0,,Urban,Y
M001307,,,3+,Not Graduate,No,4186.274509803921,0.0,188.38235294117646,144.0,0.0,,Y
M001308,,,3+,Not Graduate,No,5606.617647058823,0.0,253.8676470588235,144.0,0.0,,N
M001309,,,3+,Graduate,Yes,523.2843137254902,0.0,23.323529411764707,216.0,0.0,,N
M001310,Female,No,0,Not Graduate,No,2165.0,0.0,70.0,360.0,1.0,Semiurban,Y
M001311,,,0,Not Graduate,No,5606.617647058823,0.0,163.26470588235293,72.0,1.0,,Y
M001312,,,0,Not Graduate,Yes,1046.5686274509803,0.0,33.19117647058823,48.0,1.0,,Y
M001313,Male,Yes,1,Graduate,No,3155.0,1779.0,140.0,360.0,1.0,Semiurban,Y
M001314,,,3+,Graduate,No,1046.5686274509803,0.0,27.808823529411764,168.0,0.0,,Y
M001315,,,,,,5905.909090909092,0.0,6.654545454545455,,1.0,,Y
M001316,,,,,,5545.454545454546,0.0,9.981818181818182,,1.0,,Y
M001317,,,1,Not Graduate,Yes,6802.696078431372,0.0,211.70588235294116,240.0,0.0,,N
M001318,,,,,,16289.772727272728,0.0,23.290909090909093,,1.0,,Y
M001319,,,,,,5545.454545454546,0.0,11.645454545454546,,0.0,,Y
M001320,,,,,,6238.636363636364,0.0,3.3272727272727276,,1.0,,Y
M001321,,,3+,Not Graduate,Yes,3513.4803921568628,0.0,105.85294117647058,48.0,0.0,,Y
M001322,,,1,Not Graduate,No,1943.627450980392,0.0,72.66176470588235,144.0,1.0,,Y
M001323,,,3+,Not Graduate,Yes,2093.1372549019607,0.0,75.35294117647058,120.0,0.0,,N
M001324,Male,Yes,2,Graduate,No,3800.0,3600.0,216.0,360.0,0.0,Urban,N
M001325,,,,,,4852.272727272728,0.0,5.926704545454546,,1.0,,Y
M001326,Female,No,0,Graduate,No,2378.0,0.0,9.0,360.0,1.0,Urban,N
M001327,,,3+,Not Graduate,No,4111.519607843137,0.0,111.23529411764706,96.0,0.0,,Y
M001328,,,3+,Not Graduate,Yes,5232.843137254902,0.0,215.2941176470588,168.0,0.0,,N
M001329,,,3+,Not Graduate,Yes,2018.3823529411764,0.0,78.04411764705883,240.0,1.0,,Y
M001330,,,3+,Not Graduate,No,5083.333333333333,0.0,161.47058823529412,144.0,1.0,,Y
M001331,,,3+,Not Graduate,No,1196.0784313725492,0.0,45.75,96.0,1.0,,Y
M001332,,,,,,3812.5,0.0,5.822727272727273,,1.0,,N
M001333,,,,,,65713.63636363637,0.0,1.6636363636363638,,1.0,,Y
M001334,,,,,,3119.318181818182,0.0,5.406818181818182,,0.0,,Y
M001335,,,3+,Not Graduate,No,4933.823529411765,0.0,155.19117647058823,168.0,1.0,,Y
M001336,,,,,,8205.470454545455,0.0,2.9113636363636366,,1.0,,Y
M001337,,,3+,Not Graduate,No,5158.088235294117,0.0,153.39705882352942,48.0,1.0,,Y
M001338,,,3+,Graduate,Yes,6653.186274509803,0.0,258.35294117647055,72.0,1.0,,Y
M001339,,,2,Not Graduate,Yes,4560.049019607843,0.0,200.0441176470588,120.0,1.0,,Y
M001340,Male,No,0,Graduate,Yes,7085.0,0.0,84.0,360.0,1.0,Semiurban,Y
M001341,Male,No,0,Graduate,Yes,5166.0,0.0,128.0,360.0,1.0,Semiurban,Y
M001342,Male,No,0,Graduate,No,3750.0,0.0,113.0,480.0,1.0,Urban,N
M001343,,,,,,2251.731818181818,0.0,5.198863636363637,,1.0,,N
M001344,Male,Yes,0,Graduate,No,7333.0,8333.0,175.0,300.0,,Rural,Y
M001345,Male,Yes,2,Graduate,No,3276.0,484.0,135.0,360.0,,Semiurban,Y
M001346,Male,Yes,2,Graduate,No,2045.0,1619.0,101.0,360.0,1.0,Rural,Y
M001347,,,3+,Not Graduate,No,672.7941176470588,0.0,23.323529411764707,24.0,0.0,,Y
M001348,,,,,,2772.727272727273,0.0,0.8318181818181819,,1.0,,Y
M001349,,,,,,3188.636363636364,0.0,16.428409090909092,,0.0,,N
M001350,,,,,,2218.1818181818185,0.0,6.654545454545455,,1.0,,Y
M001351,Male,No,0,Not Graduate,No,3833.0,0.0,110.0,360.0,1.0,Rural,Y
M001352,Male,Yes,3+,Graduate,No,3029.0,0.0,99.0,360.0,1.0,Urban,Y
M001353,,,2,Graduate,Yes,4111.519607843137,0.0,194.66176470588235,24.0,0.0,,Y
M001354,,,3+,Graduate,No,448.52941176470586,0.0,14.352941176470587,240.0,1.0,,Y
M001355,,,,,,3812.5,0.0,2.0795454545454546,,1.0,,Y
M001356,,,,,,4852.272727272728,0.0,17.05227272727273,,0.0,,Y
M001357,Male,Yes,0,Graduate,No,14583.0,0.0,436.0,360.0,1.0,Semiurban,Y
M001358,Male,Yes,0,Graduate,No,1828.0,1330.0,100.0,,0.0,Urban,N
M001359,,,,,,3913.773863636364,0.0,4.491818181818182,,0.0,,Y
M001360,,,3+,Not Graduate,No,4335.7843137254895,0.0,114.8235294117647,24.0,1.0,,Y
M001361,,,,,,1940.9090909090912,0.0,5.926704545454546,,1.0,,Y
M001362,,,,,,2599.4318181818185,0.0,5.822727272727273,,1.0,,Y
M001363,,,3+,Graduate,Yes,897.0588235294117,0.0,43.05882352941176,24.0,1.0,,Y
M001364,,,,,,2287.5000000000005,0.0,0.8318181818181819,,1.0,,Y
M001365,,,2,Not Graduate,Yes,2616.421568627451,0.0,107.6470588235294,168.0,0.0,,N
M001366,Male,No,0,Graduate,No,12000.0,0.0,164.0,360.0,1.0,Semiurban,N
M001367,,,3+,Not Graduate,No,2616.421568627451,0.0,91.5,144.0,0.0,,N
M001368,Male,Yes,0,Graduate,No,4301.0,0.0,118.0,360.0,1.0,Urban,Y
M001369,,,2,Not Graduate,No,1121.3235294117646,0.0,34.088235294117645,48.0,1.0,,Y
M001370,,,3+,Not Graduate,Yes,3513.4803921568628,0.0,156.98529411764704,96.0,0.0,,Y
M001371,,,,,,2495.4545454545455,0.0,4.699772727272728,,0.0,,Y
M001372,,,,,,5198.863636363637,0.0,4.491818181818182,,1.0,,Y
M001373,,,3+,Not Graduate,No,2018.3823529411764,0.0,62.79411764705882,48.0,0.0,,N
M001374,Male,Yes,0,Not Graduate,No,6096.0,0.0,218.0,360.0,0.0,Rural,N
M001375,,,2,Not Graduate,Yes,4261.029411764705,0.0,183.8970588235294,240.0,0.0,,Y
M001376,,,2,Graduate,No,2167.8921568627447,0.0,94.19117647058823,240.0,1.0,,Y
M001377,,,,,,12844.659090909092,0.0,29.113636363636367,,0.0,,N
M001378,,,2,Graduate,No,4410.5392156862745,0.0,125.58823529411764,96.0,0.0,,Y
M001379,Male,No,0,Graduate,,5050.0,0.0,118.0,360.0,1.0,Semiurban,Y
M001380,Male,Yes,2,Graduate,Yes,1600.0,20000.0,239.0,360.0,1.0,Urban,N
M001381,,,,,,9981.818181818182,0.0,4.990909090909091,,1.0,,Y
M001382,,,3+,Not Graduate,No,3289.21568627451,0.0,94.19117647058823,216.0,1.0,,Y
M001383,Female,Yes,1,Graduate,No,12000.0,0.0,496.0,360.0,1.0,Semiurban,Y
M001384,,,,,,5046.363636363637,0.0,1.9131818181818183,,1.0,,Y
M001385,Male,Yes,0,Graduate,No,5695.0,4167.0,175.0,360.0,1.0,Semiurban,Y
M001386,,,3+,Not Graduate,Yes,6129.901960784314,0.0,241.30882352941177,240.0,0.0,,N
M001387,,,,,,10952.272727272728,0.0,16.636363636363637,,1.0,,Y
M001388,,,,,,3188.636363636364,0.0,8.318181818181818,,1.0,,N
M001389,,,1,Graduate,Yes,149.50980392156865,0.0,4.485294117647059,240.0,1.0,,Y
M001390,Male,Yes,1,Graduate,Yes,2895.0,0.0,95.0,360.0,1.0,Semiurban,Y
M001391,,,3+,Not Graduate,Yes,2466.9117647058824,0.0,113.92647058823529,192.0,0.0,,Y
M001392,,,,,,1830.0000000000002,0.0,3.951136363636364,,1.0,,Y
M001393,Male,Yes,2,Graduate,,2500.0,1840.0,109.0,360.0,1.0,Urban,Y
M001394,Female,No,0,Graduate,No,3180.0,0.0,71.0,360.0,0.0,Urban,N
M001395,Male,Yes,0,Graduate,No,20667.0,0.0,,360.0,1.0,Rural,N
M001396,,,2,Not Graduate,No,7325.980392156862,0.0,205.42647058823528,120.0,1.0,,Y
M001397,,,3+,Not Graduate,Yes,1495.0980392156862,0.0,61.89705882352941,72.0,1.0,,Y
M001398,,,,,,1202.809090909091,0.0,1.8715909090909093,,0.0,,Y
M001399,,,2,Graduate,Yes,5756.127450980392,0.0,176.72058823529412,168.0,1.0,,Y
M001400,,,,,,6515.909090909091,0.0,8.318181818181818,,1.0,,Y
M001401,,,,,,13170.454545454548,0.0,12.477272727272728,,1.0,,Y
M001402,,,2,Graduate,No,2691.176470588235,0.0,108.54411764705883,168.0,0.0,,N
M001403,,,0,Graduate,No,7101.71568627451,0.0,202.73529411764704,72.0,1.0,,Y
M001404,Male,Yes,0,Graduate,No,4583.0,5625.0,255.0,360.0,1.0,Semiurban,Y
M001405,,,3+,Graduate,Yes,7251.225490196079,0.0,202.73529411764704,192.0,0.0,,N
M001406,,,,,,2772.727272727273,0.0,3.992727272727273,,1.0,,Y
M001407,Male,Yes,3+,Graduate,No,5250.0,0.0,94.0,360.0,1.0,Urban,N
M001408,Male,Yes,,Graduate,Yes,5503.0,4490.0,70.0,,1.0,Semiurban,Y
M001409,,,,,,2262.545454545455,0.0,3.7431818181818186,,1.0,,Y
M001410,,,3+,Graduate,No,2466.9117647058824,0.0,105.85294117647058,192.0,1.0,,Y
M001411,Male,Yes,3+,Graduate,No,3466.0,3428.0,150.0,360.0,1.0,Rural,Y
M001412,,,,,,6100.0,0.0,11.645454545454546,,1.0,,Y
M001413,,,3+,Not Graduate,Yes,3064.950980392157,0.0,111.23529411764706,96.0,0.0,,N
M001414,,,3+,Graduate,Yes,5756.127450980392,0.0,218.88235294117646,96.0,0.0,,N
M001415,,,,,,1081.3636363636365,0.0,4.159090909090909,,1.0,,N
M001416,,,0,Not Graduate,No,1420.343137254902,0.0,58.30882352941176,120.0,0.0,,N
M001417,,,2,Not Graduate,No,6653.186274509803,0.0,159.67647058823528,240.0,0.0,,Y
M001418,,,3+,Not Graduate,Yes,1794.1176470588234,0.0,77.1470588235294,96.0,0.0,,N
M001419,,,,,,3465.9090909090914,0.0,2.4954545454545456,,1.0,,Y
M001420,,,,,,3985.7954545454554,0.0,4.159090909090909,,1.0,,Y
M001421,Male,No,0,Graduate,No,2500.0,0.0,55.0,360.0,1.0,Semiurban,Y
M001422,Male,Yes,0,Not Graduate,No,2600.0,1911.0,116.0,360.0,0.0,Semiurban,N
M001423,Male,Yes,2,Graduate,No,8333.0,3167.0,165.0,360.0,1.0,Rural,Y
M001424,,,3+,Graduate,No,5083.333333333333,0.0,195.55882352941177,120.0,0.0,,Y
M001425,,,0,Graduate,Yes,7026.9607843137255,0.0,179.41176470588235,72.0,0.0,,N
M001426,,,,,,4852.272727272728,0.0,6.654545454545455,,0.0,,Y
M001427,Male,Yes,3+,Not Graduate,No,2647.0,1587.0,173.0,360.0,1.0,Rural,N
M001428,Male,No,0,Graduate,No,6500.0,0.0,105.0,360.0,0.0,Rural,N
M001429,Female,No,0,Graduate,Yes,2500.0,0.0,93.0,360.0,,Urban,Y
M001430,Male,Yes,0,Graduate,No,3727.0,1775.0,131.0,360.0,1.0,Semiurban,Y
M001431,,,2,Graduate,No,5232.843137254902,0.0,214.3970588235294,216.0,0.0,,Y
M001432,,,0,Not Graduate,No,6503.676470588235,0.0,270.9117647058823,120.0,0.0,,N
M001433,,,,,,6238.636363636364,0.0,20.795454545454547,,0.0,,N
M001434,,,2,Graduate,No,2541.6666666666665,0.0,115.72058823529412,168.0,1.0,,Y
M001435,,,,,,3711.5727272727277,0.0,1.4972727272727275,,0.0,,Y
M001436,Male,No,0,Graduate,No,4133.0,0.0,122.0,360.0,1.0,Semiurban,Y
M001437,,,3+,Not Graduate,Yes,3962.0098039215686,0.0,95.98529411764706,144.0,1.0,,Y
M001438,,,2,Not Graduate,Yes,1569.8529411764705,0.0,61.0,144.0,1.0,,Y
M001439,,,2,Not Graduate,No,1495.0980392156862,0.0,38.5735294117647,192.0,0.0,,N
M001440,,,,,,10744.318181818182,0.0,20.795454545454547,,1.0,,Y
M001441,,,3+,Not Graduate,Yes,3737.745098039216,0.0,104.05882352941177,192.0,0.0,,N
M001442,,,3+,Not Graduate,Yes,2466.9117647058824,0.0,69.97058823529412,96.0,0.0,,N
M001443,,,,,,2772.727272727273,0.0,4.159090909090909,,1.0,,Y
M001444,,,3+,Graduate,No,7026.9607843137255,0.0,298.7205882352941,216.0,0.0,,N
M001445,Male,Yes,2,Not Graduate,No,2281.0,0.0,113.0,360.0,1.0,Rural,N
M001446,,,1,Graduate,No,7251.225490196079,0.0,212.60294117647058,72.0,1.0,,Y
M001447,,,,,,3327.2727272727275,0.0,7.486363636363637,,1.0,,Y
M001448,,,,,,2828.1818181818185,0.0,14.182500000000003,,0.0,,Y
M001449,,,3+,Graduate,Yes,1046.5686274509803,0.0,24.220588235294116,192.0,0.0,,N
M001450,Male,Yes,2,Graduate,No,6540.0,0.0,205.0,360.0,1.0,Semiurban,Y
M001451,,,3+,Graduate,No,5606.617647058823,0.0,204.52941176470588,192.0,0.0,,N
M001452,,,3+,Graduate,Yes,5457.107843137255,0.0,164.16176470588235,96.0,0.0,,N
M001453,,,3+,Graduate,No,2317.401960784314,0.0,76.25,144.0,0.0,,N
M001454,,,,,,2079.545454545455,0.0,3.7431818181818186,,1.0,,Y
M001455,,,3+,Graduate,No,5830.882352941177,0.0,148.91176470588235,240.0,1.0,,Y
M001456,Male,Yes,1,Graduate,No,18333.0,0.0,500.0,360.0,1.0,Urban,N
M001457,Female,Yes,0,Graduate,No,4180.0,2306.0,182.0,360.0,1.0,Semiurban,Y
M001458,,,3+,Graduate,Yes,2765.931372549019,0.0,89.70588235294117,240.0,1.0,,Y
M001459,,,3+,Graduate,Yes,4186.274509803921,0.0,116.61764705882352,48.0,1.0,,Y
M001460,,,0,Graduate,No,2242.6470588235293,0.0,72.66176470588235,72.0,1.0,,Y
M001461,Male,Yes,2,Graduate,No,3283.0,2035.0,148.0,360.0,1.0,Urban,Y
M001462,,,1,Not Graduate,No,224.26470588235293,0.0,10.76470588235294,48.0,0.0,,Y
M001463,,,,,,1663.6363636363637,0.0,2.4954545454545456,,1.0,,Y
M001464,,,,,,2946.0227272727275,0.0,9.857045454545455,,0.0,,N
M001465,,,,,,3812.5,0.0,8.318181818181818,,1.0,,Y
M001466,,,3+,Graduate,No,4859.06862745098,0.0,143.52941176470588,168.0,0.0,,N
M001467,,,3+,Not Graduate,Yes,3289.21568627451,0.0,110.33823529411764,96.0,0.0,,Y
M001468,Female,Yes,0,Graduate,No,3167.0,2283.0,154.0,360.0,1.0,Semiurban,Y
M001469,,,3+,Not Graduate,Yes,4933.823529411765,0.0,143.52941176470588,144.0,1.0,,Y
M001470,,,,,,3119.318181818182,0.0,1.2477272727272728,,1.0,,Y
M001471,,,3+,Not Graduate,Yes,822.3039215686275,0.0,31.39705882352941,144.0,0.0,,N
M001472,,,3+,Graduate,No,5830.882352941177,0.0,255.66176470588235,48.0,1.0,,Y
M001473,Female,No,0,Graduate,No,10408.0,0.0,259.0,360.0,1.0,Urban,Y
M001474,,,1,Graduate,No,5382.35294117647,0.0,204.52941176470588,24.0,0.0,,Y
M001475,,,,,,2010.5045454545457,0.0,8.318181818181818,,1.0,,Y
M001476,,,2,Not Graduate,No,3588.235294117647,0.0,95.08823529411764,96.0,0.0,,Y
M001477,Male,Yes,0,Graduate,No,19730.0,5266.0,570.0,360.0,1.0,Rural,N
M001478,Female,No,0,Graduate,,3418.0,0.0,135.0,360.0,1.0,Rural,N
M001479,,,3+,Graduate,No,672.7941176470588,0.0,20.63235294117647,192.0,0.0,,N
M001480,,,3+,Graduate,Yes,5232.843137254902,0.0,235.02941176470588,144.0,1.0,,Y
M001481,,,3+,Graduate,No,1345.5882352941176,0.0,62.79411764705882,168.0,1.0,,Y
M001482,,,1,Graduate,No,1046.5686274509803,0.0,46.64705882352941,144.0,1.0,,Y
M001483,Male,Yes,1,Graduate,No,5649.0,0.0,44.0,360.0,1.0,Urban,Y
M001484,,,,,,2578.636363636364,0.0,2.329090909090909,,1.0,,N
M001485,,,,,,5406.818181818182,0.0,9.981818181818182,,1.0,,Y
M001486,,,2,Graduate,No,6503.676470588235,0.0,221.5735294117647,120.0,0.0,,N
M001487,,,3+,Not Graduate,Yes,4485.294117647059,0.0,112.13235294117646,216.0,1.0,,Y
M001488,,,1,Not Graduate,No,1943.627450980392,0.0,76.25,24.0,0.0,,Y
M001489,,,3+,Graduate,No,2765.931372549019,0.0,68.17647058823529,168.0,1.0,,Y
M001490,,,,,,6395.226136363637,0.0,9.565909090909091,,1.0,,Y
M001491,Male,No,0,Graduate,No,6000.0,0.0,141.0,360.0,1.0,Urban,Y
M001492,,,3+,Graduate,No,1046.5686274509803,0.0,36.779411764705884,168.0,1.0,,Y
M001493,,,,,,3119.318181818182,0.0,3.992727272727273,,1.0,,Y
M001494,Female,No,0,Graduate,No,7200.0,0.0,120.0,360.0,1.0,Rural,Y
M001495,,,,,,2329.0909090909095,0.0,16.033295454545456,,1.0,,N
M001496,,,,,,1580.4545454545457,0.0,2.9113636363636366,,0.0,,N
M001497,Male,No,1,Graduate,No,37719.0,0.0,152.0,360.0,1.0,Semiurban,Y
M001498,,,2,Graduate,Yes,3139.705882352941,0.0,141.73529411764704,72.0,1.0,,Y
M001499,,,1,Not Graduate,Yes,2915.4411764705883,0.0,69.97058823529412,168.0,0.0,,N
M001500,,,0,Graduate,Yes,598.0392156862746,0.0,18.838235294117645,72.0,1.0,,Y
M001501,,,,,,2564.7727272727275,0.0,6.571363636363637,,1.0,,Y
M001502,Male,No,0,Graduate,No,4000.0,2500.0,140.0,360.0,1.0,Rural,Y
M001503,,,,,,7164.935227272728,0.0,12.477272727272728,,1.0,,Y
M001504,,,,,,8318.18181818182,0.0,3.992727272727273,,1.0,,Y
M001505,Male,Yes,2,Graduate,Yes,5746.0,0.0,144.0,84.0,,Rural,Y
M001506,Male,Yes,0,Graduate,No,4860.0,830.0,125.0,360.0,1.0,Semiurban,Y
M001507,,,3+,Not Graduate,Yes,5681.372549019608,0.0,138.14705882352942,168.0,0.0,,Y
M001508,,,2,Not Graduate,Yes,1569.8529411764705,0.0,40.36764705882353,216.0,0.0,,Y
M001509,Male,Yes,3+,Graduate,No,6406.0,0.0,150.0,360.0,1.0,Semiurban,N
M001510,Female,Yes,0,Not Graduate,No,1928.0,1644.0,100.0,360.0,1.0,Semiurban,Y
M001511,,,,,,4367.045454545455,0.0,3.160909090909091,,0.0,,Y
M001512,,,1,Graduate,No,6877.450980392156,0.0,266.4264705882353,120.0,0.0,,Y
M001513,,,3+,Not Graduate,Yes,299.0196078431373,0.0,13.455882352941176,24.0,1.0,,Y
M001514,,,,,,3812.2227272727278,0.0,10.397727272727273,,1.0,,Y
M001515,,,0,Graduate,No,5083.333333333333,0.0,194.66176470588235,240.0,1.0,,Y
M001516,,,3+,Graduate,Yes,7176.470588235294,0.0,189.27941176470588,72.0,1.0,,Y
M001517,Male,Yes,1,Graduate,Yes,3450.0,2079.0,162.0,360.0,1.0,Semiurban,Y
M001518,,,1,Graduate,No,672.7941176470588,0.0,26.014705882352942,240.0,1.0,,Y
M001519,,,0,Graduate,No,5606.617647058823,0.0,225.16176470588235,168.0,1.0,,Y
M001520,Female,No,0,Graduate,No,1500.0,1800.0,103.0,360.0,0.0,Semiurban,N
M001521,Male,Yes,1,Graduate,No,6065.0,2004.0,250.0,360.0,1.0,Semiurban,Y
M001522,Male,Yes,0,Graduate,No,2400.0,2167.0,115.0,360.0,1.0,Semiurban,Y
M001523,Male,Yes,0,Graduate,,2600.0,3500.0,115.0,,1.0,Urban,Y
M001524,,,3+,Graduate,No,5681.372549019608,0.0,225.16176470588235,48.0,1.0,,Y
M001525,Male,Yes,0,Graduate,No,2275.0,2067.0,,360.0,1.0,Urban,Y
M001526,,,2,Not Graduate,No,5830.882352941177,0.0,174.02941176470588,192.0,0.0,,N
M001527,,,2,Not Graduate,Yes,4410.5392156862745,0.0,141.73529411764704,24.0,0.0,,N
M001528,,,,,,1663.6363636363637,0.0,9.981818181818182,,1.0,,N
M001529,Female,No,0,Not Graduate,No,2213.0,0.0,66.0,360.0,1.0,Rural,Y
M001530,,,3+,Graduate,No,598.0392156862746,0.0,23.323529411764707,72.0,0.0,,Y
M001531,Male,No,2,Graduate,No,3617.0,0.0,107.0,360.0,1.0,Semiurban,Y
M001532,,,3+,Not Graduate,No,5830.882352941177,0.0,158.77941176470588,72.0,0.0,,N
M001533,,,,,,3465.9090909090914,0.0,3.7431818181818186,,0.0,,Y
M001534,,,2,Not Graduate,No,2167.8921568627447,0.0,65.48529411764706,24.0,1.0,,Y
M001535,,,0,Graduate,No,4784.313725490197,0.0,225.16176470588235,192.0,0.0,,Y
M001536,Male,No,0,Graduate,Yes,6050.0,4333.0,120.0,180.0,1.0,Urban,N
M001537,,,,,,1940.9090909090912,0.0,6.654545454545455,,1.0,,Y
M001538,,,3+,Not Graduate,No,4485.294117647059,0.0,176.72058823529412,240.0,0.0,,N
M001539,,,2,Not Graduate,No,4709.558823529412,0.0,166.85294117647058,168.0,1.0,,Y
M001540,,,,,,5545.731818181819,0.0,4.990909090909091,,1.0,,N
M001541,Male,No,0,Graduate,No,2435.0,0.0,75.0,360.0,1.0,Urban,N
M001542,Male,No,0,Graduate,No,3254.0,0.0,50.0,360.0,1.0,Urban,Y
M001543,,,2,Graduate,Yes,672.7941176470588,0.0,20.63235294117647,240.0,0.0,,N
M001544,,,3+,Not Graduate,No,2765.931372549019,0.0,120.20588235294117,216.0,0.0,,N
M001545,,,0,Not Graduate,No,897.0588235294117,0.0,26.014705882352942,216.0,0.0,,N
M001546,,,3+,Not Graduate,Yes,6428.92156862745,0.0,259.25,96.0,0.0,,N
M001547,,,2,Graduate,No,6578.43137254902,0.0,158.77941176470588,168.0,1.0,,Y
M001548,,,,,,2079.545454545455,0.0,8.318181818181818,,1.0,,N
M001549,Male,Yes,0,Graduate,No,3166.0,2064.0,104.0,360.0,0.0,Urban,N
M001550,,,,,,3077.727272727273,0.0,4.575,,1.0,,Y
M001551,Female,No,0,Graduate,No,3510.0,0.0,76.0,360.0,0.0,Urban,N
M001552,Male,No,0,Graduate,No,3865.0,1640.0,,360.0,1.0,Rural,Y
M001553,,,,,,4168.795454545455,0.0,5.822727272727273,,1.0,,Y
M001554,,,3+,Graduate,Yes,5158.088235294117,0.0,170.44117647058823,168.0,0.0,,N
M001555,,,,,,9357.954545454546,0.0,13.30909090909091,,1.0,,Y
M001556,,,3+,Graduate,No,5681.372549019608,0.0,233.23529411764704,72.0,1.0,,Y
M001557,,,3+,Graduate,Yes,4859.06862745098,0.0,216.19117647058823,72.0,0.0,,N
M001558,,,,,,11090.909090909092,0.0,7.486363636363637,,1.0,,Y
M001559,Male,No,0,Not Graduate,No,4885.0,0.0,48.0,360.0,1.0,Rural,Y
M001560,,,2,Graduate,Yes,3214.460784313725,0.0,136.35294117647058,144.0,0.0,,Y
M001561,,,2,Graduate,Yes,4410.5392156862745,0.0,127.38235294117646,144.0,0.0,,N
M001562,,,,,,9219.318181818184,0.0,7.486363636363637,,0.0,,Y
M001563,,,,,,5060.227272727273,0.0,8.318181818181818,,0.0,,N
M001564,Male,Yes,1,Graduate,No,3400.0,2500.0,173.0,360.0,1.0,Semiurban,Y
M001565,Male,Yes,1,Graduate,No,6400.0,7250.0,180.0,360.0,0.0,Urban,N
M001566,Male,Yes,,Not Graduate,No,2875.0,1750.0,105.0,360.0,1.0,Semiurban,Y
M001567,Male,Yes,0,Not Graduate,No,2600.0,1700.0,107.0,360.0,1.0,Rural,Y
M001568,,,,,,5524.659090909092,0.0,5.98909090909091,,1.0,,Y
M001569,,,,,,4921.59090909091,0.0,4.990909090909091,,1.0,,Y
M001570,,,,,,1996.3636363636365,0.0,3.3272727272727276,,1.0,,Y
M001571,,,,,,5836.59090909091,0.0,20.379545454545458,,1.0,,Y
M001572,Male,Yes,,Not Graduate,No,3074.0,1800.0,123.0,360.0,0.0,Semiurban,N
M001573,,,,,,5545.454545454546,0.0,29.113636363636367,,1.0,,N
M001574,,,1,Not Graduate,No,299.0196078431373,0.0,12.558823529411764,48.0,0.0,,Y
M001575,Male,Yes,2,Graduate,No,6700.0,1750.0,230.0,300.0,1.0,Semiurban,Y
M001576,Male,Yes,1,Graduate,No,9538.0,0.0,187.0,360.0,1.0,Urban,Y
M001577,,,0,Not Graduate,Yes,3363.970588235294,0.0,151.60294117647058,96.0,1.0,,Y
M001578,,,3+,Graduate,No,2765.931372549019,0.0,80.73529411764706,216.0,1.0,,Y
M001579,Male,No,1,Not Graduate,No,3596.0,0.0,100.0,240.0,,Urban,Y
M001580,,,,,,4159.09090909091,0.0,5.822727272727273,,1.0,,Y
M001581,,,1,Not Graduate,No,5382.35294117647,0.0,134.55882352941177,120.0,1.0,,Y
M001582,,,,,,5406.818181818182,0.0,6.654545454545455,,0.0,,N
M001583,Male,No,0,Not Graduate,No,3358.0,0.0,80.0,36.0,1.0,Semiurban,N
M001584,,,,,,2079.545454545455,0.0,2.994545454545455,,0.0,,N
M001585,,,1,Not Graduate,Yes,2616.421568627451,0.0,104.05882352941177,120.0,1.0,,Y
M001586,,,,,,13863.636363636366,0.0,19.547727272727276,,1.0,,Y
M001587,,,3+,Graduate,No,2541.6666666666665,0.0,74.45588235294117,24.0,0.0,,Y
M001588,,,,,,2980.6818181818185,0.0,5.53159090909091,,1.0,,Y
M001589,,,,,,7689.119318181819,0.0,20.795454545454547,,1.0,,N
M001590,,,3+,Graduate,No,4036.7647058823527,0.0,166.85294117647058,24.0,0.0,,Y
M001591,,,,,,3162.9886363636365,0.0,2.0795454545454546,,0.0,,N
M001592,Female,No,0,Graduate,No,1811.0,1666.0,54.0,360.0,1.0,Urban,Y
M001593,,,3+,Not Graduate,No,6877.450980392156,0.0,169.5441176470588,120.0,0.0,,N
M001594,,,,,,2918.295454545455,0.0,4.159090909090909,,1.0,,Y
M001595,Male,Yes,0,Graduate,No,3250.0,0.0,170.0,360.0,1.0,Rural,N
M001596,Male,Yes,0,Graduate,No,2799.0,2253.0,122.0,360.0,1.0,Semiurban,Y
M001597,,,,,,2426.136363636364,0.0,4.159090909090909,,1.0,,N
M001598,Male,Yes,0,Graduate,No,2213.0,1125.0,,360.0,1.0,Urban,Y
M001599,,,,,,3327.2727272727275,0.0,10.813636363636364,,1.0,,N
M001600,,,,,,4505.681818181819,0.0,2.994545454545455,,1.0,,Y
M001601,Male,No,0,Graduate,Yes,6400.0,0.0,200.0,360.0,1.0,Rural,Y
M001602,Female,Yes,0,Graduate,No,3667.0,1459.0,144.0,360.0,1.0,Semiurban,Y
M001603,,,3+,Not Graduate,No,2765.931372549019,0.0,104.95588235294117,48.0,0.0,,Y
M001604,,,1,Not Graduate,Yes,3962.0098039215686,0.0,126.48529411764706,168.0,0.0,,N
M001605,,,,,,2108.7977272727276,0.0,4.159090909090909,,1.0,,Y
M001606,Male,Yes,0,Graduate,No,4333.0,2451.0,110.0,360.0,1.0,Urban,N
M001607,,,,,,12823.863636363638,0.0,29.113636363636367,,1.0,,Y
M001608,,,,,,1455.6818181818182,0.0,2.4954545454545456,,1.0,,Y
M001609,,,2,Not Graduate,No,1420.343137254902,0.0,67.27941176470588,24.0,1.0,,Y
M001610,,,,,,2869.7727272727275,0.0,6.072272727272728,,1.0,,Y
M001611,,,3+,Not Graduate,Yes,5980.392156862745,0.0,282.5735294117647,192.0,1.0,,Y
M001612,,,,,,3826.363636363637,0.0,2.4954545454545456,,1.0,,Y
M001613,,,3+,Not Graduate,Yes,4784.313725490197,0.0,191.0735294117647,240.0,0.0,,N
M001614,,,0,Graduate,No,149.50980392156865,0.0,3.5882352941176467,48.0,0.0,,Y
M001615,,,,,,2010.2272727272727,0.0,2.0795454545454546,,1.0,,N
M001616,,,,,,6169.318181818183,0.0,23.95636363636364,,1.0,,N
M001617,,,,,,6425.795454545455,0.0,1.2477272727272728,,1.0,,Y
M001618,,,2,Graduate,No,3513.4803921568628,0.0,125.58823529411764,144.0,1.0,,Y
M001619,,,,,,1122.9545454545455,0.0,1.8300000000000003,,1.0,,N
M001620,,,3+,Not Graduate,Yes,4784.313725490197,0.0,210.80882352941177,144.0,1.0,,Y
M001621,,,,,,5892.045454545455,0.0,19.963636363636365,,1.0,,Y
M001622,Male,Yes,0,Not Graduate,No,1863.0,1041.0,98.0,360.0,1.0,Semiurban,Y
M001623,,,3+,Not Graduate,Yes,4485.294117647059,0.0,110.33823529411764,144.0,1.0,,Y
M001624,,,2,Graduate,No,7176.470588235294,0.0,201.83823529411765,216.0,1.0,,Y
M001625,,,1,Graduate,No,4859.06862745098,0.0,209.91176470588235,24.0,1.0,,Y
M001626,,,,,,3119.318181818182,0.0,8.318181818181818,,1.0,,Y
M001627,,,3+,Not Graduate,Yes,3887.254901960784,0.0,109.44117647058823,24.0,0.0,,Y
M001628,,,2,Not Graduate,No,6428.92156862745,0.0,298.7205882352941,192.0,0.0,,N
M001629,Male,No,0,Graduate,No,9166.0,0.0,244.0,360.0,1.0,Urban,N
M001630,,,,,,3465.9090909090914,0.0,3.3272727272727276,,1.0,,Y
M001631,,,,,,7486.363636363637,0.0,4.159090909090909,,1.0,,Y
M001632,Female,No,1,Graduate,No,13262.0,0.0,40.0,360.0,1.0,Urban,Y
M001633,,,1,Not Graduate,Yes,2765.931372549019,0.0,97.77941176470588,168.0,1.0,,Y
M001634,,,2,Graduate,Yes,3588.235294117647,0.0,118.41176470588235,240.0,0.0,,N
M001635,,,,,,2426.136363636364,0.0,1.2477272727272728,,1.0,,Y
M001636,Male,Yes,0,Graduate,No,4652.0,3583.0,,360.0,1.0,Semiurban,Y
M001637,,,,,,5406.818181818182,0.0,14.972727272727274,,1.0,,Y
M001638,,,,,,9357.954545454546,0.0,6.654545454545455,,0.0,,Y
M001639,Male,Yes,0,Graduate,No,2297.0,1522.0,104.0,360.0,1.0,Urban,Y
M001640,,,,,,3376.835227272728,0.0,9.981818181818182,,1.0,,Y
M001641,,,3+,Graduate,Yes,6055.147058823529,0.0,239.51470588235293,120.0,1.0,,Y
M001642,Male,Yes,2,Graduate,No,4616.0,0.0,134.0,360.0,1.0,Urban,N
M001643,Male,Yes,0,Graduate,Yes,2577.0,3750.0,152.0,360.0,1.0,Rural,Y
M001644,Female,No,0,Not Graduate,No,1963.0,0.0,53.0,360.0,1.0,Semiurban,Y
M001645,,,,,,2994.545454545455,0.0,2.0795454545454546,,1.0,,Y
M001646,Male,No,0,Not Graduate,No,3975.0,2531.0,55.0,360.0,1.0,Rural,Y
M001647,,,,,,1746.818181818182,0.0,0.8318181818181819,,1.0,,Y
M001648,,,2,Graduate,Yes,4634.803921568628,0.0,213.5,48.0,0.0,,Y
M001649,,,,,,2329.0909090909095,0.0,2.661818181818182,,1.0,,Y
M001650,Male,Yes,2,Graduate,No,4006.0,1526.0,168.0,360.0,1.0,Urban,Y
M001651,,,3+,Not Graduate,Yes,6877.450980392156,0.0,306.79411764705884,48.0,0.0,,Y
M001652,,,,,,7070.454545454546,0.0,3.3272727272727276,,1.0,,Y
M001653,,,3+,Not Graduate,Yes,5606.617647058823,0.0,233.23529411764704,24.0,0.0,,Y
M001654,Male,Yes,0,Graduate,No,3948.0,1733.0,149.0,360.0,0.0,Rural,N
M001655,Male,Yes,1,Not Graduate,No,2661.0,7101.0,279.0,180.0,1.0,Semiurban,Y
M001656,,,,,,4505.681818181819,0.0,12.477272727272728,,1.0,,Y
M001657,,,3+,Graduate,No,5606.617647058823,0.0,145.3235294117647,48.0,0.0,,N
M001658,,,,,,2842.0454545454545,0.0,9.981818181818182,,1.0,,N
M001659,,,0,Not Graduate,No,3737.745098039216,0.0,146.22058823529412,144.0,1.0,,Y
M001660,,,,,,2079.545454545455,0.0,3.618409090909091,,1.0,,Y
M001661,,,,,,2356.818181818182,0.0,9.565909090909091,,1.0,,Y
M001662,,,3+,Graduate,Yes,2466.9117647058824,0.0,76.25,144.0,0.0,,Y
M001663,Male,Yes,0,Graduate,No,2499.0,2458.0,160.0,360.0,1.0,Semiurban,Y
M001664,,,,,,4921.59090909091,0.0,4.408636363636364,,1.0,,Y
M001665,Female,No,1,Graduate,No,3481.0,0.0,155.0,36.0,1.0,Semiurban,N
M001666,,,,,,3604.5454545454545,0.0,12.477272727272728,,1.0,,Y
M001667,,,,,,1873.739772727273,0.0,4.990909090909091,,1.0,,Y
M001668,,,,,,3576.818181818182,0.0,5.822727272727273,,0.0,,Y
M001669,Male,No,0,Graduate,No,6277.0,0.0,118.0,360.0,0.0,Rural,N
M001670,Male,Yes,3+,Graduate,No,4691.0,0.0,100.0,360.0,1.0,Semiurban,Y
M001671,,,1,Not Graduate,No,1196.0784313725492,0.0,45.75,216.0,1.0,,Y
M001672,,,,,,13517.045454545456,0.0,4.990909090909091,,1.0,,Y
M001673,,,,,,12962.222727272729,0.0,20.795454545454547,,0.0,,Y
M001674,Male,Yes,2,Graduate,Yes,6633.0,0.0,,360.0,0.0,Rural,N
M001675,,,,,,7625.277272727273,0.0,20.795454545454547,,0.0,,Y
M001676,,,1,Not Graduate,No,897.0588235294117,0.0,40.36764705882353,48.0,0.0,,Y
M001677,Male,Yes,2,Graduate,Yes,4583.0,2083.0,160.0,360.0,1.0,Semiurban,Y
M001678,,,,,,8179.545454545456,0.0,29.113636363636367,,0.0,,N
M001679,,,2,Graduate,No,1569.8529411764705,0.0,59.205882352941174,240.0,0.0,,Y
M001680,Female,Yes,2,Graduate,No,14866.0,0.0,70.0,360.0,1.0,Urban,Y
M001681,,,,,,5822.727272727273,0.0,4.990909090909091,,1.0,,Y
M001682,,,,,,1497.2727272727275,0.0,1.6636363636363638,,1.0,,N
M001683,Male,No,0,Graduate,No,2500.0,20000.0,103.0,360.0,1.0,Semiurban,Y
M001684,,,3+,Graduate,No,1270.8333333333333,0.0,47.54411764705882,168.0,1.0,,Y
M001685,,,,,,2512.7840909090914,0.0,4.990909090909091,,0.0,,Y
M001686,,,1,Not Graduate,Yes,598.0392156862746,0.0,23.323529411764707,24.0,0.0,,Y
M001687,,,,,,2772.727272727273,0.0,2.0795454545454546,,0.0,,Y
M001688,Female,No,1,Not Graduate,,5191.0,0.0,132.0,360.0,1.0,Semiurban,Y
M001689,,,,,,4595.795454545455,0.0,6.238636363636364,,1.0,,N
M001690,Male,Yes,1,Graduate,Yes,2178.0,0.0,66.0,300.0,0.0,Rural,N
M001691,,,0,Not Graduate,Yes,5681.372549019608,0.0,159.67647058823528,168.0,0.0,,Y
M001692,,,3+,Graduate,No,6204.656862745098,0.0,169.5441176470588,48.0,0.0,,N
M001693,Male,Yes,0,Graduate,No,3232.0,1950.0,108.0,360.0,1.0,Rural,Y
M001694,Male,Yes,0,Graduate,No,2698.0,2034.0,122.0,360.0,1.0,Semiurban,Y
M001695,,,3+,Not Graduate,Yes,3139.705882352941,0.0,81.63235294117646,24.0,1.0,,Y
M001696,,,,,,3604.5454545454545,0.0,3.493636363636364,,0.0,,Y
M001697,,,3+,Not Graduate,No,224.26470588235293,0.0,4.485294117647059,96.0,0.0,,N
M001698,Female,No,0,Not Graduate,No,1907.0,2365.0,120.0,,1.0,Urban,Y
M001699,,,,,,5545.454545454546,0.0,6.238636363636364,,1.0,,Y
M001700,,,3+,Graduate,No,7026.9607843137255,0.0,330.11764705882354,120.0,0.0,,N
M001701,Female,Yes,0,Not Graduate,No,4100.0,0.0,124.0,360.0,,Rural,Y
M001702,Female,No,,Graduate,No,5417.0,0.0,143.0,480.0,0.0,Urban,N
M001703,,,,,,3188.636363636364,0.0,4.990909090909091,,0.0,,Y
M001704,Male,Yes,2,Not Graduate,No,2889.0,0.0,45.0,180.0,0.0,Urban,N
M001705,Female,No,0,Graduate,No,2137.0,8980.0,137.0,360.0,0.0,Semiurban,Y
M001706,,,2,Not Graduate,Yes,3812.5,0.0,119.30882352941175,168.0,0.0,,N
M001707,Male,Yes,3+,Not Graduate,No,3992.0,0.0,,180.0,1.0,Urban,N
M001708,,,,,,7486.363636363637,0.0,17.46818181818182,,1.0,,Y
M001709,,,3+,Not Graduate,No,2167.8921568627447,0.0,93.29411764705883,72.0,1.0,,Y
M001710,Male,Yes,2,Graduate,No,9703.0,0.0,112.0,360.0,1.0,Urban,Y
M001711,,,,,,1663.6363636363637,0.0,0.8318181818181819,,1.0,,N
M001712,,,,,,5614.772727272728,0.0,5.178068181818182,,1.0,,Y
M001713,,,,,,1871.5909090909092,0.0,7.070454545454546,,1.0,,N
M001714,,,,,,12685.227272727274,0.0,12.477272727272728,,0.0,,Y
M001715,,,,,,8872.727272727274,0.0,4.990909090909091,,1.0,,Y
M001716,,,2,Graduate,No,3513.4803921568628,0.0,112.13235294117646,168.0,0.0,,N
M001717,,,,,,2329.0909090909095,0.0,2.4954545454545456,,1.0,,Y
M001718,,,,,,1386.3636363636365,0.0,5.323636363636364,,1.0,,Y
M001719,Male,Yes,2,Graduate,No,4566.0,0.0,100.0,360.0,1.0,Urban,N
M001720,,,,,,3818.1840909090915,0.0,9.981818181818182,,0.0,,N
M001721,,,3+,Not Graduate,Yes,3438.725490196078,0.0,130.0735294117647,168.0,0.0,,Y
M001722,,,,,,3388.2034090909096,0.0,4.159090909090909,,1.0,,Y
M001723,Female,Yes,2,Graduate,No,4283.0,2383.0,127.0,360.0,,Semiurban,Y
M001724,,,3+,Not Graduate,No,2242.6470588235293,0.0,79.83823529411764,240.0,1.0,,Y
M001725,Male,Yes,1,Graduate,No,4583.0,1508.0,128.0,360.0,1.0,Rural,N
M001726,Male,Yes,0,Not Graduate,No,3572.0,4114.0,152.0,,0.0,Rural,N
M001727,,,3+,Not Graduate,No,4859.06862745098,0.0,165.95588235294116,48.0,1.0,,Y
M001728,,,,,,3396.3136363636368,0.0,9.15,,1.0,,Y
M001729,,,3+,Graduate,Yes,747.5490196078431,0.0,23.323529411764707,72.0,0.0,,N
M001730,,,,,,7625.0,0.0,6.654545454545455,,1.0,,Y
M001731,,,,,,1940.9090909090912,0.0,10.231363636363637,,1.0,,Y
M001732,,,,,,2356.818181818182,0.0,6.488181818181818,,1.0,,N
M001733,,,,,,3327.2727272727275,0.0,3.5144318181818184,,1.0,,Y
M001734,,,,,,3686.618181818182,0.0,11.229545454545455,,1.0,,Y
M001735,,,,,,3743.1818181818185,0.0,16.137272727272727,,1.0,,N
M001736,,,2,Not Graduate,No,3214.460784313725,0.0,95.08823529411764,216.0,0.0,,N
M001737,,,,,,4852.272727272728,0.0,16.636363636363637,,1.0,,Y
M001738,Male,Yes,0,Graduate,No,7901.0,1833.0,180.0,360.0,1.0,Rural,Y
M001739,,,,,,8318.18181818182,0.0,16.636363636363637,,0.0,,Y
M001740,,,2,Graduate,No,4485.294117647059,0.0,156.08823529411765,192.0,1.0,,Y
M001741,,,,,,2448.0409090909093,0.0,5.98909090909091,,1.0,,N
M001742,,,3+,Not Graduate,No,5905.637254901961,0.0,154.2941176470588,168.0,0.0,,N
M001743,,,,,,12477.272727272728,0.0,19.963636363636365,,1.0,,Y
M001744,,,,,,11090.909090909092,0.0,5.822727272727273,,1.0,,Y
M001745,,,,,,2772.727272727273,0.0,8.484545454545454,,1.0,,Y
M001746,,,,,,2703.409090909091,0.0,5.49,,1.0,,Y
M001747,,,3+,Graduate,No,4560.049019607843,0.0,159.67647058823528,72.0,1.0,,Y
M001748,,,,,,6460.454545454546,0.0,7.320000000000001,,1.0,,Y
M001749,,,3+,Graduate,No,4933.823529411765,0.0,198.25,48.0,0.0,,Y
M001750,,,,,,2853.136363636364,0.0,3.3272727272727276,,1.0,,Y
M001751,,,,,,4575.000000000001,0.0,11.645454545454546,,1.0,,Y
M001752,Male,Yes,0,Graduate,No,2058.0,2134.0,88.0,360.0,,Urban,Y
M001753,,,0,Not Graduate,No,3887.254901960784,0.0,165.05882352941177,168.0,0.0,,Y
M001754,,,,,,2634.090909090909,0.0,6.987272727272728,,1.0,,Y
M001755,,,,,,6931.818181818183,0.0,8.318181818181818,,0.0,,Y
M001756,,,3+,Not Graduate,No,3887.254901960784,0.0,109.44117647058823,240.0,0.0,,N
M001757,,,,,,2564.495454545455,0.0,8.318181818181818,,1.0,,Y
M001758,,,2,Not Graduate,Yes,7176.470588235294,0.0,252.0735294117647,240.0,1.0,,Y
M001759,,,1,Not Graduate,No,1420.343137254902,0.0,66.38235294117646,72.0,0.0,,N
M001760,,,3+,Graduate,No,2765.931372549019,0.0,102.26470588235294,144.0,1.0,,Y
M001761,,,2,Not Graduate,Yes,3812.5,0.0,150.70588235294116,24.0,0.0,,Y
M001762,,,1,Graduate,No,5756.127450980392,0.0,244.8970588235294,96.0,0.0,,N
M001763,,,,,,6030.681818181819,0.0,10.813636363636364,,1.0,,Y
M001764,,,,,,2079.545454545455,0.0,6.654545454545455,,1.0,,Y
M001765,,,3+,Not Graduate,No,4036.7647058823527,0.0,174.02941176470588,240.0,1.0,,Y
M001766,,,,,,3050.0,0.0,6.238636363636364,,1.0,,N
M001767,,,2,Graduate,Yes,2691.176470588235,0.0,82.52941176470588,216.0,1.0,,Y
M001768,,,,,,6931.818181818183,0.0,7.652727272727273,,1.0,,Y
M001769,,,,,,4824.545454545455,0.0,9.981818181818182,,1.0,,Y
M001770,,,,,,4065.511363636364,0.0,4.658181818181818,,1.0,,N
M001771,,,,,,8179.268181818183,0.0,14.972727272727274,,0.0,,Y
M001772,,,,,,2287.5000000000005,0.0,9.981818181818182,,1.0,,Y
M001773,,,,,,1732.6772727272728,0.0,6.238636363636364,,0.0,,Y
M001774,,,,,,3050.0,0.0,4.159090909090909,,1.0,,N
M001775,,,,,,1663.6363636363637,0.0,7.694318181818183,,1.0,,N
M001776,,,,,,3964.1681818181823,0.0,14.515227272727273,,1.0,,Y
M001777,,,2,Not Graduate,No,2018.3823529411764,0.0,60.10294117647059,96.0,0.0,,N
M001778,,,3+,Graduate,No,7176.470588235294,0.0,246.69117647058823,240.0,1.0,,Y
M001779,,,3+,Not Graduate,No,2990.1960784313724,0.0,124.69117647058823,72.0,0.0,,N
M001780,,,,,,3517.897727272728,0.0,6.238636363636364,,0.0,,Y
M001781,Female,No,0,Graduate,No,2667.0,1625.0,84.0,360.0,,Urban,Y
M001782,,,1,Graduate,No,6952.2058823529405,0.0,256.55882352941177,168.0,1.0,,Y
M001783,Male,No,0,Graduate,No,3229.0,2739.0,110.0,360.0,1.0,Urban,Y
M001784,,,3+,Graduate,No,5980.392156862745,0.0,249.38235294117646,192.0,0.0,,N
M001785,,,3+,Graduate,Yes,3438.725490196078,0.0,106.75,72.0,1.0,,Y
M001786,,,,,,5268.181818181818,0.0,5.198863636363637,,1.0,,Y
M001787,,,2,Not Graduate,Yes,6129.901960784314,0.0,175.8235294117647,192.0,0.0,,Y
M001788,Male,No,0,Graduate,No,4680.0,2087.0,,360.0,1.0,Semiurban,N
M001789,,,3+,Not Graduate,No,2317.401960784314,0.0,87.91176470588235,144.0,1.0,,Y
M001790,Female,Yes,1,Graduate,No,4608.0,2845.0,140.0,180.0,1.0,Semiurban,Y
M001791,,,0,Graduate,No,7026.9607843137255,0.0,253.8676470588235,240.0,1.0,,Y
M001792,,,,,,2536.2136363636364,0.0,8.318181818181818,,1.0,,Y
M001793,,,3+,Graduate,No,2541.6666666666665,0.0,117.51470588235294,240.0,0.0,,N
M001794,,,,,,1913.1818181818185,0.0,1.6636363636363638,,0.0,,Y
M001795,,,,,,4852.550000000001,0.0,6.654545454545455,,1.0,,Y
M001796,Male,Yes,2,Graduate,No,8333.0,0.0,246.0,360.0,1.0,Semiurban,Y
M001797,,,,,,6030.681818181819,0.0,0.8318181818181819,,1.0,,Y
M001798,Male,No,0,Graduate,,6782.0,0.0,,360.0,,Urban,N
M001799,,,3+,Graduate,No,5830.882352941177,0.0,266.4264705882353,240.0,0.0,,Y
M001800,Male,No,0,Not Graduate,Yes,5800.0,0.0,132.0,360.0,1.0,Semiurban,Y
M001801,,,3+,Graduate,Yes,598.0392156862746,0.0,13.455882352941176,24.0,0.0,,Y
M001802,,,3+,Not Graduate,Yes,1794.1176470588234,0.0,58.30882352941176,240.0,0.0,,N
M001803,,,3+,Not Graduate,No,3962.0098039215686,0.0,165.95588235294116,96.0,0.0,,N
M001804,,,,,,2079.545454545455,0.0,3.576818181818182,,1.0,,Y
M001805,,,,,,4360.113636363637,0.0,13.30909090909091,,1.0,,N
M001806,,,,,,3188.3590909090913,0.0,2.4954545454545456,,0.0,,N
M001807,,,3+,Not Graduate,Yes,672.7941176470588,0.0,20.63235294117647,72.0,1.0,,Y
M001808,,,,,,4505.681818181819,0.0,19.963636363636365,,1.0,,N
M001809,,,1,Not Graduate,Yes,2840.686274509804,0.0,99.5735294117647,72.0,1.0,,Y
M001810,Female,No,0,Graduate,No,3244.0,0.0,80.0,360.0,1.0,Urban,Y
M001811,Male,Yes,0,Graduate,No,2583.0,2115.0,120.0,360.0,,Urban,Y
M001812,,,3+,Graduate,No,1569.8529411764705,0.0,65.48529411764706,216.0,0.0,,N
M001813,,,2,Not Graduate,No,672.7941176470588,0.0,17.941176470588236,168.0,0.0,,N
M001814,Male,Yes,0,Graduate,No,3033.0,1459.0,95.0,360.0,1.0,Urban,Y
M001815,,,0,Not Graduate,Yes,1345.5882352941176,0.0,33.19117647058823,24.0,0.0,,N
M001816,,,,,,4852.272727272728,0.0,12.477272727272728,,0.0,,N
M001817,,,3+,Not Graduate,No,971.813725490196,0.0,32.29411764705882,192.0,0.0,,Y
M001818,,,3+,Not Graduate,Yes,224.26470588235293,0.0,9.867647058823529,48.0,0.0,,Y
M001819,,,,,,6931.818181818183,0.0,16.636363636363637,,1.0,,Y
M001820,,,3+,Graduate,Yes,6279.411764705882,0.0,156.98529411764704,144.0,0.0,,Y
M001821,,,,,,1663.6363636363637,0.0,4.159090909090909,,1.0,,Y
M001822,Male,Yes,2,Graduate,No,7583.0,0.0,187.0,360.0,1.0,Urban,Y
M001823,,,,,,5670.227272727274,0.0,2.0795454545454546,,1.0,,Y
M001824,,,3+,Not Graduate,No,971.813725490196,0.0,31.39705882352941,144.0,0.0,,N
M001825,,,,,,6931.818181818183,0.0,6.654545454545455,,1.0,,Y
M001826,,,1,Not Graduate,Yes,1420.343137254902,0.0,42.161764705882355,24.0,1.0,,Y
M001827,,,1,Not Graduate,Yes,149.50980392156865,0.0,4.485294117647059,24.0,0.0,,Y
M001828,Male,Yes,0,Not Graduate,No,4188.0,0.0,115.0,180.0,1.0,Semiurban,Y
M001829,,,2,Not Graduate,Yes,4036.7647058823527,0.0,103.16176470588235,72.0,1.0,,Y
M001830,,,,,,2496.9102272727273,0.0,12.477272727272728,,1.0,,N
M001831,,,,,,4159.09090909091,0.0,13.30909090909091,,1.0,,Y
M001832,Male,Yes,0,Not Graduate,No,2167.0,2400.0,115.0,360.0,1.0,Urban,Y
M001833,Male,Yes,2,Graduate,No,4865.0,5624.0,208.0,360.0,1.0,Semiurban,Y
M001834,,,3+,Graduate,Yes,1794.1176470588234,0.0,43.05882352941176,144.0,1.0,,Y
M001835,,,0,Not Graduate,Yes,1794.1176470588234,0.0,46.64705882352941,192.0,1.0,,Y
M001836,,,1,Not Graduate,No,2317.401960784314,0.0,100.47058823529412,216.0,1.0,,Y
M001837,,,1,Graduate,Yes,2541.6666666666665,0.0,110.33823529411764,96.0,0.0,,N
M001838,Male,Yes,1,Not Graduate,No,2600.0,2500.0,90.0,360.0,1.0,Semiurban,Y
M001839,Male,No,0,Graduate,No,4895.0,0.0,102.0,360.0,1.0,Semiurban,Y
M001840,,,0,Not Graduate,No,2765.931372549019,0.0,95.08823529411764,240.0,0.0,,N
M001841,Male,No,0,Graduate,No,3600.0,0.0,80.0,360.0,1.0,Urban,N
M001842,,,3+,Not Graduate,Yes,1345.5882352941176,0.0,32.29411764705882,216.0,0.0,,N
M001843,Male,Yes,1,Graduate,No,2491.0,2054.0,104.0,360.0,1.0,Semiurban,Y
M001844,,,,,,3604.5454545454545,0.0,4.990909090909091,,1.0,,Y
M001845,,,,,,5406.818181818182,0.0,4.990909090909091,,1.0,,Y
M001846,Male,No,0,Graduate,No,3069.0,0.0,71.0,480.0,1.0,Urban,N
M001847,Female,No,0,Graduate,No,4124.0,0.0,115.0,360.0,1.0,Semiurban,Y
M001848,Male,Yes,0,Graduate,No,1025.0,2773.0,112.0,360.0,1.0,Rural,Y
M001849,,,,,,5892.045454545455,0.0,8.318181818181818,,0.0,,Y
M001850,Male,Yes,3+,Graduate,No,9504.0,0.0,275.0,360.0,1.0,Rural,Y
M001851,,No,3+,Graduate,Yes,9357.0,0.0,292.0,360.0,1.0,Semiurban,Y
M001852,,,,,,2121.136363636364,0.0,12.061363636363637,,1.0,,N
M001853,,,3+,Graduate,No,1121.3235294117646,0.0,48.44117647058823,216.0,1.0,,Y
M001854,,,3+,Not Graduate,No,897.0588235294117,0.0,29.602941176470587,144.0,1.0,,Y
M001855,,,,,,2988.1681818181823,0.0,5.98909090909091,,1.0,,Y
M001856,,,3+,Not Graduate,Yes,6877.450980392156,0.0,259.25,96.0,0.0,,N
M001857,,,3+,Graduate,Yes,822.3039215686275,0.0,39.470588235294116,72.0,0.0,,N
M001858,,,,,,6862.500000000001,0.0,19.963636363636365,,1.0,,Y
M001859,Male,Yes,2,Not Graduate,No,2192.0,1742.0,45.0,360.0,1.0,Semiurban,Y
M001860,Female,No,0,Graduate,No,4166.0,0.0,116.0,360.0,0.0,Semiurban,N
M001861,,,,,,2595.2727272727275,0.0,2.4954545454545456,,1.0,,Y
M001862,Male,Yes,2,Graduate,No,1299.0,1086.0,17.0,120.0,1.0,Urban,Y
M001863,,,3+,Graduate,Yes,6653.186274509803,0.0,171.33823529411765,240.0,0.0,,N
M001864,,,0,Graduate,No,6428.92156862745,0.0,285.2647058823529,24.0,1.0,,Y
M001865,Male,No,0,Not Graduate,No,3691.0,0.0,110.0,360.0,1.0,Rural,Y
M001866,Male,Yes,2,Graduate,No,5391.0,0.0,130.0,360.0,1.0,Urban,Y
M001867,Male,Yes,0,Graduate,No,2383.0,2138.0,58.0,360.0,,Rural,Y
M001868,,,3+,Not Graduate,Yes,1046.5686274509803,0.0,41.26470588235294,96.0,0.0,,N
M001869,Male,Yes,0,Graduate,No,150.0,1800.0,135.0,360.0,1.0,Rural,N
M001870,,,0,Not Graduate,No,1943.627450980392,0.0,75.35294117647058,216.0,1.0,,Y
M001871,,,2,Graduate,No,1270.8333333333333,0.0,52.92647058823529,192.0,0.0,,Y
M001872,,,3+,Graduate,No,6503.676470588235,0.0,273.60294117647055,24.0,0.0,,Y
M001873,Male,Yes,2,Graduate,Yes,2500.0,4600.0,176.0,360.0,1.0,Rural,Y
M001874,,,,,,4367.045454545455,0.0,2.0795454545454546,,1.0,,Y
M001875,,,3+,Not Graduate,Yes,4335.7843137254895,0.0,125.58823529411764,168.0,0.0,,N
M001876,,,,,,4332.386363636364,0.0,6.654545454545455,,1.0,,Y
M001877,Male,Yes,3+,Graduate,,4416.0,1250.0,110.0,360.0,1.0,Urban,Y
M001878,,,,,,3930.3409090909095,0.0,8.318181818181818,,0.0,,Y
M001879,,,1,Not Graduate,Yes,1420.343137254902,0.0,40.36764705882353,144.0,1.0,,Y
M001880,,,3+,Not Graduate,Yes,2616.421568627451,0.0,107.6470588235294,96.0,0.0,,N
M001881,,,,,,7260.386363636365,0.0,15.970909090909092,,1.0,,Y
M001882,,,,,,2162.727272727273,0.0,2.4954545454545456,,1.0,,Y
M001883,Male,Yes,2,Graduate,No,3859.0,0.0,96.0,360.0,1.0,Semiurban,Y
M001884,,,,,,3951.136363636364,0.0,4.990909090909091,,1.0,,Y
M001885,,,2,Not Graduate,No,4859.06862745098,0.0,214.3970588235294,216.0,0.0,,N
M001886,,,,,,9981.818181818182,0.0,29.113636363636367,,1.0,,Y
M001887,Female,No,1,Graduate,No,2876.0,1560.0,90.0,360.0,1.0,Urban,Y
M001888,,,1,Not Graduate,Yes,1495.0980392156862,0.0,59.205882352941174,120.0,1.0,,Y
M001889,Male,No,2,Graduate,No,4923.0,0.0,166.0,360.0,0.0,Semiurban,Y
M001890,Male,Yes,0,Graduate,No,7933.0,0.0,275.0,360.0,1.0,Urban,N
M001891,,,,,,12200.277272727273,0.0,2.661818181818182,,1.0,,Y
M001892,,,3+,Graduate,No,2840.686274509804,0.0,124.69117647058823,144.0,0.0,,N
M001893,Male,No,0,Not Graduate,No,2755.0,0.0,65.0,300.0,1.0,Rural,N
M001894,,,0,Graduate,No,1868.872549019608,0.0,79.83823529411764,24.0,1.0,,Y
M001895,,,,,,3812.5,0.0,4.325454545454546,,1.0,,Y
M001896,,,,,,5198.863636363637,0.0,3.244090909090909,,1.0,,Y
M001897,,,,,,4609.659090909092,0.0,18.3,,1.0,,N
M001898,,,1,Graduate,Yes,672.7941176470588,0.0,15.25,216.0,0.0,,N
M001899,Male,Yes,0,Not Graduate,No,4467.0,0.0,120.0,360.0,,Rural,Y
M001900,,,,,,8179.545454545456,0.0,4.159090909090909,,1.0,,Y
M001901,,,1,Graduate,Yes,3662.990196078431,0.0,148.01470588235293,144.0,0.0,,N
M001902,,,3+,Not Graduate,No,2018.3823529411764,0.0,96.88235294117646,72.0,0.0,,N
M001903,,,,,,6515.909090909091,0.0,20.795454545454547,,1.0,,N
M001904,,,,,,5198.863636363637,0.0,6.654545454545455,,1.0,,Y
M001905,,,,,,3084.6590909090914,0.0,8.318181818181818,,1.0,,Y
M001906,,,3+,Graduate,Yes,6129.901960784314,0.0,255.66176470588235,24.0,0.0,,Y
M001907,Female,No,0,Not Graduate,No,4408.0,0.0,120.0,360.0,1.0,Semiurban,Y
M001908,Male,No,3+,Graduate,No,12500.0,3000.0,320.0,360.0,1.0,Rural,N
M001909,,,3+,Graduate,No,4186.274509803921,0.0,184.7941176470588,72.0,0.0,,N
M001910,Male,Yes,0,Graduate,Yes,2479.0,3013.0,188.0,360.0,1.0,Urban,Y
M001911,,,,,,5545.454545454546,0.0,12.477272727272728,,1.0,,Y
M001912,,,,,,6100.0,0.0,11.312727272727274,,1.0,,Y
M001913,,,,,,2079.545454545455,0.0,13.30909090909091,,1.0,,N
M001914,,,,,,2287.5000000000005,0.0,7.486363636363637,,1.0,,Y
M001915,Male,Yes,2,Graduate,No,6250.0,5654.0,188.0,180.0,1.0,Semiurban,Y
M001916,,,,,,927.4772727272729,0.0,2.329090909090909,,0.0,,N
M001917,,,3+,Graduate,Yes,4859.06862745098,0.0,181.20588235294116,144.0,1.0,,Y
M001918,Male,Yes,2,Graduate,No,8799.0,0.0,258.0,360.0,0.0,Urban,N
M001919,,,,,,2356.818181818182,0.0,4.575,,1.0,,Y
M001920,,,2,Graduate,Yes,4036.7647058823527,0.0,97.77941176470588,168.0,1.0,,Y
M001921,Male,Yes,1,Not Graduate,No,2510.0,1983.0,140.0,180.0,1.0,Urban,N
M001922,Male,No,0,Graduate,No,1853.0,2840.0,114.0,360.0,1.0,Rural,N
M001923,Male,Yes,1,Not Graduate,No,3399.0,1640.0,111.0,180.0,1.0,Urban,Y
M001924,Female,No,3+,Graduate,,416.0,41667.0,350.0,180.0,,Urban,N
M001925,Male,Yes,0,Not Graduate,No,3010.0,3136.0,,360.0,0.0,Urban,N
M001926,,,1,Not Graduate,Yes,2392.1568627450984,0.0,83.42647058823529,240.0,1.0,,Y
M001927,Female,Yes,0,Graduate,No,4583.0,0.0,112.0,360.0,1.0,Rural,N
M001928,,,2,Graduate,No,5457.107843137255,0.0,257.45588235294116,168.0,0.0,,Y
M001929,Male,Yes,0,Not Graduate,No,7660.0,0.0,104.0,360.0,0.0,Urban,N
M001930,,,3+,Not Graduate,No,2840.686274509804,0.0,133.66176470588235,240.0,0.0,,N
M001931,,,,,,8664.772727272728,0.0,4.782954545454546,,1.0,,Y
M001932,,,,,,7846.818181818183,0.0,20.17159090909091,,1.0,,Y
M001933,,,3+,Graduate,No,5307.598039215686,0.0,242.20588235294116,240.0,0.0,,Y
M001934,,,,,,3885.1454545454553,0.0,3.992727272727273,,1.0,,Y
M001935,,,1,Graduate,No,5531.862745098038,0.0,238.6176470588235,216.0,0.0,,N
M001936,,,3+,Graduate,Yes,7325.980392156862,0.0,317.55882352941177,72.0,1.0,,Y
M001937,,,,,,2079.545454545455,0.0,12.061363636363637,,1.0,,N
M001938,,,,,,1497.2727272727275,0.0,2.9113636363636366,,1.0,,Y
M001939,Male,Yes,0,Graduate,No,5923.0,2054.0,211.0,360.0,1.0,Rural,Y
M001940,,,,,,11645.454545454546,0.0,14.972727272727274,,0.0,,N
M001941,,,1,Graduate,Yes,1569.8529411764705,0.0,38.5735294117647,240.0,1.0,,Y
M001942,,,3+,Not Graduate,Yes,7251.225490196079,0.0,245.7941176470588,24.0,0.0,,N
M001943,Male,Yes,0,Graduate,No,9328.0,0.0,188.0,180.0,1.0,Rural,Y
M001944,,,,,,3361.9318181818185,0.0,16.220454545454547,,1.0,,N
M001945,,,3+,Not Graduate,Yes,6428.92156862745,0.0,235.92647058823528,120.0,1.0,,Y
M001946,,,3+,Graduate,Yes,6727.941176470588,0.0,183.0,72.0,0.0,,N
M001947,,,,,,4159.09090909091,0.0,9.981818181818182,,1.0,,Y
M001948,,,,,,998.1818181818182,0.0,4.159090909090909,,1.0,,N
M001949,Male,No,0,Not Graduate,No,3598.0,1287.0,100.0,360.0,1.0,Rural,N
M001950,,,0,Not Graduate,No,5158.088235294117,0.0,205.42647058823528,120.0,0.0,,N
M001951,Male,No,2,Graduate,No,5532.0,4648.0,162.0,360.0,1.0,Rural,Y
M001952,,,,,,5363.009090909091,0.0,12.477272727272728,,1.0,,Y
M001953,,,1,Not Graduate,No,1644.607843137255,0.0,62.79411764705882,216.0,0.0,,N
M001954,,,3+,Graduate,Yes,5681.372549019608,0.0,145.3235294117647,240.0,1.0,,Y
M001955,Male,No,0,Not Graduate,Yes,2583.0,2167.0,104.0,360.0,1.0,Rural,Y
M001956,Male,Yes,1,Graduate,No,5955.0,5625.0,315.0,360.0,1.0,Urban,Y
M001957,,,,,,2703.409090909091,0.0,12.477272727272728,,1.0,,N
M001958,Male,Yes,0,Graduate,No,8334.0,0.0,160.0,360.0,1.0,Semiurban,N
M001959,,,3+,Graduate,No,224.26470588235293,0.0,9.867647058823529,24.0,0.0,,Y
M001960,Male,Yes,0,Graduate,No,3993.0,3274.0,207.0,360.0,1.0,Semiurban,Y
M001961,,,0,Not Graduate,Yes,2990.1960784313724,0.0,98.67647058823529,96.0,1.0,,Y
M001962,,,3+,Graduate,No,373.77450980392155,0.0,15.25,120.0,0.0,,N
M001963,Male,No,1,Graduate,,3667.0,0.0,113.0,180.0,1.0,Urban,Y
M001964,,,2,Graduate,No,6877.450980392156,0.0,306.79411764705884,24.0,0.0,,Y
M001965,,,,,,3466.186363636364,0.0,2.245909090909091,,1.0,,Y
M001966,,,,,,3812.5,0.0,12.477272727272728,,1.0,,Y
M001967,Male,Yes,3+,Not Graduate,No,3173.0,0.0,74.0,360.0,1.0,Semiurban,Y
M001968,,,0,Graduate,No,373.77450980392155,0.0,10.76470588235294,168.0,0.0,,Y
M001969,,,,,,9565.909090909092,0.0,11.645454545454546,,1.0,,N
M001970,,,,,,9704.545454545456,0.0,4.990909090909091,,1.0,,Y
M001971,Male,No,0,Graduate,Yes,20166.0,0.0,650.0,480.0,,Urban,Y
M001972,,,,,,11262.818181818184,0.0,20.795454545454547,,1.0,,Y
M001973,,,1,Graduate,Yes,1495.0980392156862,0.0,50.23529411764706,216.0,0.0,,N
M001974,,,3+,Graduate,No,1943.627450980392,0.0,81.63235294117646,96.0,1.0,,Y
M001975,,,,,,6100.0,0.0,10.376931818181818,,1.0,,Y
M001976,Male,Yes,0,Graduate,No,2500.0,2118.0,104.0,360.0,1.0,Semiurban,Y
M001977,,,,,,4228.409090909091,0.0,9.981818181818182,,1.0,,Y
M001978,Male,No,1,Graduate,No,4384.0,1793.0,117.0,360.0,1.0,Urban,Y
M001979,,,3+,Graduate,Yes,5307.598039215686,0.0,163.26470588235293,48.0,1.0,,Y
M001980,Male,Yes,3+,Not Graduate,No,2947.0,1664.0,70.0,180.0,0.0,Urban,N
M001981,Female,No,0,Graduate,No,4166.0,0.0,44.0,360.0,1.0,Semiurban,Y
M001982,,,,,,2356.818181818182,0.0,1.6636363636363638,,1.0,,N
M001983,,,3+,Graduate,Yes,5830.882352941177,0.0,244.0,192.0,0.0,,Y
M001984,,,,,,4852.272727272728,0.0,9.981818181818182,,1.0,,Y
M001985,,,2,Graduate,No,3737.745098039216,0.0,95.08823529411764,48.0,0.0,,Y
M001986,,,2,Not Graduate,Yes,2018.3823529411764,0.0,51.13235294117647,96.0,1.0,,Y
M001987,,,0,Not Graduate,No,5457.107843137255,0.0,193.76470588235293,24.0,0.0,,N
M001988,,,3+,Not Graduate,No,2392.1568627450984,0.0,103.16176470588235,192.0,0.0,,N
M001989,,,,,,3465.9090909090914,0.0,3.992727272727273,,1.0,,Y
M001990,,,3+,Graduate,Yes,1420.343137254902,0.0,60.10294117647059,24.0,0.0,,Y
