Gender,Married,Dependents,Education,Self_Employed,Property_Area,ApplicantIncome,CoapplicantIncome,LoanAmount,Loan_Amount_Term,Credit_History,Total_Income,EMI,Income_to_Loan,Debt_to_Income,Log_Total_Income,Log_LoanAmount
,,2,Graduate,No,,1270.8333333333333,0.0,51.13235294117647,120.0,0.0,1270.8333333333333,0.4261029411764706,0.02485331511108401,0.33503048709983274,7.1482147080615785,3.953785733790121
,,,,,,3388.2034090909096,0.0,4.159090909090909,,1.0,3388.2034090909096,,0.8144541749524706,,8.128350190192712,1.6407603835631415
,,3+,Graduate,No,,4560.049019607843,0.0,121.10294117647058,24.0,1.0,4560.049019607843,5.045955882352941,0.03765401006200961,1.1063147667697706,8.425307924211026,4.804864469085924
Female,No,0,Not Graduate,Yes,Urban,18165.0,0.0,125.0,360.0,1.0,18165.0,0.3472222222222222,0.1453188374493004,0.019113851272829583,9.80730699406216,4.836281906951478
,,,,,,6100.0,0.0,11.645454545454546,,1.0,6100.0,,0.523764547931091,,8.716207971151853,2.537297826131027
Female,Yes,0,Not Graduate,Yes,Rural,7142.0,0.0,138.0,360.0,1.0,7142.0,0.38333333333333336,0.05175324816486837,0.053665593354799576,8.873888135154973,4.9344739331306915
,,,,,,3466.186363636364,0.0,2.245909090909091,,1.0,3466.186363636364,,1.5426464638290986,,8.151098697812998,1.1773954622027027
,,3+,Graduate,Yes,,6428.92156862745,0.0,271.80882352941177,168.0,0.0,6428.92156862745,1.6179096638655461,0.023652278218457383,0.2516219905013414,8.768717619432147,5.608771269762267
Male,Yes,1,Graduate,No,Semiurban,6325.0,0.0,175.0,360.0,1.0,6325.0,0.4861111111111111,0.036142650613425066,0.07684336248990058,8.752423403865594,5.170483995038151
,,,,,,4436.363636363637,0.0,8.318181818181818,,0.0,4436.363636363637,,0.5332692244648185,,8.397815703477953,2.2319675257800924
,,3+,Graduate,Yes,,5756.127450980392,0.0,147.11764705882354,24.0,1.0,5756.127450980392,6.129901960784314,0.03912575031143997,1.064750088126057,8.658193922867511,4.9980068705480765
,,3+,Not Graduate,No,,672.7941176470588,0.0,23.323529411764707,24.0,0.0,672.7941176470588,0.9718137254901961,0.0288449171157857,1.4423006969604377,6.512924600817186,3.19144417040753
Male,Yes,2,Graduate,No,Semiurban,4865.0,5624.0,208.0,360.0,1.0,10489.0,0.5777777777777777,0.050427642174797234,0.0550789111322953,9.258177701390343,5.342334251964811
,,,,,,4131.363636363637,0.0,4.990909090909091,,1.0,4131.363636363637,,0.8276119538890205,,8.3266048312956,1.790243168710091
,,,,,,2634.090909090909,0.0,8.318181818181818,,1.0,2634.090909090909,,0.3166286020259859,,7.8766729609840915,2.2319675257800924
,,,,,,2251.731818181818,0.0,5.198863636363637,,1.0,2251.731818181818,,0.43303670550801154,,7.719898900138983,1.824365990794919
Male,Yes,0,Graduate,,Semiurban,3333.0,2500.0,128.0,360.0,1.0,5833.0,0.35555555555555557,0.045569956484714964,0.06094541576200815,8.671458150427666,4.859812404361672
,,,,,,1580.4545454545455,0.0,2.9113636363636366,,0.0,1580.4545454545455,,0.5426707454114121,,7.366100300919158,1.3638860692992327
Male,Yes,3+,Not Graduate,No,Semiurban,4931.0,0.0,128.0,360.0,,4931.0,0.35555555555555557,0.0385231365379958,0.07209155627647111,8.503499864284235,4.859812404361672
,,1,Graduate,No,,5232.843137254902,0.0,183.8970588235294,120.0,0.0,5232.843137254902,1.5324754901960782,0.02845512981883292,0.2928011883443351,8.562901112685863,5.219799231417074
Female,No,0,Graduate,,Rural,3418.0,0.0,135.0,360.0,1.0,3418.0,0.375,0.025318330975326108,0.10968119333138344,8.137103389639302,4.912654885736052
Female,Yes,0,Not Graduate,No,Semiurban,3017.0,663.0,102.0,360.0,,3680.0,0.2833333333333333,0.036078077665905234,0.07697183736303541,8.210939733379021,4.634728988229636
,,,,,,4228.409090909091,0.0,9.981818181818182,,1.0,4228.409090909091,,0.42356867709063756,,8.349817567461548,2.396241012702344
Male,No,0,Graduate,No,Rural,3158.0,3053.0,89.0,360.0,1.0,6211.0,0.24722222222222223,0.0697857327445759,0.03979752450454318,8.734238184268579,4.499809670330265
,,,,,,2495.454545454545,0.0,3.7431818181818186,,0.0,2495.454545454545,,0.6664886126353614,,7.822626822466495,1.556708180164894
,,3+,Graduate,Yes,,1046.5686274509803,0.0,24.22058823529412,192.0,0.0,1046.5686274509803,0.12614889705882354,0.04320809260253169,0.12042065192977204,6.954227165116578,3.2276606544239335
Male,Yes,2,Not Graduate,No,Rural,3987.0,1411.0,157.0,360.0,1.0,5398.0,0.4361111111111111,0.03438194661180502,0.08077627544195427,8.593969030218288,5.062595033026967
,,,,,,5129.545454545455,0.0,2.994545454545455,,0.0,5129.545454545455,,1.7123911262177172,,8.542967258934677,1.3849297941580938
,,,,,,3604.5454545454554,0.0,4.990909090909091,,1.0,3604.5454545454554,,0.7220775436615616,,8.190228343279276,1.790243168710091
Male,Yes,3+,Graduate,No,Urban,5250.0,0.0,94.0,360.0,1.0,5250.0,0.2611111111111111,0.05585046967585451,0.049725978120569635,8.566173813637858,4.553876891600541
,,,,,,4505.681818181819,0.0,8.318181818181818,,1.0,4505.681818181819,,0.5416015560970813,,8.413316422945787,2.2319675257800924
,,,,,,6169.318181818183,0.0,23.95636363636364,,1.0,6169.318181818183,,0.25751239892081007,,8.727505684746156,3.2171288452420637
,,,,,,1330.909090909091,0.0,3.327272727272728,,1.0,1330.909090909091,,0.3998798175411761,,7.194368598702942,1.464937488439004
Female,No,0,Graduate,No,Semiurban,4166.0,0.0,116.0,360.0,0.0,4166.0,0.32222222222222224,0.035913483504452545,0.07732714716156042,8.334951631422454,4.762173934797756
Male,Yes,1,Graduate,No,Rural,4583.0,1508.0,128.0,360.0,1.0,6091.0,0.35555555555555557,0.04758556573776768,0.05836433938863354,8.714731714015052,4.859812404361672
,,,,,,1663.6363636363635,0.0,11.02159090909091,,1.0,1663.6363636363635,,0.15092970222312027,,7.417361978343343,2.4867042755145223
Male,Yes,1,Not Graduate,No,Semiurban,2600.0,2500.0,90.0,360.0,1.0,5100.0,0.25,0.05666603704403284,0.04900999803960008,8.537191877922927,4.51085950651685
,,2,Graduate,Yes,,3289.21568627451,0.0,89.70588235294117,240.0,0.0,3289.21568627451,0.3737745098039216,0.036666257928053704,0.11360182597243161,8.098708399748725,4.507622210067058
Male,Yes,0,Graduate,No,Semiurban,1977.0,997.0,50.0,360.0,1.0,2974.0,0.1388888888888889,0.05947881042379152,0.04668534080298786,7.99799931797973,3.9318256327243257
,,,,,,3327.2727272727275,0.0,2.8281818181818186,,1.0,3327.2727272727275,,1.1760547540246136,,8.110208747884139,1.342389969375466
,,,,,,3818.184090909092,0.0,9.981818181818182,,0.0,3818.184090909092,,0.38247557166404106,,8.247792090020038,2.396241012702344
Female,No,0,Graduate,No,Semiurban,3846.0,0.0,111.0,360.0,1.0,3846.0,0.30833333333333335,0.03464833650147296,0.08014903387921325,8.255048902752295,4.718498871295094
,,,,,,7569.545454545455,0.0,6.654545454545455,,1.0,7569.545454545455,,1.1373290898908635,,8.932020398597293,2.0352996484499104
Female,No,0,Graduate,Yes,Urban,2500.0,0.0,93.0,360.0,,2500.0,0.25833333333333336,0.026881431382458253,0.10329201652672267,7.824445930877619,4.543294782270004
,,3+,Not Graduate,Yes,,7101.71568627451,0.0,228.75,144.0,1.0,7101.71568627451,1.5885416666666667,0.031045615915447407,0.2236527177536347,8.868232480922941,5.436991761235796
,,,,,,7260.386363636365,0.0,15.970909090909092,,1.0,7260.386363636365,,0.45457223192992247,,8.89032604876702,2.8315006482832445
,,3+,Not Graduate,Yes,,3139.705882352941,0.0,86.11764705882352,240.0,1.0,3139.705882352941,0.35882352941176465,0.03645790998328571,0.11424932574168413,8.052202856934938,4.467259470211583
,,3+,Not Graduate,Yes,,5681.372549019608,0.0,236.8235294117647,168.0,1.0,5681.372549019608,1.4096638655462184,0.023989797691697116,0.24807663583927292,8.645124126794064,5.471528925584555
,,,,,,2495.454545454545,0.0,8.318181818181818,,1.0,2495.454545454545,,0.2999639387614603,,7.822626822466495,2.2319675257800924
Male,Yes,2,Graduate,No,Urban,16666.0,0.0,275.0,360.0,1.0,16666.0,0.7638888888888888,0.06060341598757823,0.04583241668499963,9.721185995542177,5.62040086571715
Male,Yes,0,Graduate,No,Rural,2439.0,3333.0,129.0,360.0,1.0,5772.0,0.35833333333333334,0.044743839195045,0.06207055834632484,8.660947155060933,4.867534450455582
,,1,Not Graduate,Yes,,4036.7647058823527,0.0,122.0,48.0,1.0,4036.7647058823527,2.5416666666666665,0.03308796408129731,0.6294736944339229,8.303446527210276,4.812184355372417
,,3+,Graduate,Yes,,224.26470588235293,0.0,9.867647058823527,144.0,1.0,224.26470588235293,0.0685253267973856,0.0227249697497124,0.3041991266628947,5.417276181293432,2.385790215772095
,,,,,,2564.7727272727275,0.0,6.571363636363637,,1.0,2564.7727272727275,,0.39023597432776364,,7.850014970431726,2.0243731881307006
,,0,Not Graduate,Yes,,2990.1960784313724,0.0,98.67647058823528,96.0,1.0,2990.1960784313724,1.027879901960784,0.030302723211349476,0.3436350794160641,8.003428612626799,4.6019296469908895
,,3+,Not Graduate,Yes,,6129.901960784314,0.0,241.30882352941177,240.0,0.0,6129.901960784314,1.005453431372549,0.025402620876050566,0.16399763653110566,8.72109715689667,5.490213042881325
,,,,,,5363.009090909091,0.0,12.477272727272728,,1.0,5363.009090909091,,0.4297877765716409,,8.587466939200485,2.6010047650794643
,,,,,,4852.272727272728,0.0,10.813636363636364,,1.0,4852.272727272728,,0.44867645699010605,,8.48740854549211,2.469254488289129
,,2,Graduate,No,,2990.1960784313724,0.0,82.52941176470588,192.0,1.0,2990.1960784313724,0.42984068627450983,0.03623144504545086,0.1437019423012632,8.003428612626799,4.425198806539091
,,3+,Graduate,No,,5980.392156862745,0.0,249.3823529411765,192.0,0.0,5980.392156862745,1.2988664215686276,0.023980719187272192,0.21715118947323567,8.696408622001423,5.522989161267896
,,2,Not Graduate,No,,6727.941176470588,0.0,278.0882352941176,168.0,1.0,6727.941176470588,1.6552871148459383,0.024193461387870208,0.24599518281331692,8.814173081356467,5.631527987357597
,,,,,,13170.454545454548,0.0,12.477272727272728,,1.0,13170.454545454548,,1.0554709640757391,,9.485807232485062,2.6010047650794643
,Yes,0,Graduate,No,Semiurban,16692.0,0.0,110.0,360.0,1.0,16692.0,0.3055555555555556,0.15174407505386314,0.01830441236180169,9.722744748855389,4.709530201312334
Male,Yes,2,Graduate,No,Urban,4566.0,0.0,100.0,360.0,1.0,4566.0,0.2777777777777778,0.045659543404565954,0.06082281098703258,8.426611813185,4.61512051684126
,,2,Graduate,No,,2840.686274509804,0.0,102.26470588235294,72.0,1.0,2840.686274509804,1.420343137254902,0.027777506154191573,0.4998240481349102,7.952152913580554,4.637295651552271
,,3+,Not Graduate,Yes,,2616.421568627451,0.0,92.3970588235294,120.0,0.0,2616.421568627451,0.7699754901960784,0.02831684563443634,0.29417328084441724,7.869944978065555,4.536859854626868
Female,No,0,Graduate,No,Urban,2500.0,0.0,67.0,360.0,1.0,2500.0,0.18611111111111112,0.037312875927224966,0.07441467857301524,7.824445930877619,4.219507705176107
,,,,,,2079.545454545455,0.0,6.654545454545455,,0.0,2079.545454545455,,0.31245304667331414,,7.64038537607929,2.0352996484499104
,,,,,,3594.1477272727275,0.0,2.994545454545455,,1.0,3594.1477272727275,,1.19983080938363,,8.187340361737226,1.3849297941580938
,,3+,Graduate,Yes,,747.5490196078431,0.0,23.323529411764707,72.0,0.0,747.5490196078431,0.32393790849673204,0.03204990790642856,0.4327544355965354,6.618136692173317,3.19144417040753
Male,Yes,0,Graduate,No,Urban,1809.0,1868.0,90.0,360.0,1.0,3677.0,0.25,0.04085510160998211,0.06797172376291463,8.210124405164267,4.51085950651685
Male,Yes,0,Graduate,No,Semiurban,6250.0,0.0,128.0,360.0,1.0,6250.0,0.35555555555555557,0.04882774353325365,0.05687978812278924,8.740496729931813,4.859812404361672
,,,,,,1871.5909090909088,0.0,0.8318181818181819,,0.0,1871.5909090909088,,2.2472983298766507,,7.535078263794142,0.6053090155943215
,,,,,,3711.572727272728,0.0,1.4972727272727275,,0.0,3711.572727272728,,2.4772343911170442,,8.219480372756848,0.9151992273088121
,,0,Graduate,No,,1345.5882352941176,0.0,48.44117647058823,192.0,0.0,1345.5882352941176,0.252297794117647,0.027777204356437088,0.18736075921719375,7.205329439472777,3.9007836087924543
Male,Yes,0,Not Graduate,No,Rural,3572.0,4114.0,152.0,,0.0,7686.0,,0.05056545680620522,,8.947285869349132,5.030437921392435
,,3+,Not Graduate,Yes,,3737.745098039216,0.0,162.36764705882354,144.0,0.0,3737.745098039216,1.1275531045751634,0.023020116049159982,0.3015859800569203,8.226505298820387,5.096003164405616
,,,,,,2460.795454545455,0.0,3.327272727272728,,1.0,2460.795454545455,,0.7393611209745704,,7.808646222279761,1.464937488439004
Male,Yes,1,Graduate,No,Urban,3875.0,0.0,67.0,360.0,1.0,3875.0,0.18611111111111112,0.0578349576871987,0.04801628253640638,8.262558973010657,4.219507705176107
Male,Yes,1,Graduate,No,Urban,1625.0,1803.0,96.0,360.0,1.0,3428.0,0.26666666666666666,0.03570796137540234,0.07776805677068145,8.14002395246292,4.574710978503383
Male,No,1,Graduate,No,Urban,3062.0,1987.0,111.0,180.0,0.0,5049.0,0.6166666666666667,0.04548607670201169,0.12211221122112213,8.527143522269405,4.718498871295094
,,3+,Graduate,No,,5083.333333333333,0.0,173.13235294117646,72.0,1.0,5083.333333333333,2.4046160130718954,0.029360797598949284,0.4729461770940593,8.533919195331823,5.15981565915485
,,,,,,1109.0909090909092,0.0,2.037954545454546,,0.0,1109.0909090909092,,0.5439507769133022,,7.012197191034652,1.1111844420651207
,,3+,Not Graduate,No,,672.7941176470588,0.0,19.735294117647054,24.0,0.0,672.7941176470588,0.8223039215686273,0.03408918177022327,1.2204082820434472,6.512924600817186,3.031837278196107
Male,Yes,0,Not Graduate,No,Semiurban,3406.0,4417.0,123.0,360.0,1.0,7823.0,0.3416666666666667,0.06360110893407371,0.043669052488070896,8.964951211714654,4.820281565605037
,,,,,,2079.545454545455,0.0,4.990909090909091,,1.0,2079.545454545455,,0.41658319826628554,,7.64038537607929,1.790243168710091
Male,Yes,0,Graduate,No,Semiurban,14583.0,0.0,436.0,360.0,1.0,14583.0,1.211111111111111,0.03344717099272708,0.08304382275857865,9.5876803163585,6.07993319509559
,,1,Not Graduate,Yes,,2840.686274509804,0.0,99.5735294117647,72.0,1.0,2840.686274509804,1.3829656862745097,0.028528242024251818,0.4866707837103072,7.952152913580554,4.610889095921989
Male,No,2,Graduate,No,Rural,3588.0,0.0,110.0,360.0,0.0,3588.0,0.3055555555555556,0.03261788529195189,0.08513668307482741,8.185628891147607,4.709530201312334
,,,,,,4300.5,0.0,11.146363636363638,,0.0,4300.5,,0.38578628456789615,,8.366719078061402,2.497029835802432
,,3+,Graduate,No,,822.3039215686275,0.0,25.11764705882353,168.0,0.0,822.3039215686275,0.14950980392156862,0.03273679189977605,0.18159734212939255,6.713325417524699,3.2626112183760085
,,3+,Graduate,No,,523.2843137254902,0.0,23.323529411764707,168.0,1.0,523.2843137254902,0.13883053221288516,0.02243493553449999,0.2648000876211135,6.262034120621459,3.19144417040753
Male,No,0,Graduate,No,Urban,4950.0,0.0,125.0,360.0,1.0,4950.0,0.3472222222222222,0.03959968320253438,0.0701317354518728,8.507344855361422,4.836281906951478
,,3+,Not Graduate,No,,5681.372549019608,0.0,271.80882352941177,144.0,0.0,5681.372549019608,1.887561274509804,0.020902013309334434,0.3321783741256931,8.645124126794064,5.608771269762267
,,,,,,5198.863636363637,0.0,9.981818181818182,,1.0,5198.863636363637,,0.5207811603573413,,8.556387680449445,2.396241012702344
,,,,,,9219.318181818184,0.0,29.113636363636367,,0.0,9219.318181818184,,0.31665579012118245,,9.129164825913772,3.4049781045020615
Female,No,0,Graduate,No,Semiurban,5000.0,0.0,103.0,360.0,0.0,5000.0,0.2861111111111111,0.04854321802700945,0.05721078006620898,8.517393171418904,4.6443908991413725
,,2,Not Graduate,No,,2018.3823529411764,0.0,52.92647058823529,168.0,1.0,2018.3823529411764,0.31503851540616246,0.03813487269481988,0.15600736281928843,7.610546977768631,3.9876214628952193
,,,,,,3100.186363636364,0.0,5.406818181818182,,1.0,3100.186363636364,,0.5732785865581819,,8.039540015210271,1.8573627642018058
,,,,,,3465.9090909090914,0.0,3.7431818181818186,,0.0,3465.9090909090914,,0.9256786286602244,,8.151018724086292,1.556708180164894
,,,,,,2482.977272727273,0.0,2.724204545454546,,1.0,2482.977272727273,,0.9111159295799314,,7.817616293545842,1.3148532841831588
Male,Yes,0,Graduate,Yes,Rural,2577.0,3750.0,152.0,360.0,1.0,6327.0,0.4222222222222222,0.041624726153117415,0.0667228543334738,8.75273950944749,5.030437921392435
,,0,Graduate,Yes,,7026.9607843137255,0.0,268.2205882352941,144.0,0.0,7026.9607843137255,1.862642973856209,0.026198341567306695,0.26503320536642616,8.857651869370208,5.595531074174908
,,0,Graduate,Yes,,1794.1176470588234,0.0,52.92647058823529,168.0,0.0,1794.1176470588234,0.31503851540616246,0.03389766461761767,0.17549741986121709,7.492825840311576,3.9876214628952193
,,3+,Graduate,No,,4186.274509803921,0.0,184.7941176470588,72.0,0.0,4186.274509803921,2.5665849673202614,0.022653599094535112,0.6129488194076982,8.33980532627841,5.224639166282539
,,3+,Graduate,Yes,,4335.7843137254895,0.0,116.61764705882352,96.0,1.0,4335.7843137254895,1.214767156862745,0.037179168366946326,0.28010781006980867,8.374888410923697,4.767439084230657
,,1,Graduate,Yes,,4111.519607843137,0.0,108.54411764705884,48.0,0.0,4111.519607843137,2.261335784313726,0.03787843891064725,0.5498662620358209,8.321791162926854,4.69632736900017
,,0,Not Graduate,Yes,,4186.274509803921,0.0,171.33823529411765,168.0,1.0,4186.274509803921,1.0198704481792717,0.024432667174087958,0.24356426735132528,8.33980532627841,5.149459030082496
,,2,Not Graduate,No,,6279.411764705882,0.0,219.77941176470588,72.0,0.0,6279.411764705882,3.0524918300653594,0.028571298571542128,0.4860337099582372,8.745190824941107,5.397164066236198
Male,Yes,0,Not Graduate,,Rural,2894.0,2792.0,155.0,360.0,1.0,5686.0,0.4305555555555556,0.03668363429913355,0.07570873141472756,8.645938147306799,5.049856007249537
Male,No,0,Graduate,No,Urban,5316.0,0.0,136.0,360.0,1.0,5316.0,0.37777777777777777,0.03908794788273615,0.07105092679664807,8.57866451350434,4.919980925828125
,,2,Not Graduate,No,,4111.519607843137,0.0,175.8235294117647,192.0,0.0,4111.519607843137,0.9157475490196078,0.02338422074325216,0.22267311437814227,8.321791162926854,5.175152226256704
Male,No,0,Graduate,No,Semiurban,1926.0,1851.0,50.0,360.0,1.0,3777.0,0.1388888888888889,0.0755384892302154,0.036762543379801185,8.236950048061455,3.9318256327243257
,,,,,,3743.1818181818185,0.0,4.658181818181818,,1.0,3743.1818181818185,,0.803398958069111,,8.227958398966923,1.7331026070717657
,,3+,Graduate,Yes,,822.3039215686275,0.0,39.47058823529412,72.0,0.0,822.3039215686275,0.548202614379085,0.0208328055275301,0.6658569211411062,6.713325417524699,3.700575493877128
,,,,,,11596.931818181818,0.0,16.636363636363637,,1.0,11596.931818181818,,0.6970414346678615,,9.35858206966258,2.8699628862649575
,,,,,,1663.6363636363635,0.0,3.327272727272728,,1.0,1663.6363636363635,,0.49984977192647007,,7.417361978343343,1.464937488439004
,,,,,,10259.09090909091,0.0,20.795454545454547,,0.0,10259.09090909091,,0.49330961134109397,,9.236016979220683,3.081701440965177
,,,,,,3604.5454545454554,0.0,12.477272727272728,,1.0,3604.5454545454554,,0.28886573753651806,,8.190228343279276,2.6010047650794643
,,,,,,4367.045454545455,0.0,16.636363636363637,,0.0,4367.045454545455,,0.2624842222598642,,8.382070923631003,2.8699628862649575
Male,Yes,3+,Graduate,No,Rural,3466.0,3428.0,150.0,360.0,1.0,6894.0,0.4166666666666667,0.045959693602042655,0.06043026347594876,8.838551790227402,5.017279836814924
,,,,,,2010.2272727272727,0.0,2.0795454545454546,,1.0,2010.2272727272727,,0.9662020449182906,,7.606500398169296,1.1247820064014944
,,3+,Graduate,No,,3513.4803921568628,0.0,93.29411764705884,72.0,0.0,3513.4803921568628,1.2957516339869284,0.03765985274222575,0.36868939057921907,8.164646967473027,4.546418808553337
,,,,,,4020.4545454545455,0.0,14.140909090909092,,1.0,4020.4545454545455,,0.2842936211518311,,8.29939894339688,2.7174002918413183
Male,Yes,2,Not Graduate,No,Semiurban,3675.0,242.0,108.0,360.0,1.0,3917.0,0.3,0.03626818270201202,0.07656967840735068,8.273336598504486,4.6913478822291435
,,3+,Not Graduate,No,,4186.274509803921,0.0,167.75,24.0,1.0,4186.274509803921,6.989583333333333,0.024955287955385787,1.6692441149889254,8.33980532627841,5.128418329752639
,,0,Not Graduate,Yes,,1345.5882352941176,0.0,33.19117647058823,24.0,0.0,1345.5882352941176,1.3829656862745097,0.04053931915210353,1.0270145320053583,7.205329439472777,3.53196761284535
,,,,,,4990.909090909091,0.0,11.645454545454546,,1.0,4990.909090909091,,0.4285346301254381,,8.515573698927732,2.537297826131027
Male,Yes,3+,Graduate,No,Semiurban,3167.0,4000.0,180.0,300.0,0.0,7167.0,0.6,0.039816445464191864,0.08370535714285714,8.877381954654766,5.198497031265826
Male,Yes,1,Graduate,No,Semiurban,3125.0,2583.0,170.0,360.0,1.0,5708.0,0.4722222222222222,0.03357627308074659,0.08271540063447579,8.64979915596426,5.14166355650266
Female,Yes,0,Graduate,No,Semiurban,3416.0,2816.0,113.0,360.0,,6232.0,0.3138888888888889,0.05514995442518208,0.05035919924416635,8.73761303680885,4.736198448394496
Male,Yes,3+,Graduate,,Urban,4416.0,1250.0,110.0,360.0,1.0,5666.0,0.3055555555555556,0.05150862264888501,0.05391839695704175,8.64241515616962,4.709530201312334
Male,No,0,Graduate,Yes,Urban,20166.0,0.0,650.0,480.0,,20166.0,1.3541666666666667,0.031024567654511302,0.06714765045205864,9.911802884139842,6.478509642208569
Female,Yes,2,Graduate,No,Urban,1378.0,1881.0,167.0,360.0,1.0,3259.0,0.4638888888888889,0.01951485320447183,0.14229720518064076,8.089482474360754,5.123963979403259
,,3+,Graduate,Yes,,2541.6666666666665,0.0,110.33823529411764,120.0,0.0,2541.6666666666665,0.919485294117647,0.023035021584948096,0.36162242820568186,7.8409686780522,4.7125727329272
Male,Yes,2,Graduate,No,Urban,11417.0,1126.0,225.0,360.0,1.0,12543.0,0.625,0.05574641890480487,0.04982461734693878,9.436997742590188,5.420534999272286
,,3+,Not Graduate,No,,7101.71568627451,0.0,199.1470588235294,240.0,0.0,7101.71568627451,0.8297794117647058,0.03566048159458856,0.11682565492072212,8.868232480922941,5.299052390469405
,,3+,Not Graduate,No,,2018.3823529411764,0.0,62.79411764705882,48.0,0.0,2018.3823529411764,1.3082107843137254,0.03214234527412678,0.6478271845885705,7.610546977768631,4.155660986210713
,,1,Not Graduate,No,,6578.43137254902,0.0,156.98529411764704,240.0,1.0,6578.43137254902,0.6541053921568627,0.04190449497214757,0.09941670565726221,8.79170360303941,5.062501953490435
,,,,,,3465.9090909090914,0.0,8.318181818181818,,1.0,3465.9090909090914,,0.41661658161313947,,8.151018724086292,2.2319675257800924
,,,,,,2356.818181818182,0.0,3.327272727272728,,1.0,2356.818181818182,,0.708120510229166,,7.765491971177087,1.464937488439004
,,,,,,4990.909090909091,0.0,20.795454545454547,,1.0,4990.909090909091,,0.239988459571343,,8.515573698927732,3.081701440965177
,,,,,,8484.545454545456,0.0,5.656363636363637,,1.0,8484.545454545456,,1.4997348588324149,,9.04611946016851,1.8955733348937198
,,3+,Not Graduate,Yes,,3139.705882352941,0.0,81.63235294117646,24.0,1.0,3139.705882352941,3.401348039215686,0.038461067311731725,1.082988400259714,8.052202856934938,4.4144012859360915
Male,Yes,0,Graduate,No,Semiurban,3000.0,3416.0,56.0,180.0,1.0,6416.0,0.3111111111111111,0.11456938268959482,0.048482329922255124,8.766705997750515,4.04305126783455
,,3+,Graduate,Yes,,224.26470588235293,0.0,8.970588235294118,96.0,0.0,224.26470588235293,0.0934436274509804,0.024997213425388645,0.4148169909039474,5.417276181293432,2.299639582764289
,,,,,,5198.863636363637,0.0,4.990909090909091,,1.0,5198.863636363637,,1.0414579956657137,,8.556387680449445,1.790243168710091
,,1,Not Graduate,No,,224.26470588235293,0.0,10.76470588235294,48.0,0.0,224.26470588235293,0.22426470588235292,0.020831398176125716,0.9955607781694739,5.417276181293432,2.4651040224918206
,,,,,,2079.545454545455,0.0,4.408636363636364,,1.0,2079.545454545455,,0.47159114336370767,,7.64038537607929,1.6879970026087463
Male,No,0,Graduate,,Semiurban,5050.0,0.0,118.0,360.0,1.0,5050.0,0.3277777777777778,0.042796247489428056,0.06489364042323852,8.527341522468053,4.77912349311153
,,,,,,1940.9090909090912,0.0,6.654545454545455,,1.0,1940.9090909090912,,0.2916228435617599,,7.571426835659304,2.0352996484499104
Male,Yes,1,Not Graduate,No,Rural,4050.0,5302.0,138.0,360.0,,9352.0,0.38333333333333336,0.06776762487228354,0.04098506717987099,9.143452426434552,4.9344739331306915
Male,Yes,3+,Graduate,No,Urban,7740.0,0.0,128.0,180.0,1.0,7740.0,0.7111111111111111,0.06046827759158131,0.09186295195854684,8.954286157204713,4.859812404361672
,,2,Not Graduate,No,,5307.598039215686,0.0,238.6176470588235,72.0,1.0,5307.598039215686,3.314133986928104,0.022243014553289604,0.6242955225552823,8.577083056629268,5.47904451569448
,,3+,Not Graduate,No,,2840.686274509804,0.0,133.66176470588235,240.0,0.0,2840.686274509804,0.5569240196078431,0.02125263741746312,0.1959836399265832,7.952152913580554,4.9027661879316256
Male,No,0,Graduate,No,Urban,3750.0,0.0,113.0,480.0,1.0,3750.0,0.23541666666666666,0.033185547030557254,0.06276104150004443,8.229777750081887,4.736198448394496
Male,Yes,3+,Graduate,No,Rural,4106.0,0.0,40.0,180.0,1.0,4106.0,0.2222222222222222,0.10264743381415464,0.05410816221627032,8.320448113956559,3.713572066704308
,,1,Graduate,No,,4784.313725490197,0.0,151.60294117647058,24.0,1.0,4784.313725490197,6.316789215686274,0.03155797724230099,1.3200365907125968,8.473306866103574,5.027839392429172
,,3+,Not Graduate,Yes,,3513.4803921568628,0.0,156.98529411764704,96.0,0.0,3513.4803921568628,1.6352634803921566,0.022380809814669722,0.4652931010915623,8.164646967473027,5.062501953490435
Male,Yes,3+,Not Graduate,Yes,Rural,5703.0,0.0,130.0,360.0,1.0,5703.0,0.3611111111111111,0.04386889331620526,0.06330839956365902,8.648922962094131,4.875197323201151
,,,,,,2329.090909090909,0.0,4.159090909090909,,1.0,2329.090909090909,,0.5598653875570901,,7.753662562575826,1.6407603835631415
,,,,,,1996.3636363636365,0.0,3.327272727272728,,1.0,1996.3636363636365,,0.5998197263117642,,7.599583408158,1.464937488439004
,,0,Graduate,No,,7251.225490196079,0.0,272.7058823529412,48.0,0.0,7251.225490196079,5.681372549019609,0.026589814777066893,0.7833971181260115,8.889063664909838,5.612054107788433
Female,No,1,Not Graduate,Yes,Semiurban,3867.0,0.0,62.0,360.0,1.0,3867.0,0.17222222222222222,0.062369961774810086,0.04452487647937493,8.260492856573185,4.143134726391533
,,,,,,3881.8181818181824,0.0,14.473636363636365,,1.0,3881.8181818181824,,0.26818070480652684,,8.264316504483485,2.739137696021511
Male,Yes,0,Not Graduate,No,Urban,6033.0,0.0,160.0,360.0,1.0,6033.0,0.4444444444444444,0.037706014337410394,0.0736566861856885,8.705165419719007,5.081404364984463
,,3+,Not Graduate,Yes,,2616.421568627451,0.0,107.6470588235294,96.0,0.0,2616.421568627451,1.1213235294117647,0.02430532976833913,0.42840769055012223,7.869944978065555,4.688104636143024
Male,No,0,Not Graduate,No,Rural,3598.0,1287.0,100.0,360.0,1.0,4885.0,0.2777777777777778,0.04884951150488495,0.056851776049483785,8.494129251817686,4.61512051684126
Male,Yes,2,Not Graduate,No,Rural,2281.0,0.0,113.0,360.0,1.0,2281.0,0.3138888888888889,0.02018566207378696,0.13754990748855778,7.732807530422021,4.736198448394496
Male,Yes,2,Graduate,Yes,Semiurban,4583.0,2083.0,160.0,360.0,1.0,6666.0,0.4444444444444444,0.04166223961100243,0.06666333349999166,8.80492526261806,5.081404364984463
Male,Yes,3+,Graduate,No,Semiurban,4000.0,7750.0,290.0,360.0,1.0,11750.0,0.8055555555555556,0.04051710166516667,0.06855208540171522,9.371693622333941,5.673323267171493
Male,Yes,3+,Graduate,No,Urban,5703.0,0.0,128.0,360.0,1.0,5703.0,0.35555555555555557,0.044554339419223286,0.06233442418575658,8.648922962094131,4.859812404361672
Female,No,0,Graduate,No,Urban,2400.0,1863.0,104.0,360.0,0.0,4263.0,0.28888888888888886,0.04098999048086076,0.06775067750677506,8.357962965845681,4.653960350157523
Male,Yes,0,Graduate,No,Semiurban,7578.0,1010.0,175.0,,1.0,8588.0,,0.04907400529139833,,9.058237593766226,5.170483995038151
,,3+,Graduate,No,,672.7941176470588,0.0,20.63235294117647,192.0,0.0,672.7941176470588,0.10746017156862746,0.032607115264548826,0.15948517322158687,6.512924600817186,3.074190015425331
Female,No,0,Graduate,No,Urban,10408.0,0.0,259.0,360.0,1.0,10408.0,0.7194444444444444,0.04018517303021996,0.06911753717402676,9.250426095515468,5.560681631015528
,,,,,,2426.136363636364,0.0,2.994545454545455,,1.0,2426.136363636364,,0.8099147218597311,,7.794467390236547,1.3849297941580938
Male,Yes,1,Graduate,No,Rural,4283.0,3000.0,172.0,84.0,1.0,7283.0,2.0476190476190474,0.04234277707687746,0.2811118956094244,8.8934354408475,5.153291594497779
,,3+,Graduate,Yes,,1345.5882352941176,0.0,47.54411764705882,144.0,0.0,1345.5882352941176,0.3301674836601307,0.028301291528665652,0.2451881540373153,7.205329439472777,3.8824730266770864
,,3+,Graduate,Yes,,7251.225490196079,0.0,202.73529411764704,192.0,0.0,7251.225490196079,1.0559129901960784,0.035766785230809346,0.1455984775464462,8.889063664909838,5.316821573406443
Male,Yes,0,Graduate,No,Rural,2625.0,6250.0,187.0,360.0,1.0,8875.0,0.5194444444444445,0.047459639253266024,0.058522357418256475,9.091106284052485,5.236441962829949
,,,,,,10397.727272727274,0.0,12.477272727272728,,1.0,10397.727272727274,,0.8332665505861098,,9.249438700018334,2.6010047650794643
,,,,,,2495.454545454545,0.0,12.477272727272728,,1.0,2495.454545454545,,0.19998397214066627,,7.822626822466495,2.6010047650794643
,,,,,,6238.636363636364,0.0,7.985454545454546,,0.0,6238.636363636364,,0.781152178119771,,8.738677184607141,2.1956071083220388
,,0,Graduate,Yes,,7325.980392156862,0.0,292.44117647058823,120.0,1.0,7325.980392156862,2.4370098039215686,0.025051039082571103,0.3326076601119687,8.899318758048407,5.681677198297346
,,,,,,2079.545454545455,0.0,3.7431818181818186,,1.0,2079.545454545455,,0.5554071771961346,,7.64038537607929,1.556708180164894
,,,,,,7625.0,0.0,4.990909090909091,,1.0,7625.0,,1.52747172697638,,8.939318740417509,1.790243168710091
,,,,,,4505.681818181819,0.0,5.822727272727273,,1.0,4505.681818181819,,0.7736766519411187,,8.413316422945787,1.9202592852811005
,,,,,,7070.454545454546,0.0,3.327272727272728,,1.0,7070.454545454546,,2.124361530687498,,8.863821472589304,1.464937488439004
,,0,Graduate,No,,3662.990196078431,0.0,165.95588235294116,96.0,1.0,3662.990196078431,1.728707107843137,0.022071939073236718,0.4718099709145981,8.206308050047655,5.117729599988427
Male,Yes,0,Graduate,No,Urban,1828.0,1330.0,100.0,,0.0,3158.0,,0.031579684203157966,,8.058010800802085,4.61512051684126
,,,,,,5268.181818181818,0.0,10.98,,1.0,5268.181818181818,,0.47975428632927947,,8.569630376765534,2.4832385926873033
Male,Yes,2,Graduate,Yes,Rural,9323.0,7873.0,380.0,300.0,1.0,17196.0,1.2666666666666666,0.04525251249338817,0.07365625787443546,9.752490228984199,5.942799375126701
,,3+,Not Graduate,No,,4186.274509803921,0.0,188.3823529411765,144.0,0.0,4186.274509803921,1.3082107843137256,0.02222210425945175,0.3124253691155743,8.33980532627841,5.243768002922022
,,1,Graduate,No,,448.52941176470586,0.0,10.76470588235294,168.0,0.0,448.52941176470586,0.06407563025210083,0.04166279635225143,0.14253935020749992,6.1082012839506294,2.4651040224918206
Male,Yes,0,Not Graduate,No,Rural,2253.0,2033.0,110.0,360.0,1.0,4286.0,0.3055555555555556,0.03896328215198044,0.07127491382214966,8.363342466597977,4.709530201312334
,,,,,,3812.222727272728,0.0,10.397727272727272,,1.0,3812.222727272728,,0.36660474183903635,,8.2462299707592,2.433413973483729
,,,,,,6238.636363636364,0.0,24.954545454545457,,0.0,6238.636363636364,,0.2499899821865062,,8.738677184607141,3.2563467562976944
,,0,Not Graduate,No,,7176.470588235294,0.0,342.6764705882353,96.0,0.0,7176.470588235294,3.5695465686274512,0.020942347262912456,0.4973265337343704,8.878702314213962,5.839700722356797
,,,,,,6585.504545454546,0.0,8.318181818181818,,1.0,6585.504545454546,,0.791604834391494,,8.79277806878648,2.2319675257800924
,,,,,,4575.000000000001,0.0,6.987272727272728,,1.0,4575.000000000001,,0.6546682103784263,,8.428580533059634,2.077849365749263
,No,0,Graduate,No,Urban,3583.0,0.0,96.0,360.0,1.0,3583.0,0.26666666666666666,0.037322527890334474,0.0744047619047619,8.18423477409482,4.574710978503383
Female,No,0,Graduate,Yes,Semiurban,4583.0,0.0,133.0,360.0,0.0,4583.0,0.36944444444444446,0.03445838753092082,0.08059433779329067,8.430327258394575,4.897839799950911
,,1,Graduate,Yes,,4335.7843137254895,0.0,149.80882352941177,144.0,1.0,4335.7843137254895,1.0403390522875817,0.028941922576086982,0.2398872014444003,8.374888410923697,5.016012965330375
Male,Yes,2,Graduate,No,Rural,3340.0,1710.0,150.0,360.0,0.0,5050.0,0.4166666666666667,0.03366644222371851,0.08249191579225236,8.527341522468053,5.017279836814924
Female,No,0,Graduate,No,Urban,1811.0,1666.0,54.0,360.0,1.0,3477.0,0.15,0.06438769652413844,0.04312823461759632,8.154212694914229,4.007333185232471
,,2,Not Graduate,Yes,,1569.8529411764705,0.0,61.0,144.0,1.0,1569.8529411764705,0.4236111111111111,0.025734872234495672,0.26966948974475796,7.359374025456811,4.127134385045092
,,,,,,2079.545454545455,0.0,2.994545454545455,,0.0,2079.545454545455,,0.6942126187369124,,7.64038537607929,1.3849297941580938
Male,Yes,0,Not Graduate,No,Urban,2454.0,2333.0,181.0,360.0,0.0,4787.0,0.5027777777777778,0.026447367694101137,0.10500789009560939,8.473868066677865,5.204006687076795
,,,,,,4089.772727272728,0.0,9.981818181818182,,1.0,4089.772727272728,,0.4096811794811085,,8.316489162065185,2.396241012702344
,,,,,,4020.4545454545455,0.0,7.902272727272728,,0.0,4020.4545454545455,,0.5087075549829759,,8.29939894339688,2.1863066067535244
,,3+,Not Graduate,No,,5681.372549019608,0.0,171.33823529411765,168.0,1.0,5681.372549019608,1.0198704481792717,0.03315861973626223,0.17947968729280733,8.645124126794064,5.149459030082496
,,,,,,2853.136363636364,0.0,3.327272727272728,,1.0,2853.136363636364,,0.8572423588538963,,7.956524576725903,1.464937488439004
Male,Yes,2,Graduate,No,Urban,3800.0,3600.0,216.0,360.0,0.0,7400.0,0.6,0.034259100652311796,0.08107012565869477,8.909370405197466,5.37989735354046
,,,,,,6030.681818181819,0.0,0.8318181818181819,,1.0,6030.681818181819,,7.241294618491431,,8.704781159321353,0.6053090155943215
,,,,,,1555.5000000000002,0.0,3.951136363636364,,1.0,1555.5000000000002,,0.3935845975134277,,7.350194989881663,1.59961711864519
,,,,,,10977.7125,0.0,9.981818181818182,,1.0,10977.7125,,1.0996606669641473,,9.303713449536094,2.396241012702344
,,,,,,3944.204545454546,0.0,9.316363636363636,,1.0,3944.204545454546,,0.42331765716014097,,8.28025608122724,2.33373133714228
Female,No,0,Graduate,Yes,Rural,7441.0,0.0,194.0,360.0,1.0,7441.0,0.5388888888888889,0.03835547239447219,0.0724118367225059,8.914894908906568,5.272999558563747
Male,Yes,1,Not Graduate,No,Rural,2653.0,1500.0,113.0,180.0,0.0,4153.0,0.6277777777777778,0.036751887151441134,0.1511260899802065,8.331827004436057,4.736198448394496
Male,Yes,0,Graduate,No,Urban,2213.0,1125.0,,360.0,1.0,3338.0,,,,8.113426639943654,
,,,,,,5129.545454545455,0.0,7.486363636363637,,1.0,5129.545454545455,,0.6850936729762873,,8.542967258934677,2.1384605971893613
,,,,,,4300.91590909091,0.0,6.654545454545455,,1.0,4300.91590909091,,0.6462153911297484,,8.366815762702858,2.0352996484499104
,,,,,,1525.0,0.0,8.318181818181818,,0.0,1525.0,,0.18331129590978135,,7.330405211844402,2.2319675257800924
,,,,,,5524.659090909092,0.0,5.98909090909091,,1.0,5524.659090909092,,0.9222997070920156,,8.617157811743406,1.9443504918636667
,,,,,,2564.7727272727275,0.0,5.98909090909091,,0.0,2564.7727272727275,,0.42816924921461197,,7.850014970431726,1.9443504918636667
,,2,Graduate,No,,4335.7843137254895,0.0,194.66176470588235,96.0,0.0,4335.7843137254895,2.0277267156862746,0.02227331107865679,0.46756457527037304,8.374888410923697,5.276387478235683
Male,Yes,0,Graduate,No,Rural,5923.0,2054.0,211.0,360.0,1.0,7977.0,0.5861111111111111,0.037805508030767626,0.07346592016935462,8.984443032465352,5.356586274672012
,,,,,,2495.454545454545,0.0,6.654545454545455,,1.0,2495.454545454545,,0.37494365600797686,,7.822626822466495,2.0352996484499104
,,2,Graduate,Yes,,4111.519607843137,0.0,194.66176470588235,24.0,0.0,4111.519607843137,8.110906862745098,0.02112124326424351,1.9722475844921177,8.321791162926854,5.276387478235683
,,2,Graduate,No,,7251.225490196079,0.0,178.51470588235293,192.0,0.0,7251.225490196079,0.9297640931372548,0.040619537952446876,0.1282039691670035,8.889063664909838,5.190257131493693
,,,,,,2641.0227272727275,0.0,3.244090909090909,,1.0,2641.0227272727275,,0.813851692066338,,7.879300087343806,1.4455276411375186
Male,Yes,2,Graduate,No,Rural,5042.0,2083.0,185.0,360.0,1.0,7125.0,0.5138888888888888,0.03851330533348468,0.07211463498300433,8.871505346165781,5.225746673713202
Male,Yes,0,Graduate,No,Semiurban,2499.0,2458.0,160.0,360.0,1.0,4957.0,0.4444444444444444,0.030981056368397698,0.0896418806866568,8.508757712595136,5.081404364984463
Male,Yes,2,Graduate,Yes,Urban,5417.0,4196.0,267.0,360.0,1.0,9613.0,0.7416666666666667,0.036003610473369016,0.0771444421330005,9.170975648453906,5.5909869805108565
,,,,,,13863.636363636366,0.0,19.54772727272728,,1.0,13863.636363636366,,0.7091835785635893,,9.537096730777447,3.02275033982506
Female,Yes,2,Graduate,No,Semiurban,2031.0,1632.0,113.0,480.0,1.0,3663.0,0.23541666666666666,0.032415642339448325,0.06425127365356623,8.20631072579402,4.736198448394496
,,3+,Not Graduate,Yes,,1495.0980392156862,0.0,61.89705882352941,72.0,1.0,1495.0980392156862,0.8596813725490197,0.024154199140205543,0.5746156668982059,7.310615690622233,4.141499403050802
,,,,,,4297.727272727273,0.0,10.397727272727272,,1.0,4297.727272727273,,0.4132935848792685,,8.366074274783333,2.433413973483729
,,,,,,5342.906818181819,0.0,2.848977272727273,,1.0,5342.906818181819,,1.874719096643514,,8.583712278346987,1.3478074695627609
,,,,,,1802.2727272727277,0.0,0.9981818181818184,,1.0,1802.2727272727277,,1.8037485215176055,,7.497358474810654,0.6922376761771049
,,,,,,3812.5,0.0,8.318181818181818,,1.0,3812.5,,0.45827823977445337,,8.246302681604293,2.2319675257800924
Male,No,2,Graduate,No,Semiurban,4923.0,0.0,166.0,360.0,0.0,4923.0,0.46111111111111114,0.02965644785272378,0.0936456358877155,8.501876487304344,5.117993812416755
,,1,Graduate,No,,2093.1372549019607,0.0,61.89705882352941,168.0,0.0,2093.1372549019607,0.36843487394957986,0.03381587879628776,0.17593635426099544,7.646896936035951,4.141499403050802
,,,,,,7139.772727272729,0.0,2.9321590909090918,,1.0,7139.772727272729,,2.4341580207501994,,8.873576274585941,1.3691886620231513
,,,,,,5545.454545454546,0.0,11.645454545454546,,0.0,5545.454545454546,,0.4761495890282646,,8.620914181968814,2.537297826131027
Male,No,0,Not Graduate,No,Rural,3691.0,0.0,110.0,360.0,1.0,3691.0,0.3055555555555556,0.033554240415996216,0.08276152642349827,8.213923595622743,4.709530201312334
,,,,,,1455.6818181818182,0.0,4.159090909090909,,1.0,1455.6818181818182,,0.34991586722318135,,7.283916400865246,1.6407603835631415
Male,Yes,1,Graduate,No,Semiurban,8300.0,0.0,152.0,300.0,0.0,8300.0,0.5066666666666667,0.05460490391510582,0.061036822872746255,9.024131268455035,5.030437921392435
,,,,,,3723.218181818182,0.0,3.327272727272728,,0.0,3723.218181818182,,1.1186637895714402,,8.222612224709259,1.464937488439004
,,3+,Not Graduate,No,,1943.627450980392,0.0,72.66176470588235,144.0,0.0,1943.627450980392,0.504595588235294,0.026748603068540378,0.2594818806969428,7.572825695793657,4.29948386818151
Male,Yes,0,Graduate,No,Semiurban,2698.0,2034.0,122.0,360.0,1.0,4732.0,0.3388888888888889,0.03878656732321866,0.0716012864755734,8.462314529906248,4.812184355372417
,,3+,Graduate,Yes,,5830.882352941177,0.0,244.0,192.0,0.0,5830.882352941177,1.2708333333333333,0.023896960885165127,0.21791134601547946,8.671095100806898,5.501258210544727
,,,,,,1940.6318181818183,0.0,8.318181818181818,,1.0,1940.6318181818183,,0.23327195637682904,,7.571284041887211,2.2319675257800924
,,,,,,3119.318181818182,0.0,5.406818181818182,,0.0,3119.318181818182,,0.5768163937733248,,8.045690256955766,1.8573627642018058
,,,,,,3812.5,0.0,10.813636363636364,,1.0,3812.5,,0.3525315019207976,,8.246302681604293,2.469254488289129
,,,,,,1060.568181818182,0.0,2.620227272727273,,1.0,1060.568181818182,,0.4046074878179895,,6.967502510656795,1.2865368063882858
,,2,Not Graduate,No,,6653.186274509803,0.0,159.67647058823528,240.0,0.0,6653.186274509803,0.6653186274509804,0.04166640572398945,0.09998497186644999,8.803001450552353,5.079392843779556
,,,,,,3604.5454545454554,0.0,4.325454545454546,,0.0,3604.5454545454554,,0.8331407198840118,,8.190228343279276,1.672498068601217
,,,,,,1663.6363636363635,0.0,7.694318181818183,,1.0,1663.6363636363635,,0.21618811910429594,,7.417361978343343,2.1626697297596
,,3+,Graduate,Yes,,5457.107843137255,0.0,164.16176470588235,96.0,0.0,5457.107843137255,1.7100183823529411,0.0332420561563661,0.31329875324889933,8.604857459801051,5.106925385786929
,,,,,,4436.363636363637,0.0,9.981818181818182,,0.0,4436.363636363637,,0.44439992350493124,,8.397815703477953,2.396241012702344
Male,No,1,Graduate,Yes,Rural,4692.0,0.0,106.0,360.0,1.0,4692.0,0.29444444444444445,0.04426373336100603,0.0627411984752705,8.453827315794417,4.672828834461906
,,3+,Graduate,No,,6279.411764705882,0.0,278.9852941176471,216.0,0.0,6279.411764705882,1.2915985838779958,0.022507957907272273,0.2056550799959344,8.745190824941107,5.63473708078157
,,,,,,1563.818181818182,0.0,3.493636363636364,,0.0,1563.818181818182,,0.44749096017273227,,7.355524918473136,1.5026622545204975
,,3+,Graduate,Yes,,3064.950980392157,0.0,131.86764705882354,72.0,1.0,3064.950980392157,1.8314950980392157,0.02324245412956238,0.5973660732843662,8.028113071173536,4.889353497850222
,,,,,,1497.2727272727277,0.0,1.6636363636363638,,1.0,1497.2727272727277,,0.8994593413794989,,7.31206820843581,0.9796922432246511
Female,No,1,Graduate,No,Rural,3812.0,0.0,112.0,360.0,1.0,3812.0,0.3111111111111111,0.03403541039812145,0.08159221377160009,8.246171559857563,4.727387818712341
,,,,,,2772.727272727273,0.0,5.323636363636364,,1.0,2772.727272727273,,0.5207355175769579,,7.92794728051419,1.8442944166877118
,,,,,,2204.318181818182,0.0,9.981818181818182,,1.0,2204.318181818182,,0.2208112119915127,,7.698627077614982,2.396241012702344
Male,Yes,1,Graduate,No,Semiurban,6065.0,2004.0,250.0,360.0,1.0,8069.0,0.6944444444444444,0.032275870896516415,0.08605259534627564,8.995908761263994,5.5254529391317835
,,1,Graduate,No,,598.0392156862746,0.0,20.63235294117647,120.0,1.0,598.0392156862746,0.17193627450980392,0.028984102457376742,0.2870200648096625,6.395327064563918,3.074190015425331
,,,,,,5268.181818181818,0.0,5.198863636363637,,1.0,5268.181818181818,,1.013138456428053,,8.569630376765534,1.824365990794919
Male,Yes,2,Graduate,No,Urban,2301.0,985.7999878,78.0,180.0,1.0,3286.7999878,0.43333333333333335,0.04213792115229292,0.1318003938625519,8.097973923364721,4.3694478524670215
,,3+,Graduate,Yes,,7176.470588235294,0.0,189.27941176470588,72.0,1.0,7176.470588235294,2.6288807189542482,0.03791449163348372,0.366268407043463,8.878702314213962,5.248493580139846
,,,,,,1178.409090909091,0.0,4.782954545454546,,1.0,1178.409090909091,,0.24632531093522855,,7.072768821616306,1.7549147191165806
,,3+,Graduate,No,,4709.558823529412,0.0,130.97058823529412,96.0,0.0,4709.558823529412,1.3642769607843137,0.03595862955459132,0.2896210432549321,8.45756182615715,4.882579081359822
,,3+,Not Graduate,No,,5980.392156862745,0.0,269.11764705882354,168.0,0.0,5980.392156862745,1.601890756302521,0.022222139648151396,0.2678123611180707,8.696408622001423,5.598857593943186
,,,,,,2918.295454545455,0.0,4.159090909090909,,1.0,2918.295454545455,,0.7014980004807588,,7.979097583459064,1.6407603835631415
,,,,,,8664.772727272728,0.0,6.654545454545455,,1.0,8664.772727272728,,1.3018876944721423,,9.06713637616236,2.0352996484499104
Female,No,1,Not Graduate,,Semiurban,5191.0,0.0,132.0,360.0,1.0,5191.0,0.36666666666666664,0.03932545965560867,0.07062146892655366,8.554874258383926,4.890349128221754
,,,,,,7164.935227272728,0.0,12.477272727272728,,1.0,7164.935227272728,,0.5741928697882137,,8.877093858928252,2.6010047650794643
Male,Yes,2,Graduate,No,Semiurban,4708.0,1387.0,150.0,360.0,1.0,6095.0,0.4166666666666667,0.04063306244625036,0.06835083114610674,8.715388097366482,5.017279836814924
,,,,,,4436.363636363637,0.0,12.477272727272728,,1.0,4436.363636363637,,0.3555270615834068,,8.397815703477953,2.6010047650794643
,,,,,,6460.454545454546,0.0,7.320000000000001,,1.0,6460.454545454546,,0.8824552035861966,,8.773609733266595,2.1186622548331173
Male,Yes,0,Graduate,No,Rural,2920.0,16.12000084,87.0,360.0,1.0,2936.12000084,0.24166666666666667,0.03374811784738107,0.08228014742249255,7.9851847886683345,4.477336814478207
,,3+,Graduate,Yes,,7325.980392156862,0.0,242.2058823529412,24.0,0.0,7325.980392156862,10.091911764705882,0.03024678869975926,1.377363009666128,8.899318758048407,5.493908337106006
,,,,,,4609.659090909092,0.0,18.3,,1.0,4609.659090909092,,0.2518801754499258,,8.436126095599919,2.9601050959108397
,,2,Not Graduate,Yes,,3812.5,0.0,150.70588235294116,24.0,0.0,3812.5,6.279411764705881,0.025297451187872685,1.6466269213860971,8.246302681604293,5.021943661825128
,,3+,Not Graduate,No,,6354.166666666667,0.0,209.91176470588235,192.0,0.0,6354.166666666667,1.0932904411764706,0.03027051106477378,0.17203174968028173,8.757023409348369,5.351439869266414
,,3+,Not Graduate,Yes,,4335.7843137254895,0.0,125.58823529411764,168.0,0.0,4335.7843137254895,0.747549019607843,0.0345235346291544,0.1723740369660361,8.374888410923697,4.840939577225459
Male,No,0,Not Graduate,No,Urban,3200.0,2254.0,126.0,180.0,0.0,5454.0,0.7,0.04328537075102579,0.12832263978001834,8.604287898267172,4.844187086458591
,,,,,,3327.2727272727275,0.0,4.990909090909091,,1.0,3327.2727272727275,,0.6665331172260568,,8.110208747884139,1.790243168710091
,,,,,,10397.727272727274,0.0,12.477272727272728,,0.0,10397.727272727274,,0.8332665505861098,,9.249438700018334,2.6010047650794643
,,,,,,8872.727272727274,0.0,4.990909090909091,,1.0,8872.727272727274,,1.7774216459361514,,9.090850198170124,1.790243168710091
,,2,Graduate,Yes,,1196.0784313725492,0.0,42.16176470588236,144.0,0.0,1196.0784313725492,0.29279003267973863,0.028368121486247736,0.24458717574923702,7.087639226696754,3.7649550270860903
,,,,,,1940.9090909090912,0.0,5.926704545454546,,1.0,1940.9090909090912,,0.3274301335408847,,7.571426835659304,1.935384165532949
,,3+,Not Graduate,No,,2392.1568627450984,0.0,103.16176470588236,192.0,0.0,2392.1568627450984,0.5373008578431373,0.023188181022146426,0.22451552015141213,7.780368636426591,4.645945120577516
Male,No,0,Not Graduate,No,Urban,2333.0,1451.0,102.0,480.0,0.0,3784.0,0.2125,0.037097675512985165,0.056142668428005284,8.23880116587155,4.634728988229636
,,,,,,3622.2909090909097,0.0,3.6600000000000006,,1.0,3622.2909090909097,,0.9894266345509176,,8.195137982756036,1.5390154481375546
,,,,,,5545.454545454546,0.0,29.113636363636367,,1.0,5545.454545454546,,0.19046964819319243,,8.620914181968814,3.4049781045020615
,,,,,,10744.318181818182,0.0,20.795454545454547,,1.0,10744.318181818182,,0.5166418226883078,,9.28222542071991,3.081701440965177
,,3+,Not Graduate,Yes,,822.3039215686275,0.0,31.39705882352941,144.0,0.0,822.3039215686275,0.21803513071895422,0.026189642047310287,0.2648294572720308,6.713325417524699,3.4780676416262364
Male,No,0,Graduate,No,Rural,5124.0,0.0,124.0,,0.0,5124.0,,0.04132224740123064,,8.54188580400661,4.8283137373023015
Male,No,0,Graduate,No,Semiurban,4166.0,0.0,98.0,360.0,0.0,4166.0,0.2722222222222222,0.04250977030846624,0.06532810708476654,8.334951631422454,4.59511985013459
,,,,,,5268.181818181818,0.0,9.815454545454546,,0.0,5268.181818181818,,0.5366684879747362,,8.569630376765534,2.380976087690064
,,2,Not Graduate,No,,1420.343137254902,0.0,67.27941176470588,24.0,1.0,1420.343137254902,2.8033088235294117,0.021110797333139822,1.9722956055098393,7.2593575748471935,4.223608282843815
,,3+,Graduate,Yes,,6727.941176470588,0.0,177.61764705882354,240.0,0.0,6727.941176470588,0.7400735294117647,0.03787857461971567,0.10998365270298623,8.814173081356467,5.185247471281414
Male,No,0,Not Graduate,No,Rural,3833.0,0.0,110.0,360.0,1.0,3833.0,0.3055555555555556,0.034845137771474806,0.07969628470410944,8.251663923605589,4.709530201312334
,,3+,Not Graduate,Yes,,6279.411764705882,0.0,197.35294117647055,24.0,1.0,6279.411764705882,8.223039215686272,0.031818020594232464,1.3093153002956592,8.745190824941107,5.29004797506553
,,3+,Graduate,No,,1270.8333333333333,0.0,47.54411764705882,168.0,1.0,1270.8333333333333,0.28300070028011204,0.026728997554850895,0.2225139826602899,7.1482147080615785,3.8824730266770864
,,3+,Not Graduate,Yes,,4111.519607843137,0.0,173.13235294117646,120.0,0.0,4111.519607843137,1.4427696078431371,0.023747703940326628,0.3508237638773997,8.321791162926854,5.15981565915485
,,2,Graduate,No,,1868.872549019608,0.0,73.55882352941177,120.0,0.0,1868.872549019608,0.6129901960784314,0.025406158679436856,0.32782458697510053,7.533625551921446,4.311588391409122
,,,,,,2356.818181818182,0.0,9.565909090909091,,1.0,2356.818181818182,,0.24635105857311185,,7.765491971177087,2.3576326947782777
Male,No,0,Graduate,No,Urban,9166.0,0.0,244.0,360.0,1.0,9166.0,0.6777777777777778,0.037565419813853224,0.07393670533192732,9.123365357961776,5.501258210544727
,,3+,Graduate,No,,224.26470588235293,0.0,9.867647058823527,24.0,0.0,224.26470588235293,0.41115196078431365,0.0227249697497124,1.8251947599773684,5.417276181293432,2.385790215772095
Male,Yes,0,Graduate,No,Urban,5821.0,0.0,144.0,360.0,1.0,5821.0,0.4,0.04042333039353893,0.06870491240123669,8.669399124305569,4.976733742420574
,,0,Not Graduate,Yes,,2466.9117647058824,0.0,79.83823529411764,24.0,0.0,2466.9117647058824,3.3265931372549016,0.03089848939081257,1.3479384412478597,7.811127632646252,4.392450062684554
,,2,Graduate,Yes,,2167.8921568627447,0.0,95.08823529411764,72.0,0.0,2167.8921568627447,1.3206699346405228,0.022798502376817978,0.6089145236943653,7.68197178937997,4.565266886984909
Male,Yes,0,Graduate,No,Rural,9328.0,0.0,188.0,180.0,1.0,9328.0,1.0444444444444445,0.04961675735767363,0.1119567418206072,9.140883106960962,5.241747015059643
,,,,,,5892.045454545455,0.0,16.636363636363637,,1.0,5892.045454545455,,0.3541453792394993,,8.6815281981198,2.8699628862649575
,,3+,Graduate,Yes,,2018.3823529411764,0.0,93.29411764705884,192.0,1.0,2018.3823529411764,0.48590686274509814,0.021634383490214792,0.24062152570432627,7.610546977768631,4.546418808553337
Male,Yes,2,Graduate,Yes,Rural,6633.0,0.0,,360.0,0.0,6633.0,,,,8.799963219506997,
Male,Yes,1,Graduate,Yes,Rural,3466.0,1210.0,130.0,360.0,1.0,4676.0,0.3611111111111111,0.03596895408496858,0.07720998740883282,8.450412157725886,4.875197323201151
,,,,,,12823.863636363638,0.0,29.113636363636367,,1.0,12823.863636363638,,0.4404610614467575,,9.459141037340231,3.4049781045020615
,,3+,Not Graduate,Yes,,3363.970588235294,0.0,117.51470588235294,144.0,0.0,3363.970588235294,0.8160743464052288,0.028625710605891478,0.24252049906718684,8.121174501545918,4.775037053148405
Male,Yes,2,Graduate,No,Semiurban,6250.0,1695.0,210.0,360.0,1.0,7945.0,0.5833333333333334,0.03783315317546107,0.07341219900998407,8.980423936374544,5.351858133476067
,,,,,,2121.136363636364,0.0,12.061363636363636,,1.0,2121.136363636364,,0.17584748956182267,,7.660178578954825,2.569658531595435
,,,,,,3119.318181818182,0.0,8.318181818181818,,1.0,3119.318181818182,,0.3749549234518255,,8.045690256955766,2.2319675257800924
,,0,Not Graduate,No,,6802.696078431372,0.0,164.16176470588235,168.0,0.0,6802.696078431372,0.9771533613445378,0.04143872753738787,0.14362095985478315,8.825221284445114,5.106925385786929
,,,,,,2287.5000000000005,0.0,5.406818181818182,,1.0,2287.5000000000005,,0.42299868876710495,,7.7356518600936965,1.8573627642018058
,,,,,,11262.818181818184,0.0,20.795454545454547,,1.0,11262.818181818184,,0.5415739570993308,,9.329350936738622,3.081701440965177
,,2,Graduate,No,,3513.4803921568628,0.0,112.13235294117646,168.0,0.0,3513.4803921568628,0.667454481792717,0.031333053904131304,0.1899155514659438,8.164646967473027,4.728558398282828
,,3+,Not Graduate,Yes,,5307.598039215686,0.0,195.55882352941177,216.0,1.0,5307.598039215686,0.9053649237472767,0.027140533998372292,0.17054689713916238,8.577083056629268,5.280961742894909
,Yes,1,Graduate,Yes,Urban,9833.0,1833.0,182.0,180.0,1.0,11666.0,1.011111111111111,0.06409854890907193,0.08666419054693675,9.364519622823858,5.209486152841421
Male,No,0,Graduate,No,Urban,5417.0,0.0,168.0,360.0,1.0,5417.0,0.4666666666666667,0.03224385569133517,0.08613264427217916,8.59748202264504,5.1298987149230735
,,3+,Graduate,No,,2765.931372549019,0.0,118.41176470588236,48.0,1.0,2765.931372549019,2.4669117647058827,0.023358388594499364,0.891569552168999,7.925494177364791,4.782577727979617
,,0,Graduate,No,,3289.21568627451,0.0,96.88235294117646,168.0,0.0,3289.21568627451,0.5766806722689075,0.03395026685618101,0.1752713886431802,8.098708399748725,4.583766277324938
Male,Yes,0,Graduate,No,Semiurban,3727.0,1775.0,131.0,360.0,1.0,5502.0,0.3638888888888889,0.041999679391760365,0.06612554768106285,8.613048677059759,4.882801922586371
,,0,Not Graduate,No,,6503.676470588235,0.0,270.9117647058823,120.0,0.0,6503.676470588235,2.257598039215686,0.02400653390270843,0.34707307110871966,8.780276654212173,5.605477619205064
Male,No,,Graduate,No,Semiurban,2987.0,0.0,88.0,360.0,0.0,2987.0,0.24444444444444444,0.03394279610458972,0.08180871634686895,8.002359546252707,4.48863636973214
,,0,Graduate,No,,7026.9607843137255,0.0,253.8676470588235,240.0,1.0,7026.9607843137255,1.057781862745098,0.027679514054705305,0.15051049589036508,8.857651869370208,5.540744379273268
,,,,,,4846.172727272728,0.0,6.654545454545455,,1.0,4846.172727272728,,0.7281405799674913,,8.48615087112393,2.0352996484499104
,,,,,,5198.863636363637,0.0,6.654545454545455,,1.0,5198.863636363637,,0.7811326166832854,,8.556387680449445,2.0352996484499104
,,2,Graduate,No,,3812.5,0.0,148.01470588235293,144.0,1.0,3812.5,1.0278799019607843,0.025757401738368785,0.26953714486974806,8.246302681604293,5.004044998272211
Male,Yes,0,Not Graduate,No,Semiurban,2600.0,1911.0,116.0,360.0,0.0,4511.0,0.32222222222222224,0.03888759579658796,0.07141449960598897,8.414495793177895,4.762173934797756
,,,,,,3327.2727272727275,0.0,4.990909090909091,,1.0,3327.2727272727275,,0.6665331172260568,,8.110208747884139,1.790243168710091
,,,,,,5892.045454545455,0.0,5.822727272727273,,1.0,5892.045454545455,,1.0117310063845397,,8.6815281981198,1.9202592852811005
,,3+,Not Graduate,Yes,,6129.901960784314,0.0,155.19117647058823,144.0,0.0,6129.901960784314,1.0777165032679739,0.03949878209193131,0.17578433159777745,8.72109715689667,5.051080747145433
,,,,,,3535.227272727273,0.0,5.98909090909091,,1.0,3535.227272727273,,0.5901792354039246,,8.170815695653385,1.9443504918636667
Male,Yes,2,Graduate,No,Semiurban,6540.0,0.0,205.0,360.0,1.0,6540.0,0.5694444444444444,0.031902283403495595,0.08705770439450305,8.785845337961213,5.327876168789581
,,3+,Not Graduate,No,,2765.931372549019,0.0,104.95588235294116,48.0,0.0,2765.931372549019,2.1865808823529407,0.02635302526658473,0.7902548303316124,7.925494177364791,4.663022803257515
,,,,,,3077.727272727273,0.0,4.159090909090909,,0.0,3077.727272727273,,0.7398221192718691,,8.032271567426916,1.6407603835631415
,,,,,,2994.545454545455,0.0,2.0795454545454546,,1.0,2994.545454545455,,1.439307873809316,,8.004881615685418,1.1247820064014944
,,,,,,3188.636363636364,0.0,8.318181818181818,,1.0,3188.636363636364,,0.3832872550840883,,8.06766219669076,2.2319675257800924
,,0,Not Graduate,Yes,,1794.1176470588234,0.0,81.63235294117646,96.0,0.0,1794.1176470588234,0.8503370098039215,0.021977752749560986,0.4736943069982851,7.492825840311576,4.4144012859360915
Female,Yes,0,Graduate,No,Semiurban,3625.0,0.0,108.0,360.0,1.0,3625.0,0.3,0.033564504032370074,0.0827357970215113,8.195885391314796,4.6913478822291435
,,1,Graduate,Yes,,3662.990196078431,0.0,158.77941176470588,96.0,1.0,3662.990196078431,1.653952205882353,0.023069534556356717,0.4514073775777507,8.206308050047655,5.073794187514423
,,3+,Not Graduate,No,,6727.941176470588,0.0,191.9705882352941,96.0,0.0,6727.941176470588,1.99969362745098,0.035046546409900736,0.2971780514954425,8.814173081356467,5.262537784728716
,,3+,Not Graduate,No,,598.0392156862746,0.0,25.11764705882353,144.0,0.0,598.0392156862746,0.1744281045751634,0.023808575927109853,0.29117977589386046,6.395327064563918,3.2626112183760085
,,1,Graduate,Yes,,4335.7843137254895,0.0,174.92647058823528,240.0,0.0,4335.7843137254895,0.728860294117647,0.024786183091457175,0.1680646860418852,8.374888410923697,5.170066126994797
,,,,,,5545.454545454546,0.0,1.8300000000000003,,1.0,5545.454545454546,,3.0286480313787796,,8.620914181968814,1.0402767116551463
Female,Yes,0,Graduate,No,Semiurban,2484.0,2302.0,137.0,360.0,1.0,4786.0,0.38055555555555554,0.03493405157626587,0.07949771371538658,8.473659189392508,4.927253685157205
,Yes,0,Graduate,No,Semiurban,3087.0,2210.0,136.0,360.0,0.0,5297.0,0.37777777777777777,0.0389482430276248,0.07130573381989011,8.575084669832014,4.919980925828125
,,,,,,2703.409090909091,0.0,12.477272727272728,,1.0,2703.409090909091,,0.2166493031523885,,7.902638716736199,2.6010047650794643
Male,Yes,0,Graduate,No,Semiurban,3927.0,800.0,112.0,360.0,1.0,4727.0,0.3111111111111111,0.04220498031267578,0.06580184245158865,8.461257559085935,4.727387818712341
Male,No,2,Graduate,No,Rural,3547.0,0.0,80.0,360.0,0.0,3547.0,0.2222222222222222,0.04433694578817765,0.06263309532757108,8.17413934342947,4.394449154672439
,,3+,Graduate,No,,5606.617647058823,0.0,204.52941176470588,192.0,0.0,5606.617647058823,1.0652573529411764,0.02741214667630328,0.1899661175187114,8.631881246479018,5.325589146637785
,,3+,Graduate,Yes,,7400.735294117647,0.0,285.2647058823529,216.0,1.0,7400.735294117647,1.3206699346405228,0.02594330528174249,0.17842706908069164,8.909469750906707,5.656916927810332
,,1,Graduate,No,,6204.656862745098,0.0,285.2647058823529,192.0,1.0,6204.656862745098,1.485753676470588,0.021750447862470976,0.23941924430113573,8.733216552268802,5.656916927810332
,,,,,,9150.000000000002,0.0,9.316363636363636,,0.0,9150.000000000002,,0.9820374471904852,,9.121618441915379,2.33373133714228
,,3+,Graduate,No,,3363.970588235294,0.0,151.60294117647058,216.0,1.0,3363.970588235294,0.701865468409586,0.022189202748492884,0.2085799712079113,8.121174501545918,5.027839392429172
Female,No,0,Not Graduate,Yes,Semiurban,17263.0,0.0,225.0,360.0,1.0,17263.0,0.625,0.07672410344842912,0.03620250231696015,9.756378687497916,5.420534999272286
,,,,,,3465.9090909090914,0.0,3.618409090909091,,1.0,3465.9090909090914,,0.957589762266568,,8.151018724086292,1.5300502931735909
,,,,,,6672.568181818183,0.0,20.961818181818185,,1.0,6672.568181818183,,0.31830492083385736,,8.805909955662521,3.089305408378762
,,2,Graduate,Yes,,2541.6666666666665,0.0,92.3970588235294,48.0,1.0,2541.6666666666665,1.924938725490196,0.027507792902023872,0.7570550834387242,7.8409686780522,4.536859854626868
,,,,,,4159.09090909091,0.0,18.3,,1.0,4159.09090909091,,0.22726030867662478,,8.333292206163385,2.9601050959108397
Female,No,0,Graduate,No,Semiurban,4000.0,2275.0,144.0,360.0,1.0,6275.0,0.4,0.04357608627717863,0.06373486297004462,8.744488113852924,4.976733742420574
,,3+,Not Graduate,No,,3214.460784313725,0.0,113.02941176470588,216.0,0.0,3214.460784313725,0.5232843137254902,0.02843890183294414,0.16274007018784858,8.075725949672131,4.736456413054768
Male,Yes,0,Not Graduate,No,Rural,6096.0,0.0,218.0,360.0,0.0,6096.0,0.6055555555555555,0.027963174480851005,0.09932024857397992,8.715552125907816,5.389071729816501
,,,,,,3576.818181818182,0.0,5.98909090909091,,1.0,3576.818181818182,,0.5971225205263238,,8.182508447187285,1.9443504918636667
,,,,,,2495.454545454545,0.0,6.488181818181818,,1.0,2495.454545454545,,0.3845561143721718,,7.822626822466495,2.013326020154787
,,,,,,2911.3636363636365,0.0,3.992727272727273,,1.0,2911.3636363636365,,0.728984088684528,,7.976720276645202,1.6079823081013997
,,3+,Graduate,Yes,,6727.941176470588,0.0,281.6764705882353,24.0,1.0,6727.941176470588,11.736519607843137,0.023885265521663597,1.7441851994311954,8.814173081356467,5.644303030207123
,,3+,Graduate,No,,7176.470588235294,0.0,246.69117647058823,240.0,1.0,7176.470588235294,1.0278799019607843,0.029090791166986624,0.14320921128476632,8.878702314213962,5.51218271402228
Male,Yes,0,Not Graduate,No,Urban,2333.0,1516.0,95.0,360.0,1.0,3849.0,0.2638888888888889,0.040515362996178986,0.06854256854256854,8.25582842728183,4.564348191467836
,,,,,,3396.590909090909,0.0,20.17159090909091,,0.0,3396.590909090909,,0.1683765325137394,,8.130821903309972,3.0526602315481015
Male,Yes,0,Graduate,No,Urban,4817.0,923.0,120.0,180.0,1.0,5740.0,0.6666666666666666,0.04783293472554395,0.11612378795796319,8.655388690167637,4.795790545596741
,,,,,,9981.818181818182,0.0,29.113636363636367,,1.0,9981.818181818182,,0.34284536674774635,,9.208620712390664,3.4049781045020615
,,2,Graduate,No,,2466.9117647058824,0.0,61.0,168.0,0.0,2466.9117647058824,0.3630952380952381,0.04044051351135035,0.14712650723090603,7.811127632646252,4.127134385045092
,,,,,,3119.318181818182,0.0,6.238636363636364,,1.0,3119.318181818182,,0.4999198671251238,,8.045690256955766,1.979432841093957
,,0,Not Graduate,Yes,,1046.5686274509803,0.0,33.19117647058823,48.0,1.0,1046.5686274509803,0.6914828431372548,0.03153058156274719,0.6600835735409725,6.954227165116578,3.53196761284535
,,,,,,4677.313636363637,0.0,20.795454545454547,,0.0,4677.313636363637,,0.22490918469494361,,8.450692989865423,3.081701440965177
,,3+,Graduate,No,,1046.5686274509803,0.0,27.808823529411764,168.0,0.0,1046.5686274509803,0.16552871148459383,0.03763305532464547,0.1580122840136691,6.954227165116578,3.360681712768434
Male,Yes,2,Not Graduate,No,Urban,4288.0,3263.0,133.0,180.0,1.0,7551.0,0.7388888888888889,0.056774009217975804,0.09784016007532957,8.929567707825337,4.897839799950911
,,3+,Graduate,No,,2765.931372549019,0.0,102.26470588235294,144.0,1.0,2765.931372549019,0.710171568627451,0.027046519150133896,0.25666396198804514,7.925494177364791,4.637295651552271
,,3+,Graduate,No,,672.7941176470588,0.0,20.63235294117647,192.0,0.0,672.7941176470588,0.10746017156862746,0.032607115264548826,0.15948517322158687,6.512924600817186,3.074190015425331
Female,No,3+,Graduate,No,Rural,3083.0,0.0,255.0,360.0,1.0,3083.0,0.7083333333333334,0.012090148666083662,0.22968006917423262,8.03398273468322,5.545177444479562
,,3+,Not Graduate,No,,6802.696078431372,0.0,176.72058823529412,240.0,0.0,6802.696078431372,0.7363357843137255,0.038493860010888954,0.10822584898346777,8.825221284445114,5.180212587961477
Male,Yes,3+,Not Graduate,No,Urban,2947.0,1664.0,70.0,180.0,0.0,4611.0,0.3888888888888889,0.06587048756446337,0.084321094728727,8.436416881388949,4.2626798770413155
,,0,Graduate,No,,3064.950980392157,0.0,129.17647058823528,48.0,1.0,3064.950980392157,2.691176470588235,0.023726668175458876,0.877762393397436,8.028113071173536,4.868890995994834
,,1,Graduate,No,,1270.8333333333333,0.0,57.41176470588235,120.0,0.0,1270.8333333333333,0.4784313725490196,0.022135031117968915,0.3761745820068297,7.1482147080615785,4.067517319988957
,,,,,,1732.9545454545455,0.0,8.318181818181818,,1.0,1732.9545454545455,,0.2083082908065697,,7.458159943302869,2.2319675257800924
,,,,,,11090.909090909092,0.0,5.822727272727273,,1.0,11090.909090909092,,1.904434835547369,,9.313971210786926,1.9202592852811005
,,3+,Graduate,Yes,,5756.127450980392,0.0,145.3235294117647,72.0,0.0,5756.127450980392,2.018382352941176,0.039608780942072715,0.3505884436512626,8.658193922867511,4.985820124976532
,,2,Graduate,Yes,,2691.176470588235,0.0,82.52941176470588,216.0,1.0,2691.176470588235,0.3820806100217865,0.03260830054090577,0.14192257238556977,7.898105242326408,4.425198806539091
Male,No,0,Graduate,Yes,Semiurban,5166.0,0.0,128.0,360.0,1.0,5166.0,0.35555555555555557,0.040359059694846135,0.06881276476786444,8.550047528287184,4.859812404361672
Male,Yes,0,Graduate,Yes,Semiurban,9560.0,0.0,191.0,360.0,1.0,9560.0,0.5305555555555556,0.05005209396809441,0.05549163848504921,9.165447603085447,5.2574953720277815
,,1,Graduate,Yes,,4111.519607843137,0.0,176.72058823529412,120.0,0.0,4111.519607843137,1.472671568627451,0.023265519786801015,0.35809472271423703,8.321791162926854,5.180212587961477
,,,,,,2079.545454545455,0.0,3.6600000000000006,,1.0,2079.545454545455,,0.5680266196518587,,7.64038537607929,1.5390154481375546
Male,No,0,Graduate,No,Semiurban,2500.0,0.0,96.0,480.0,1.0,2500.0,0.2,0.02604139540213123,0.07996801279488205,7.824445930877619,4.574710978503383
Male,Yes,0,Graduate,No,Rural,5829.0,0.0,138.0,360.0,1.0,5829.0,0.38333333333333336,0.042238824356345246,0.0657518582046884,8.670772279344538,4.9344739331306915
,,3+,Not Graduate,Yes,,2242.6470588235293,0.0,73.55882352941177,192.0,1.0,2242.6470588235293,0.3831188725490196,0.030487390415324223,0.17075719242130286,7.715857972108248,4.311588391409122
,,3+,Graduate,Yes,,373.7745098039216,0.0,15.25,48.0,0.0,373.7745098039216,0.3177083333333333,0.024508196826694747,0.8477319695503177,5.926324537923196,2.7880929087757464
,,3+,Not Graduate,No,,2392.1568627450984,0.0,90.60294117647058,72.0,1.0,2392.1568627450984,1.2583741830065358,0.026402348856832406,0.5258218558908433,7.780368636426591,4.517463380078039
,,,,,,3119.318181818182,0.0,12.477272727272728,,0.0,3119.318181818182,,0.2499799651758329,,8.045690256955766,2.6010047650794643
,,,,,,3119.318181818182,0.0,5.198863636363637,,1.0,3119.318181818182,,0.5998846123587157,,8.045690256955766,1.824365990794919
,,1,Graduate,No,,5531.862745098038,0.0,238.6176470588235,216.0,0.0,5531.862745098038,1.1047113289760349,0.023182860238639864,0.19966360632292535,8.618460635993284,5.47904451569448
Male,Yes,,Not Graduate,No,Semiurban,2875.0,1750.0,105.0,360.0,1.0,4625.0,0.2916666666666667,0.04404719955048047,0.06304943075371092,8.439447842791385,4.663439094112067
,,0,Not Graduate,Yes,,5307.598039215686,0.0,166.85294117647058,240.0,1.0,5307.598039215686,0.6952205882352941,0.03180984519629767,0.13096124119768707,8.577083056629268,5.123088245920546
,,,,,,2079.545454545455,0.0,9.981818181818182,,1.0,2079.545454545455,,0.20831246414293653,,7.64038537607929,2.396241012702344
,,,,,,9357.954545454546,0.0,13.30909090909091,,1.0,9357.954545454546,,0.7030721735388734,,9.14408886937172,2.6608950631849324
Female,Yes,0,Graduate,No,Rural,4583.0,0.0,112.0,360.0,1.0,4583.0,0.3111111111111111,0.04091927750645084,0.06786891603645531,8.430327258394575,4.727387818712341
Male,Yes,3+,Graduate,No,Rural,3400.0,2500.0,123.0,360.0,0.0,5900.0,0.3416666666666667,0.047967089698457734,0.05789979099587641,8.682877107057168,4.820281565605037
,,,,,,2495.454545454545,0.0,12.477272727272728,,1.0,2495.454545454545,,0.19998397214066627,,7.822626822466495,2.6010047650794643
Male,Yes,0,Graduate,,Urban,5746.0,0.0,255.0,360.0,,5746.0,0.7083333333333334,0.022533244967666795,0.12325271155965432,8.656433258507741,5.545177444479562
,,,,,,3493.636363636364,0.0,12.477272727272728,,1.0,3493.636363636364,,0.2799775609969329,,8.158984604515643,2.6010047650794643
,,3+,Graduate,Yes,,4560.049019607843,0.0,162.36764705882354,168.0,0.0,4560.049019607843,0.9664740896358543,0.028084541579975173,0.2118973256987603,8.425307924211026,5.096003164405616
,,,,,,5129.545454545455,0.0,10.480909090909092,,1.0,5129.545454545455,,0.4893712977337577,,8.542967258934677,2.440685576859708
Male,No,0,Graduate,No,Semiurban,4133.0,0.0,122.0,360.0,1.0,4133.0,0.3388888888888889,0.03387677150187293,0.08197602537225179,8.327000740241713,4.812184355372417
,,,,,,2980.6818181818185,0.0,5.53159090909091,,1.0,2980.6818181818185,,0.5387497227174511,,8.00024278882082,1.8766505444101096
Male,Yes,2,Graduate,Yes,Urban,3316.0,3500.0,88.0,360.0,1.0,6816.0,0.24444444444444444,0.07745366529925796,0.035858067250175214,8.827174771362785,4.48863636973214
,,1,Not Graduate,No,,2093.1372549019607,0.0,60.10294117647059,144.0,0.0,2093.1372549019607,0.41738153594771243,0.03482529121936149,0.1993095414212726,7.646896936035951,4.112560002113442
Male,Yes,1,Graduate,No,Urban,6400.0,7250.0,180.0,360.0,0.0,13650.0,0.5,0.07583291203937756,0.036627353307450004,9.521568058002977,5.198497031265826
,,3+,Graduate,No,,3214.460784313725,0.0,100.47058823529412,72.0,0.0,3214.460784313725,1.3954248366013071,0.03199372918029114,0.43397352050092947,8.075725949672131,4.619768985409244
,,,,,,5892.045454545455,0.0,5.198863636363637,,1.0,5892.045454545455,,1.1331153788997963,,8.6815281981198,1.824365990794919
Male,Yes,0,Graduate,No,Rural,3497.0,1964.0,116.0,360.0,1.0,5461.0,0.32222222222222224,0.04707718036913475,0.05899344969282721,8.60557030203365,4.762173934797756
,,3+,Not Graduate,Yes,,1270.8333333333333,0.0,41.26470588235294,144.0,0.0,1270.8333333333333,0.28656045751633985,0.030796355137033975,0.22531290068117404,7.1482147080615785,3.7439523614628634
,,,,,,3604.5454545454554,0.0,3.493636363636364,,0.0,3604.5454545454554,,1.031450794724383,,8.190228343279276,1.5026622545204975
,,3+,Graduate,Yes,,1270.8333333333333,0.0,43.95588235294117,192.0,0.0,1270.8333333333333,0.2289368872549019,0.028910906900300255,0.18000541521811184,7.1482147080615785,3.8056816167147276
,,,,,,1228.3875,0.0,3.3064772727272733,,0.0,1228.3875,,0.3713971098543932,,7.114271356859807,1.460120231798421
Female,Yes,2,Graduate,No,Urban,14866.0,0.0,70.0,360.0,1.0,14866.0,0.19444444444444445,0.21236839473721805,0.01307892947093862,9.60689927061335,4.2626798770413155
Male,No,0,Graduate,No,Rural,9508.0,0.0,187.0,360.0,1.0,9508.0,0.5194444444444445,0.050844647889583476,0.05462661104684451,9.159993997539445,5.236441962829949
Male,No,0,Not Graduate,No,Urban,2717.0,0.0,60.0,180.0,1.0,2717.0,0.3333333333333333,0.045282578623689604,0.1226391954868776,7.907651594711089,4.110873864173311
,,2,Not Graduate,Yes,,3588.235294117647,0.0,148.01470588235293,120.0,0.0,3588.235294117647,1.2334558823529411,0.02424226045964121,0.343654227510366,8.185694448797388,5.004044998272211
,,0,Not Graduate,No,,971.813725490196,0.0,43.95588235294117,144.0,0.0,971.813725490196,0.30524918300653586,0.02210834057081784,0.3137796836210574,6.880192620374494,3.8056816167147276
,,2,Graduate,No,,4410.5392156862745,0.0,125.58823529411764,96.0,0.0,4410.5392156862745,1.3082107843137254,0.03511876798482948,0.2965429344166479,8.391978936044904,4.840939577225459
Female,No,0,Graduate,No,Rural,3166.0,2985.0,132.0,360.0,,6151.0,0.36666666666666664,0.046598131832334605,0.05960121369744256,8.72453251118548,4.890349128221754
,,,,,,3660.000000000001,0.0,4.658181818181818,,1.0,3660.000000000001,,0.7855456478897975,,8.205491613120236,1.7331026070717657
Male,Yes,3+,Graduate,Yes,Rural,5677.0,1424.0,100.0,360.0,1.0,7101.0,0.2777777777777778,0.07100928990710093,0.039112613035451674,8.868131713503033,4.61512051684126
,,,,,,2356.818181818182,0.0,6.488181818181818,,1.0,2356.818181818182,,0.36319188579594014,,7.765491971177087,2.013326020154787
Male,Yes,3+,Graduate,No,Semiurban,3430.0,1250.0,128.0,360.0,0.0,4680.0,0.35555555555555557,0.03656221435770033,0.07595717914025968,8.45126704130007,4.859812404361672
,,,,,,4990.909090909091,0.0,4.990909090909091,,1.0,4990.909090909091,,0.999799675839085,,8.515573698927732,1.790243168710091
,,,,,,6515.909090909091,0.0,8.318181818181818,,1.0,6515.909090909091,,0.7832391734327021,,8.782155476704487,2.2319675257800924
,,,,,,1913.1818181818185,0.0,6.238636363636364,,1.0,1913.1818181818185,,0.3066175185034093,,7.557045561326674,1.979432841093957
Male,Yes,0,Graduate,No,Semiurban,4600.0,0.0,73.0,180.0,1.0,4600.0,0.40555555555555556,0.0630128354406104,0.08814508923180951,8.434028950155469,4.30406509320417
,,,,,,1874.086363636364,0.0,4.159090909090909,,1.0,1874.086363636364,,0.45049168505933007,,7.536409997949815,1.6407603835631415
,,,,,,3653.0681818181824,0.0,6.238636363636364,,1.0,3653.0681818181824,,0.5854617110554229,,8.203596396265285,1.979432841093957
,,2,Not Graduate,Yes,,7176.470588235294,0.0,252.0735294117647,240.0,1.0,7176.470588235294,1.0503063725490196,0.028469637947880492,0.1463337758946158,8.878702314213962,5.533680076588804
,,1,Not Graduate,Yes,,1495.0980392156862,0.0,59.20588235294117,120.0,1.0,1495.0980392156862,0.4933823529411764,0.02525209873918341,0.3297794262198398,7.310615690622233,4.097770061045128
,,,,,,6446.59090909091,0.0,2.4954545454545456,,1.0,6446.59090909091,,2.5822985324642223,,8.771461837553874,1.2514634231532824
,,,,,,6931.818181818183,0.0,4.159090909090909,,1.0,6931.818181818183,,1.6662660343961018,,8.844021673561565,1.6407603835631415
,,0,Not Graduate,No,,3962.0098039215686,0.0,97.77941176470588,216.0,1.0,3962.0098039215686,0.45268246187363836,0.040519463279164336,0.11422693464590716,8.284759067051006,4.592889200090758
Female,Yes,1,Graduate,Yes,Urban,11500.0,0.0,286.0,360.0,0.0,11500.0,0.7944444444444444,0.040209649616609736,0.06907611898482256,9.350189267092581,5.659482215759621
Male,No,0,Not Graduate,Yes,Semiurban,5800.0,0.0,132.0,360.0,1.0,5800.0,0.36666666666666664,0.043939061067719186,0.06320749296098373,8.665785595466064,4.890349128221754
,,,,,,4159.09090909091,0.0,5.822727272727273,,1.0,4159.09090909091,,0.7141630633302635,,8.333292206163385,1.9202592852811005
Male,No,0,Graduate,No,Rural,1853.0,2840.0,114.0,360.0,1.0,4693.0,0.31666666666666665,0.04116630555872317,0.06746200823746626,8.454040376410969,4.74493212836325
,,2,Graduate,No,,1569.8529411764705,0.0,59.20588235294117,240.0,0.0,1569.8529411764705,0.2466911764705882,0.02651470367614258,0.15704282049841786,7.359374025456811,4.097770061045128
,,3+,Graduate,Yes,,2541.6666666666665,0.0,114.8235294117647,120.0,1.0,2541.6666666666665,0.9568627450980391,0.02213522389063893,0.37632252691322987,7.8409686780522,4.752067734582909
,,3+,Not Graduate,Yes,,5606.617647058823,0.0,193.76470588235293,168.0,1.0,5606.617647058823,1.153361344537815,0.028935035854399053,0.2056776009225146,8.631881246479018,5.27179219349103
Male,No,0,Graduate,No,Semiurban,2500.0,20000.0,103.0,360.0,1.0,22500.0,0.2861111111111111,0.21844448112154252,0.01271548425008271,10.021315031649332,4.6443908991413725
Male,Yes,2,Graduate,No,Rural,2045.0,1619.0,101.0,360.0,1.0,3664.0,0.28055555555555556,0.03627686854585598,0.07654994694558132,8.206583614320753,4.624972813284271
,,,,,,5795.000000000001,0.0,12.477272727272728,,1.0,5795.000000000001,,0.4644072241933252,,8.664923303440574,2.6010047650794643
Male,Yes,1,Graduate,No,Semiurban,2750.0,1842.0,115.0,360.0,1.0,4592.0,0.3194444444444444,0.039930087564455964,0.06955028182983766,8.432288684325794,4.7535901911063645
,,2,Graduate,Yes,,3962.0098039215686,0.0,98.67647058823528,168.0,0.0,3962.0098039215686,0.587359943977591,0.04015110825503806,0.1482105705104169,8.284759067051006,4.6019296469908895
,,3+,Not Graduate,Yes,,7325.980392156862,0.0,208.11764705882356,120.0,0.0,7325.980392156862,1.7343137254901964,0.03520098028547252,0.23670238388336426,8.899318758048407,5.342896998181125
,,,,,,8456.818181818182,0.0,12.477272727272728,,1.0,8456.818181818182,,0.6777234611433692,,9.042846521208588,2.6010047650794643
,,3+,Not Graduate,Yes,,4335.7843137254895,0.0,126.48529411764706,144.0,1.0,4335.7843137254895,0.8783700980392157,0.03427868880159223,0.20253949343509245,8.374888410923697,4.848001017692534
,,1,Graduate,No,,5756.127450980392,0.0,244.8970588235294,96.0,0.0,5756.127450980392,2.5510110294117645,0.023504177528529076,0.44310483850367915,8.658193922867511,5.504912988286562
Female,No,0,Graduate,No,Semiurban,8333.0,0.0,280.0,360.0,1.0,8333.0,0.7777777777777778,0.029760607997828578,0.09332586726395223,9.0280988119824,5.638354669333745
,,3+,Not Graduate,No,,971.813725490196,0.0,36.77941176470589,216.0,1.0,971.813725490196,0.17027505446623098,0.026422045835352466,0.17503356501310693,6.880192620374494,3.631764291933777
,,2,Graduate,Yes,,2018.3823529411764,0.0,76.25,240.0,0.0,2018.3823529411764,0.3177083333333333,0.026470241084591367,0.15732945911436713,7.610546977768631,4.347046915777855
,,3+,Graduate,No,,2541.6666666666665,0.0,121.10294117647058,144.0,1.0,2541.6666666666665,0.8409926470588235,0.02098748101816929,0.330752220919831,7.8409686780522,4.804864469085924
,,2,Graduate,No,,1644.607843137255,0.0,62.79411764705882,72.0,1.0,1644.607843137255,0.8721405228758169,0.026190059112251456,0.5299807767159957,7.405865104453578,4.155660986210713
,,,,,,3604.5454545454554,0.0,5.98909090909091,,1.0,3604.5454545454554,,0.6017513772745899,,8.190228343279276,1.9443504918636667
,,,,,,2858.3352272727275,0.0,2.4954545454545456,,1.0,2858.3352272727275,,1.1449578493135721,,7.958344438779467,1.2514634231532824
,,0,Not Graduate,Yes,,3363.970588235294,0.0,151.60294117647058,96.0,1.0,3363.970588235294,1.5791973039215685,0.022189202748492884,0.4693049352178005,8.121174501545918,5.027839392429172
,,,,,,5892.045454545455,0.0,9.981818181818182,,1.0,5892.045454545455,,0.5902186484049868,,8.6815281981198,2.396241012702344
,,,,,,7625.0,0.0,23.290909090909093,,1.0,7625.0,,0.32736689681551534,,8.939318740417509,3.19010216886412
,,3+,Graduate,Yes,,5083.333333333333,0.0,198.25,48.0,0.0,5083.333333333333,4.130208333333333,0.0256408963048526,0.8123401953714023,8.533919195331823,5.294560317670324
,,3+,Graduate,No,,1569.8529411764705,0.0,65.48529411764706,216.0,0.0,1569.8529411764705,0.3031726579520697,0.02397223666919077,0.1929987524643856,7.359374025456811,4.196980782118499
,,,,,,13031.818181818182,0.0,16.636363636363637,,1.0,13031.818181818182,,0.7832862505532454,,9.475225930832487,2.8699628862649575
,,3+,Not Graduate,No,,5083.333333333333,0.0,222.4705882352941,96.0,0.0,5083.333333333333,2.3174019607843133,0.022849359658263478,0.4557926888056737,8.533919195331823,5.40927980913141
,,0,Graduate,No,,2093.1372549019607,0.0,50.23529411764706,96.0,1.0,2093.1372549019607,0.5232843137254902,0.041665837253044534,0.24988061909532688,7.646896936035951,3.9364286327962867
,,,,,,2079.545454545455,0.0,6.654545454545455,,1.0,2079.545454545455,,0.31245304667331414,,7.64038537607929,2.0352996484499104
,,1,Not Graduate,Yes,,5830.882352941177,0.0,199.1470588235294,120.0,1.0,5830.882352941177,1.6595588235294116,0.029279132256609556,0.2845665812672732,8.671095100806898,5.299052390469405
Male,Yes,0,Graduate,No,Urban,2333.0,2417.0,136.0,360.0,1.0,4750.0,0.37777777777777777,0.034926213777839867,0.07951542365349985,8.46611040118692,4.919980925828125
,,,,,,4852.272727272728,0.0,17.05227272727273,,0.0,4852.272727272728,,0.28453615941488175,,8.48740854549211,2.8932715897208254
Male,Yes,,Not Graduate,No,Semiurban,3074.0,1800.0,123.0,360.0,0.0,4874.0,0.3416666666666667,0.039625694100047966,0.07008547008547009,8.491875383431948,4.820281565605037
Male,Yes,1,Graduate,No,Rural,14583.0,0.0,185.0,180.0,1.0,14583.0,1.0277777777777777,0.07882660093729223,0.07047296885475711,9.5876803163585,5.225746673713202
,,,,,,1663.6363636363635,0.0,1.4972727272727275,,1.0,1663.6363636363635,,1.1103695164128389,,7.417361978343343,0.9151992273088121
,,1,Graduate,Yes,,4634.803921568628,0.0,151.60294117647058,24.0,0.0,4634.803921568628,6.316789215686274,0.030571790453479082,1.3626092307952593,8.441564908821585,5.027839392429172
,,,,,,3119.318181818182,0.0,3.992727272727273,,1.0,3119.318181818182,,0.7810543807334228,,8.045690256955766,1.6079823081013997
Male,Yes,0,Graduate,No,Rural,14683.0,2100.0,304.0,360.0,1.0,16783.0,0.8444444444444444,0.05520705523994987,0.05031246689969283,9.728181330636078,5.720311776607412
,,2,Not Graduate,No,,7325.980392156862,0.0,205.42647058823528,120.0,1.0,7325.980392156862,1.7118872549019606,0.035662126253996805,0.23364157719521725,8.899318758048407,5.329944274358219
,,2,Not Graduate,No,,1794.1176470588234,0.0,78.94117647058823,216.0,0.0,1794.1176470588234,0.36546840958605664,0.022726984829551336,0.20359022718363415,7.492825840311576,4.381291070094927
,,1,Not Graduate,Yes,,1420.343137254902,0.0,40.36764705882353,144.0,1.0,1420.343137254902,0.2803308823529412,0.03518431358834584,0.19722956055098392,7.2593575748471935,3.72249910331375
,,,,,,2634.090909090909,0.0,5.323636363636364,,1.0,2634.090909090909,,0.49469874169810996,,7.8766729609840915,1.8442944166877118
,,3+,Not Graduate,Yes,,4784.313725490197,0.0,191.0735294117647,240.0,0.0,4784.313725490197,0.7961397058823529,0.025038992586918916,0.1663714756341912,8.473306866103574,5.257878264401414
,,,,,,2218.1818181818185,0.0,7.070454545454546,,1.0,2218.1818181818185,,0.3136811251381997,,7.704893856566397,2.088209806030781
,,3+,Graduate,Yes,,4111.519607843137,0.0,169.5441176470588,72.0,0.0,4111.519607843137,2.3547794117647056,0.024250297884732167,0.5725880084009373,8.321791162926854,5.138994017780597
,,0,Graduate,No,,2541.6666666666665,0.0,84.32352941176471,72.0,1.0,2541.6666666666665,1.1711601307189543,0.030141486521145774,0.4606030928365054,7.8409686780522,4.446450259505243
Male,Yes,0,Not Graduate,No,Urban,1800.0,2934.0,93.0,360.0,0.0,4734.0,0.25833333333333336,0.05090267846582295,0.05455825413586766,8.462737005620179,4.543294782270004
,,,,,,4912.718181818183,0.0,8.318181818181818,,1.0,4912.718181818183,,0.5905290074417285,,8.499786201379198,2.2319675257800924
,,3+,Graduate,No,,3737.745098039216,0.0,145.3235294117647,96.0,0.0,3737.745098039216,1.5137867647058822,0.025719987624722548,0.4048916748830476,8.226505298820387,4.985820124976532
Male,Yes,,Not Graduate,Yes,Urban,4735.0,0.0,138.0,360.0,1.0,4735.0,0.38333333333333336,0.034311345569959635,0.08094031531531533,8.462948176563842,4.9344739331306915
,,3+,Not Graduate,No,,1794.1176470588234,0.0,83.42647058823529,24.0,1.0,1794.1176470588234,3.4761029411764706,0.02150511857076277,1.9364206835534294,7.492825840311576,4.43588098499153
Female,No,0,Graduate,No,Rural,2900.0,0.0,71.0,360.0,1.0,2900.0,0.19722222222222222,0.04084449514795566,0.06798422000076602,7.972810784121404,4.276666119016055
Male,Yes,0,Graduate,No,Semiurban,2400.0,2167.0,115.0,360.0,1.0,4567.0,0.3194444444444444,0.039712698150450865,0.06993092041253161,8.426830751335846,4.7535901911063645
,,3+,Graduate,Yes,,2392.1568627450984,0.0,114.8235294117647,216.0,1.0,2392.1568627450984,0.531590413943355,0.02083315189707194,0.22212936486477872,7.780368636426591,4.752067734582909
,,,,,,4852.272727272728,0.0,12.976363636363637,,1.0,4852.272727272728,,0.3739028097876723,,8.48740854549211,2.6373675911226155
,,3+,Graduate,No,,2317.401960784314,0.0,76.25,144.0,0.0,2317.401960784314,0.5295138888888888,0.03039175828230861,0.22839606670698062,7.748633417314988,4.347046915777855
,,1,Not Graduate,Yes,,2765.931372549019,0.0,97.77941176470588,168.0,1.0,2765.931372549019,0.5820203081232493,0.028287172477907175,0.2103486605766686,7.925494177364791,4.592889200090758
,,3+,Graduate,Yes,,523.2843137254902,0.0,23.323529411764707,216.0,0.0,523.2843137254902,0.10797930283224401,0.02243493553449999,0.20595562370531048,6.262034120621459,3.19144417040753
Male,No,0,Graduate,No,Urban,2479.0,0.0,59.0,360.0,1.0,2479.0,0.1638888888888889,0.04201623701293199,0.066084229390681,7.8160138391590275,4.0943445622221
Male,Yes,2,Graduate,Yes,Rural,2500.0,4600.0,176.0,360.0,1.0,7100.0,0.4888888888888889,0.04034067988250067,0.06884789309799871,8.867990898182093,5.176149732573829
,,3+,Not Graduate,Yes,,1345.5882352941176,0.0,32.29411764705882,216.0,0.0,1345.5882352941176,0.1495098039215686,0.041665376481966866,0.11102859805463333,7.205329439472777,3.505380734146967
,,,,,,2703.409090909091,0.0,4.658181818181818,,1.0,2703.409090909091,,0.5802325808276912,,7.902638716736199,1.7331026070717657
,,0,Not Graduate,No,,1868.872549019608,0.0,63.69117647058823,120.0,0.0,1868.872549019608,0.5307598039215686,0.02934226230881929,0.2838481179906358,7.533625551921446,4.169624816172613
Female,No,0,Graduate,No,Semiurban,4300.0,0.0,136.0,360.0,0.0,4300.0,0.37777777777777777,0.031617414577833985,0.0878348704435661,8.366602832783736,4.919980925828125
Male,No,0,Graduate,No,Semiurban,2971.0,2791.0,144.0,360.0,1.0,5762.0,0.4,0.040013611016590164,0.0694082942911678,8.659213451436667,4.976733742420574
,,,,,,3686.618181818182,0.0,11.229545454545455,,1.0,3686.618181818182,,0.32826706385183263,,8.212736049441133,2.503854782577113
,,,,,,7689.119318181819,0.0,20.795454545454547,,1.0,7689.119318181819,,0.3697322205271003,,8.947691578397759,3.081701440965177
,,,,,,5475.859090909092,0.0,12.976363636363637,,1.0,5475.859090909092,,0.42195466231409945,,8.608287057030653,2.6373675911226155
,,,,,,4658.181818181819,0.0,6.654545454545455,,1.0,4658.181818181819,,0.6998948245482237,,8.446595136207046,2.0352996484499104
,,,,,,1497.2727272727277,0.0,2.9113636363636366,,1.0,1497.2727272727277,,0.5141091272318643,,7.31206820843581,1.3638860692992327
,,,,,,7486.363636363637,0.0,4.159090909090909,,1.0,7486.363636363637,,1.7995673171477897,,8.920972030086059,1.6407603835631415
,,,,,,6238.636363636364,0.0,20.795454545454547,,0.0,6238.636363636364,,0.29998557446417873,,8.738677184607141,3.081701440965177
Male,Yes,3+,Not Graduate,No,Urban,3992.0,0.0,,180.0,1.0,3992.0,,,,8.292298107063221,
Female,Yes,1,Graduate,No,Urban,4666.0,0.0,135.0,360.0,1.0,4666.0,0.375,0.03456270694291153,0.08035140347118062,8.448271745949816,4.912654885736052
,,3+,Not Graduate,Yes,,2093.1372549019607,0.0,75.35294117647058,120.0,0.0,2093.1372549019607,0.6279411764705881,0.027777409147055298,0.2998567429143921,7.646896936035951,4.335366553207819
Male,Yes,2,Graduate,No,Semiurban,3276.0,484.0,135.0,360.0,,3760.0,0.375,0.027851645543366346,0.09970752459452273,8.232440158470336,4.912654885736052
,,3+,Graduate,Yes,,3289.21568627451,0.0,147.11764705882354,72.0,0.0,3289.21568627451,2.0433006535947715,0.02235757160653713,0.6210233153159597,8.098708399748725,4.9980068705480765
,,,,,,5337.500000000001,0.0,4.990909090909091,,1.0,5337.500000000001,,1.0692302088834662,,8.582699993618357,1.790243168710091
,,3+,Not Graduate,Yes,,224.26470588235293,0.0,9.867647058823527,48.0,0.0,224.26470588235293,0.20557598039215683,0.0227249697497124,0.9125973799886842,5.417276181293432,2.385790215772095
Male,Yes,1,Graduate,No,Rural,6000.0,0.0,160.0,360.0,,6000.0,0.4444444444444444,0.037499765626464836,0.07406173045233201,8.699681400989514,5.081404364984463
,,,,,,5337.500000000001,0.0,10.813636363636364,,1.0,5337.500000000001,,0.4935441026891167,,8.582699993618357,2.469254488289129
,,,,,,3743.1818181818185,0.0,16.137272727272727,,1.0,3743.1818181818185,,0.23194438967784098,,8.227958398966923,2.84125578308045
Male,No,1,Graduate,No,Semiurban,11250.0,0.0,196.0,360.0,,11250.0,0.5444444444444444,0.05739766633843705,0.04839076032747706,9.328212292571072,5.2832037287379885
Male,Yes,2,Graduate,No,Urban,3100.0,1400.0,113.0,360.0,1.0,4500.0,0.3138888888888889,0.0398226564366687,0.06973758917771358,8.412054873292933,4.736198448394496
Male,No,0,Graduate,No,Rural,20233.0,0.0,480.0,360.0,1.0,20233.0,1.3333333333333333,0.042151995516676005,0.06589568712727752,9.915119636765835,6.175867270105761
Male,No,0,Graduate,No,Semiurban,4843.0,3806.0,151.0,360.0,1.0,8649.0,0.41944444444444445,0.05727776637240813,0.04849068721901092,9.065314599925925,5.0238805208462765
,,3+,Not Graduate,No,,6877.450980392156,0.0,251.17647058823528,96.0,0.0,6877.450980392156,2.616421568627451,0.02738084337056894,0.38037947440286657,8.836148757378915,5.530129122541761
,,3+,Not Graduate,Yes,,5980.392156862745,0.0,282.5735294117647,192.0,1.0,5980.392156862745,1.4717371323529411,0.02116394626689152,0.24605260677722743,8.696408622001423,5.647471452543498
Male,Yes,0,Graduate,No,Rural,3015.0,2188.0,153.0,360.0,1.0,5203.0,0.425,0.034006313684224285,0.08166794773251346,8.557182839632397,5.0369526024136295
Male,Yes,1,Graduate,Yes,Urban,10513.0,3850.0,160.0,180.0,0.0,14363.0,0.8888888888888888,0.08976818894881906,0.06188310281877533,9.572480355345974,5.081404364984463
,,3+,Not Graduate,Yes,,373.7745098039216,0.0,13.455882352941176,240.0,0.0,373.7745098039216,0.05606617647058823,0.02777571357174185,0.14959975933240902,5.926324537923196,2.67110141497106
,,3+,Not Graduate,No,,1121.3235294117646,0.0,49.338235294117645,192.0,1.0,1121.3235294117646,0.25696997549019607,0.022726812094419548,0.22896247717882195,7.023156395151958,3.9187649333540784
,,,,,,3812.5,0.0,2.0795454545454546,,1.0,3812.5,,1.8324521541553789,,8.246302681604293,1.1247820064014944
,,2,Graduate,Yes,,6428.92156862745,0.0,287.9558823529412,72.0,1.0,6428.92156862745,3.9993872549019613,0.02232598684947453,0.6219962735495205,8.768717619432147,5.666274020241089
,,,,,,2772.727272727273,0.0,4.990909090909091,,1.0,2772.727272727273,,0.5554442643550473,,7.92794728051419,1.790243168710091
,,,,,,2356.818181818182,0.0,4.159090909090909,,0.0,2356.818181818182,,0.5665304516946745,,7.765491971177087,1.6407603835631415
,,3+,Not Graduate,No,,2466.9117647058824,0.0,83.42647058823529,144.0,0.0,2466.9117647058824,0.5793504901960784,0.029569538034798813,0.23475332403754862,7.811127632646252,4.43588098499153
,,2,Not Graduate,Yes,,3887.254901960784,0.0,115.72058823529412,216.0,0.0,3887.254901960784,0.5357434640522876,0.03359144098555678,0.13778506748158945,8.265715724635193,4.759782943914769
,,3+,Not Graduate,Yes,,7251.225490196079,0.0,232.33823529411765,24.0,1.0,7251.225490196079,9.68075980392157,0.03120964688128017,1.3348674578594537,8.889063664909838,5.452489054557983
Male,Yes,2,Graduate,No,Semiurban,5935.0,0.0,133.0,360.0,1.0,5935.0,0.36944444444444446,0.04462372463364937,0.062237945492662476,8.688790784847216,4.897839799950911
,,,,,,2329.090909090909,0.0,2.661818181818182,,1.0,2329.090909090909,,0.874671400771568,,7.753662562575826,1.297959795051991
,,0,Graduate,No,,5083.333333333333,0.0,165.05882352941177,24.0,1.0,5083.333333333333,6.877450980392157,0.030796914867823915,1.352675076455548,8.533919195331823,5.112342084197273
,,1,Graduate,No,,6877.450980392156,0.0,266.4264705882353,120.0,0.0,6877.450980392156,2.220220588235294,0.025813595592105006,0.32277915399328966,8.836148757378915,5.588844652244982
,,,,,,4852.272727272728,0.0,2.4954545454545456,,0.0,4852.272727272728,,1.9436655620698446,,8.48740854549211,1.2514634231532824
,,,,,,3743.1818181818185,0.0,4.575,,1.0,3743.1818181818185,,0.8180030197075652,,8.227958398966923,1.7182923173461826
Male,Yes,1,Graduate,No,Semiurban,33846.0,0.0,260.0,360.0,1.0,33846.0,0.7222222222222222,0.1301764223983754,0.021337850392124033,10.429605648120413,5.564520407322694
,,,,,,3431.2500000000005,0.0,8.318181818181818,,1.0,3431.2500000000005,,0.4124504157970081,,8.140971301777714,2.2319675257800924
Female,No,3+,Not Graduate,No,Urban,1830.0,0.0,,360.0,0.0,1830.0,,,,7.5126175446745105,
,,,,,,3188.636363636364,0.0,16.428409090909092,,0.0,3188.636363636364,,0.1940810132605887,,8.06766219669076,2.8581015811785275
,,2,Graduate,No,,299.0196078431373,0.0,11.661764705882351,192.0,0.0,299.0196078431373,0.06073835784313725,0.025638827103518662,0.20244796091758702,5.7038478319974875,2.538586799251624
,,2,Graduate,Yes,,5756.127450980392,0.0,176.72058823529412,168.0,1.0,5756.127450980392,1.051908263305322,0.03257172770152142,0.18271408306692788,8.658193922867511,5.180212587961477
,,,,,,3050.0,0.0,4.159090909090909,,1.0,3050.0,,0.7331570551342846,,8.02322468471667,1.6407603835631415
Male,No,1,Graduate,No,Semiurban,37719.0,0.0,152.0,360.0,1.0,37719.0,0.4222222222222222,0.24814968322576825,0.011193590196771533,10.537945736747394,5.030437921392435
Male,Yes,3+,Not Graduate,No,Semiurban,3173.0,0.0,74.0,360.0,1.0,3173.0,0.20555555555555555,0.04287779894866286,0.0647623048379192,8.062747901086354,4.31748811353631
,,0,Graduate,No,,5083.333333333333,0.0,194.66176470588235,240.0,1.0,5083.333333333333,0.8110906862745098,0.02611353712670107,0.1595274410819858,8.533919195331823,5.276387478235683
,,,,,,1732.9545454545455,0.0,5.822727272727273,,0.0,1732.9545454545455,,0.29756794305427636,,7.458159943302869,1.9202592852811005
,,,,,,4367.045454545455,0.0,2.0795454545454546,,1.0,4367.045454545455,,2.0989906493052524,,8.382070923631003,1.1247820064014944
,,2,Graduate,No,,1270.8333333333333,0.0,52.92647058823529,192.0,0.0,1270.8333333333333,0.27565870098039214,0.02401084577081252,0.21674121424221635,7.1482147080615785,3.9876214628952193
,,3+,Not Graduate,Yes,,3737.745098039216,0.0,95.08823529411764,72.0,1.0,3737.745098039216,1.3206699346405228,0.03930776271865169,0.3532388274699839,8.226505298820387,4.565266886984909
,,0,Not Graduate,No,,7101.71568627451,0.0,218.8823529411765,168.0,1.0,7101.71568627451,1.3028711484593838,0.032445206959996864,0.18343281725003988,8.868232480922941,5.393092643959292
,,,,,,6931.818181818183,0.0,7.652727272727273,,1.0,6931.818181818183,,0.9056787542611444,,8.844021673561565,2.1578745628945937
,,,,,,2634.090909090909,0.0,12.477272727272728,,1.0,2634.090909090909,,0.21109419281514777,,7.8766729609840915,2.6010047650794643
,,3+,Graduate,No,,2466.9117647058824,0.0,99.5735294117647,24.0,1.0,2466.9117647058824,4.148897058823529,0.024774525968429207,1.681136707623735,7.811127632646252,4.610889095921989
Female,No,2,Graduate,,Semiurban,3750.0,2083.0,120.0,360.0,1.0,5833.0,0.3333333333333333,0.04860792826726444,0.057136327276882636,8.671458150427666,4.795790545596741
Male,Yes,3+,Graduate,No,Semiurban,5167.0,3167.0,200.0,360.0,1.0,8334.0,0.5555555555555556,0.041669791651041746,0.06665333599946677,9.028218795184895,5.303304908059076
,,,,,,5545.454545454546,0.0,4.159090909090909,,0.0,5545.454545454546,,1.3330128275168813,,8.620914181968814,1.6407603835631415
Male,Yes,2,Graduate,,Semiurban,5000.0,0.0,72.0,360.0,0.0,5000.0,0.2,0.06944347995166734,0.03999200159968006,8.517393171418904,4.290459441148391
Male,No,2,Graduate,No,Semiurban,3617.0,0.0,107.0,360.0,1.0,3617.0,0.2972222222222222,0.033803422397921515,0.0821509735274246,8.193676665955241,4.68213122712422
Female,No,0,Graduate,No,Semiurban,2138.0,0.0,99.0,360.0,0.0,2138.0,0.275,0.021595741457156998,0.12856474988312294,7.668093709082406,4.605170185988092
,,,,,,3951.136363636364,0.0,4.990909090909091,,1.0,3951.136363636364,,0.7915080767059424,,8.282011563241191,1.790243168710091
,,3+,Not Graduate,Yes,,3438.725490196078,0.0,114.8235294117647,168.0,1.0,3438.725490196078,0.6834733893557422,0.029947655852040907,0.1986999809443461,8.1431469478217,4.752067734582909
Male,Yes,0,Graduate,,Urban,63337.0,0.0,490.0,180.0,1.0,63337.0,2.7222222222222223,0.12925891987975535,0.04297928924535385,11.056240743970491,6.19644412779452
,,2,Graduate,Yes,,448.52941176470586,0.0,21.52941176470588,72.0,0.0,448.52941176470586,0.29901960784313725,0.020832365709789438,0.6651836343016663,6.1082012839506294,3.11482164512443
,,0,Graduate,No,,2242.6470588235293,0.0,72.66176470588235,72.0,1.0,2242.6470588235293,1.009191176470588,0.030863772771392742,0.44979943369513914,7.715857972108248,4.29948386818151
Male,Yes,2,Not Graduate,No,Urban,1958.0,1456.0,60.0,300.0,,3414.0,0.2,0.05689905168247196,0.05856515373352855,8.13593277200489,4.110873864173311
,,,,,,4065.511363636364,0.0,4.658181818181818,,1.0,4065.511363636364,,0.872580535013951,,8.310540752054264,1.7331026070717657
,,,,,,1940.9090909090912,0.0,10.231363636363636,,1.0,1940.9090909090912,,0.18968335761754151,,7.571426835659304,2.4187101893717697
Female,No,,Graduate,No,Urban,3813.0,0.0,116.0,180.0,1.0,3813.0,0.6444444444444445,0.03287040628960095,0.1689681291149566,8.246433786160365,4.762173934797756
,,,,,,2220.954545454545,0.0,11.042386363636364,,0.0,2220.954545454545,,0.20111173079733033,,7.7061425133992225,2.4884326232008944
Male,Yes,2,Not Graduate,No,Rural,2309.0,1255.0,125.0,360.0,0.0,3564.0,0.3472222222222222,0.028511771905824754,0.09739753779024467,8.178919332848396,4.836281906951478
,,2,Graduate,No,,3513.4803921568628,0.0,125.58823529411764,144.0,1.0,3513.4803921568628,0.8721405228758169,0.027975967716728566,0.24815632058216658,8.164646967473027,4.840939577225459
,,,,,,5129.545454545455,0.0,13.30909090909091,,1.0,5129.545454545455,,0.3853877099398269,,8.542967258934677,2.6608950631849324
,,,,,,4852.550000000001,0.0,6.654545454545455,,1.0,4852.550000000001,,0.7290987693106228,,8.487465674943248,2.0352996484499104
Male,No,0,Not Graduate,No,Semiurban,6783.0,0.0,130.0,360.0,1.0,6783.0,0.3611111111111111,0.0521765217190637,0.05322982180293501,8.822322177471738,4.875197323201151
,,3+,Graduate,Yes,,6653.186274509803,0.0,171.33823529411765,240.0,0.0,6653.186274509803,0.7139093137254903,0.0388304889016755,0.10728724509265142,8.803001450552353,5.149459030082496
,,,,,,2634.090909090909,0.0,6.987272727272728,,1.0,2634.090909090909,,0.3769301817330332,,7.8766729609840915,2.077849365749263
,,0,Graduate,Yes,,7026.9607843137255,0.0,179.41176470588235,72.0,0.0,7026.9607843137255,2.491830065359477,0.03916644836187252,0.3545594720621086,8.857651869370208,5.195241820058035
,,1,Not Graduate,Yes,,3438.725490196078,0.0,90.60294117647058,48.0,0.0,3438.725490196078,1.8875612745098038,0.037953376481696575,0.5487534629986432,8.1431469478217,4.517463380078039
,,3+,Not Graduate,Yes,,1794.1176470588234,0.0,58.30882352941176,240.0,0.0,1794.1176470588234,0.24295343137254902,0.03076870308403286,0.1353412305709386,7.492825840311576,4.082758089697261
,,,,,,2079.545454545455,0.0,8.73409090909091,,1.0,2079.545454545455,,0.23806798076722938,,7.64038537607929,2.2756342507030642
Female,No,0,Graduate,No,Urban,3244.0,0.0,80.0,360.0,1.0,3244.0,0.2222222222222222,0.04054949313133586,0.0684814244136278,8.08487062913819,4.394449154672439
,,,,,,1663.6363636363635,0.0,4.159090909090909,,1.0,1663.6363636363635,,0.3999038482550643,,7.417361978343343,1.6407603835631415
,,1,Not Graduate,Yes,,6727.941176470588,0.0,305.0,192.0,1.0,6727.941176470588,1.5885416666666667,0.02205875120563732,0.2360760222160058,8.814173081356467,5.723585101952381
Male,No,0,Not Graduate,No,Semiurban,2346.0,1600.0,132.0,360.0,1.0,3946.0,0.36666666666666664,0.029893712926417224,0.09289755932775948,8.280711075662847,4.890349128221754
,,,,,,17537.5,0.0,20.795454545454547,,1.0,17537.5,,0.8432927815493024,,9.772153743455092,3.081701440965177
,,,,,,5545.454545454546,0.0,9.981818181818182,,1.0,5545.454545454546,,0.555499904381164,,8.620914181968814,2.396241012702344
Female,No,1,Graduate,No,Semiurban,3541.0,0.0,112.0,360.0,,3541.0,0.3111111111111111,0.03161578914473978,0.08783487044356611,8.17244681834278,4.727387818712341
Female,No,,Graduate,No,Urban,5417.0,0.0,143.0,480.0,0.0,5417.0,0.29791666666666666,0.037880853980042095,0.054986464870185804,8.59748202264504,4.969813299576001
,,,,,,3964.1681818181823,0.0,14.515227272727271,,1.0,3964.1681818181823,,0.27308529326114667,,8.285303549769184,2.7418219463736064
,,,,,,4921.59090909091,0.0,9.981818181818182,,1.0,4921.59090909091,,0.4930061651382831,,8.501590278416066,2.396241012702344
,,2,Graduate,No,,3887.254901960784,0.0,138.14705882352942,96.0,1.0,3887.254901960784,1.4390318627450982,0.028138324454680688,0.3700970998633391,8.265715724635193,4.935531351014987
Male,Yes,2,Graduate,No,Rural,4167.0,1447.0,158.0,360.0,1.0,5614.0,0.4388888888888889,0.03553142068721084,0.07816364895616898,8.633196867172543,5.0689042022202315
,,,,,,5258.477272727274,0.0,19.963636363636365,,1.0,5258.477272727274,,0.26338958431043985,,8.56778692298495,3.042789335036588
Male,No,0,Graduate,No,Semiurban,2366.0,2531.0,136.0,360.0,1.0,4897.0,0.37777777777777777,0.03600708818317512,0.07712898688807222,8.496582237512113,4.919980925828125
,,3+,Not Graduate,No,,224.26470588235293,0.0,4.485294117647059,96.0,0.0,224.26470588235293,0.0467218137254902,0.0499888549438158,0.2074084954519737,5.417276181293432,1.7020707144677087
Male,Yes,0,Graduate,No,Semiurban,5726.0,4595.0,258.0,360.0,1.0,10321.0,0.7166666666666667,0.040003720915810406,0.06943098882645482,9.242032818708672,5.556828061699537
,,2,Not Graduate,Yes,,3812.5,0.0,119.30882352941175,168.0,0.0,3812.5,0.7101715686274509,0.03195461938689532,0.18622566372818958,8.246302681604293,4.790061966337592
,,,,,,5406.818181818182,0.0,11.874204545454546,,1.0,5406.818181818182,,0.4553031622421815,,8.595600996931699,2.5552256617638425
,,3+,Graduate,Yes,,6279.411764705882,0.0,226.05882352941177,24.0,0.0,6279.411764705882,9.419117647058824,0.027777654899783163,1.4997611621568463,8.745190824941107,5.425209118402661
,,2,Graduate,No,,3289.21568627451,0.0,87.91176470588235,216.0,1.0,3289.21568627451,0.40699891067538124,0.0374145403944329,0.12369976605886998,8.098708399748725,4.487644470163296
Female,No,1,Graduate,,Semiurban,3652.0,0.0,95.0,360.0,1.0,3652.0,0.2638888888888889,0.03844170061367775,0.07223895124250997,8.203304026795282,4.564348191467836
,,,,,,4159.09090909091,0.0,1.6636363636363638,,0.0,4159.09090909091,,2.498498170498608,,8.333292206163385,0.9796922432246511
,,3+,Graduate,No,,5830.882352941177,0.0,148.91176470588235,240.0,1.0,5830.882352941177,0.6204656862745098,0.03915636355592319,0.10639201011343999,8.671095100806898,5.01004688572388
,,1,Graduate,No,,2317.401960784314,0.0,95.08823529411764,168.0,1.0,2317.401960784314,0.5660014005602241,0.024370812885564048,0.244134283068302,7.748633417314988,4.565266886984909
,,,,,,4367.045454545455,0.0,16.636363636363637,,1.0,4367.045454545455,,0.2624842222598642,,8.382070923631003,2.8699628862649575
,,3+,Not Graduate,Yes,,7251.225490196079,0.0,245.7941176470588,24.0,0.0,7251.225490196079,10.24142156862745,0.029501096521405402,1.4121763839903096,8.889063664909838,5.508554457253908
,,3+,Graduate,No,,448.52941176470586,0.0,14.352941176470589,240.0,1.0,448.52941176470586,0.059803921568627454,0.031247822897585,0.13303672686033324,6.1082012839506294,2.7313070632664775
,,,,,,4367.045454545455,0.0,3.327272727272728,,1.0,4367.045454545455,,1.3121056513069842,,8.382070923631003,1.464937488439004
,,,,,,6931.818181818183,0.0,8.318181818181818,,1.0,6931.818181818183,,0.8332331632262789,,8.844021673561565,2.2319675257800924
,,,,,,9843.18181818182,0.0,8.318181818181818,,1.0,9843.18181818182,,1.1831910917813162,,9.194635881289772,2.2319675257800924
Female,No,0,Graduate,No,Semiurban,4160.0,0.0,71.0,360.0,1.0,4160.0,0.19722222222222222,0.05859072407430881,0.04739779433362707,8.333510708982942,4.276666119016055
Male,Yes,2,Graduate,No,Urban,8799.0,0.0,258.0,360.0,0.0,8799.0,0.7166666666666667,0.034104518974732656,0.08143939393939394,9.082507000466299,5.556828061699537
,,0,Not Graduate,Yes,,1794.1176470588234,0.0,46.64705882352941,192.0,1.0,1794.1176470588234,0.24295343137254902,0.03846071395695174,0.1353412305709386,7.492825840311576,3.8638209036102684
,,,,,,1663.6363636363635,0.0,4.575,,1.0,1663.6363636363635,,0.3635568976478067,,7.417361978343343,1.7182923173461826
,,,,,,7070.454545454546,0.0,8.151818181818184,,1.0,7070.454545454546,,0.8672405526254165,,8.863821472589304,2.2139525679429615
,,2,Not Graduate,No,,5232.843137254902,0.0,181.2058823529412,96.0,1.0,5232.843137254902,1.887561274509804,0.0288777284245902,0.36064536613143716,8.562901112685863,5.205137269447081
,,3+,Not Graduate,Yes,,3812.5,0.0,122.8970588235294,168.0,0.0,3812.5,0.7315301120448179,0.031021645390464692,0.19182643556963888,8.246302681604293,4.819451050044456
Female,Yes,0,Graduate,No,Semiurban,4180.0,2306.0,182.0,360.0,1.0,6486.0,0.5055555555555555,0.03563716682875369,0.0779336450679136,8.777555453213056,5.209486152841421
,,,,,,2426.136363636364,0.0,1.4972727272727275,,0.0,2426.136363636364,,1.619288878102057,,7.794467390236547,0.9151992273088121
,,,,,,3673.863636363637,0.0,9.15,,0.0,3673.863636363637,,0.4014712748730889,,8.20927130520711,2.3174737054877963
,,,,,,4325.454545454546,0.0,8.318181818181818,,0.0,4325.454545454546,,0.5199374938531981,,8.372503673913839,2.2319675257800924
Female,,,Graduate,No,Semiurban,10047.0,0.0,,240.0,1.0,10047.0,,,,9.21512888870798,
,,,,,,4817.613636363637,0.0,9.981818181818182,,1.0,4817.613636363637,,0.48259054193113626,,8.480241538361529,2.396241012702344
,,,,,,1663.6363636363635,0.0,5.926704545454546,,1.0,1663.6363636363635,,0.2806544001779011,,7.417361978343343,1.935384165532949
,,2,Graduate,No,,5232.843137254902,0.0,214.3970588235294,216.0,0.0,5232.843137254902,0.9925789760348583,0.0244071385998977,0.18964629814172382,8.562901112685863,5.3724831101422
,,2,Graduate,No,,4111.519607843137,0.0,170.44117647058823,48.0,0.0,4111.519607843137,3.550857843137255,0.02412266548680589,0.8634263618744293,8.321791162926854,5.144240213429389
,,,,,,3465.9090909090914,0.0,14.972727272727274,,1.0,3465.9090909090914,,0.2314660223057355,,8.151018724086292,2.7708827223946813
Male,Yes,1,Graduate,No,Semiurban,6875.0,0.0,200.0,360.0,1.0,6875.0,0.5555555555555556,0.03437482812585937,0.08079632861482774,8.83579236650274,5.303304908059076
,,2,Not Graduate,No,,6055.147058823529,0.0,222.4705882352941,72.0,0.0,6055.147058823529,3.0898692810457513,0.027217619592931497,0.5102038063200519,8.708829077983538,5.40927980913141
,,,,,,1347.5454545454547,0.0,6.238636363636364,,1.0,1347.5454545454547,,0.2159653825980535,,7.206781849498133,1.979432841093957
,,,,,,2772.727272727273,0.0,13.30909090909091,,1.0,2772.727272727273,,0.2083176810485551,,7.92794728051419,2.6608950631849324
,,,,,,7555.68181818182,0.0,16.636363636363637,,1.0,7555.68181818182,,0.4541393686718286,,8.930187459884188,2.8699628862649575
,,3+,Graduate,No,,5830.882352941177,0.0,195.55882352941177,96.0,0.0,5830.882352941177,2.0370710784313726,0.029816361293986463,0.3492990693483421,8.671095100806898,5.280961742894909
Male,No,0,Graduate,No,Semiurban,3418.0,0.0,127.0,360.0,1.0,3418.0,0.3527777777777778,0.02691317391201644,0.10318156705989408,8.137103389639302,4.852030263919617
,,,,,,4332.109090909092,0.0,2.661818181818182,,1.0,4332.109090909092,,1.6268888054351167,,8.374040598184829,1.297959795051991
,,,,,,7846.818181818183,0.0,20.17159090909091,,1.0,7846.818181818183,,0.3889841526643939,,8.96799083352247,3.0526602315481015
,,3+,Not Graduate,Yes,,3513.4803921568628,0.0,105.85294117647058,48.0,0.0,3513.4803921568628,2.205269607843137,0.033191776830486554,0.6274809820434784,8.164646967473027,4.67145350760504
,,3+,Not Graduate,Yes,,1868.872549019608,0.0,54.72058823529412,240.0,0.0,1868.872549019608,0.22800245098039218,0.03415238134141416,0.12193475491147032,7.533625551921446,4.020349705842494
,,3+,Not Graduate,Yes,,5457.107843137255,0.0,209.01470588235293,72.0,0.0,5457.107843137255,2.902982026143791,0.026108601839752922,0.5318660073369293,8.604857459801051,5.347177556276827
,,,,,,1732.9545454545455,0.0,6.654545454545455,,1.0,1732.9545454545455,,0.26037753889442844,,7.458159943302869,2.0352996484499104
Male,Yes,0,Graduate,Yes,Rural,9963.0,0.0,180.0,360.0,1.0,9963.0,0.5,0.05534969250170833,0.05018065034122842,9.20673387638207,5.198497031265826
,,0,Graduate,Yes,,747.5490196078431,0.0,25.11764705882353,144.0,0.0,747.5490196078431,0.1744281045751634,0.02976071990888731,0.2330216191673652,6.618136692173317,3.2626112183760085
,,1,Graduate,No,,5382.35294117647,0.0,204.52941176470588,24.0,0.0,5382.35294117647,8.522058823529411,0.026315660809251146,1.5830392167575422,8.591066682299862,5.325589146637785
,,,,,,5178.068181818182,0.0,16.428409090909092,,1.0,5178.068181818182,,0.3151706889253473,,8.552380431391912,2.8581015811785275
,,,,,,2496.9102272727278,0.0,12.477272727272728,,1.0,2496.9102272727278,,0.2001006294577484,,7.8232097521985615,2.6010047650794643
,,,,,,12685.227272727274,0.0,12.477272727272728,,0.0,12685.227272727274,,1.016585191715054,,9.448272217272786,2.6010047650794643
,,3+,Not Graduate,No,,5905.637254901961,0.0,154.2941176470588,168.0,0.0,5905.637254901961,0.9184173669467787,0.03827494573360879,0.15548904178677597,8.68383195606016,5.045320852084146
,,3+,Graduate,No,,2765.931372549019,0.0,68.17647058823529,168.0,1.0,2765.931372549019,0.405812324929972,0.04056958037141244,0.14666512113602578,7.925494177364791,4.236660784402356
Male,Yes,0,Graduate,,Rural,3539.0,1376.0,55.0,360.0,1.0,4915.0,0.1527777777777778,0.0893620115997891,0.031077660247717208,8.500250470685925,4.02535169073515
Male,Yes,3+,Graduate,No,Rural,2666.0,2083.0,95.0,360.0,1.0,4749.0,0.2638888888888889,0.04998894748476332,0.05555555555555556,8.465899897028686,4.564348191467836
Male,Yes,1,Graduate,No,Semiurban,3400.0,2500.0,173.0,360.0,1.0,5900.0,0.48055555555555557,0.03410384911069878,0.08143629140070421,8.682877107057168,5.159055299214529
,,,,,,3084.6590909090914,0.0,10.813636363636364,,1.0,3084.6590909090914,,0.2852300333722817,,8.034520557251579,2.469254488289129
,,,,,,3826.363636363637,0.0,2.4954545454545456,,1.0,3826.363636363637,,1.532719128946506,,8.249931499559127,1.2514634231532824
,,,,,,1480.6363636363635,0.0,6.238636363636364,,1.0,1480.6363636363635,,0.23729529692872542,,7.300902407081795,1.979432841093957
,,,,,,6422.468181818183,0.0,8.318181818181818,,0.0,6422.468181818183,,0.7720071903924121,,8.767713466056763,2.2319675257800924
,,3+,Graduate,Yes,,5307.598039215686,0.0,139.0441176470588,48.0,0.0,5307.598039215686,2.896752450980392,0.03817176848084717,0.5456718383236961,8.577083056629268,4.941957499017939
Male,No,0,Graduate,Yes,Semiurban,6950.0,0.0,175.0,180.0,1.0,6950.0,0.9722222222222222,0.03971405877680699,0.13986796464137854,8.846640813100485,5.170483995038151
Male,Yes,2,Graduate,No,Urban,2301.0,985.7999877999996,78.0,180.0,1.0,3286.7999877999996,0.43333333333333335,0.042137921152292916,0.13180039386255193,8.097973923364721,4.3694478524670215
,,1,Not Graduate,Yes,,3289.21568627451,0.0,95.08823529411764,48.0,0.0,3289.21568627451,1.981004901960784,0.03459083119241349,0.6020896776538875,8.098708399748725,4.565266886984909
Male,No,0,Graduate,No,Rural,6000.0,0.0,140.0,360.0,1.0,6000.0,0.3888888888888889,0.04285683673688045,0.06480401414579053,8.699681400989514,4.948759890378168
Male,Yes,3+,Graduate,Yes,Semiurban,10139.0,0.0,260.0,360.0,1.0,10139.0,0.7222222222222222,0.03899600386152361,0.07122507122507123,9.224243277145174,5.564520407322694
Male,No,2,Graduate,No,Rural,4354.0,0.0,136.0,360.0,1.0,4354.0,0.37777777777777777,0.03201447048183469,0.08674575838754943,8.379079889286603,4.919980925828125
,,0,Graduate,No,,149.50980392156865,0.0,3.5882352941176467,48.0,0.0,149.50980392156865,0.07475490196078431,0.041655057880044366,0.49667795726941105,5.014028224403265,1.5234954826333755
,,2,Not Graduate,No,,7176.470588235294,0.0,279.88235294117646,144.0,0.0,7176.470588235294,1.9436274509803921,0.025640934027768292,0.2707955995202854,8.878702314213962,5.637935908858615
Male,Yes,1,Graduate,No,Urban,18333.0,0.0,500.0,360.0,1.0,18333.0,1.3888888888888888,0.036665926668146664,0.07575482103681079,9.816512538521721,6.2166061010848646
,,,,,,5337.500000000001,0.0,5.98909090909091,,1.0,5337.500000000001,,0.8910549240412197,,8.582699993618357,1.9443504918636667
,,1,Not Graduate,No,,2317.401960784314,0.0,100.47058823529412,216.0,1.0,2317.401960784314,0.4651416122004357,0.02306524661834943,0.20063027036221046,7.748633417314988,4.619768985409244
,,,,,,5005.05,0.0,14.972727272727274,,1.0,5005.05,,0.3342554534912665,,8.518402459956222,2.7708827223946813
,,3+,Not Graduate,No,,7026.9607843137255,0.0,330.11764705882354,240.0,1.0,7026.9607843137255,1.3754901960784314,0.0212861674035081,0.19571682857828393,8.857651869370208,5.802473741407811
,,0,Not Graduate,Yes,,6578.43137254902,0.0,267.3235294117647,96.0,0.0,6578.43137254902,2.7846200980392157,0.02460840906378683,0.4232311183694878,8.79170360303941,5.592193451729313
,,3+,Graduate,No,,2317.401960784314,0.0,94.19117647058825,72.0,0.0,2317.401960784314,1.3082107843137256,0.024602913401283687,0.564272635393717,7.748633417314988,4.555887253369404
,,3+,Graduate,No,,5830.882352941177,0.0,255.66176470588235,48.0,1.0,5830.882352941177,5.326286764705882,0.02280692833643216,0.9133049060942889,8.671095100806898,5.54775912744873
,,2,Graduate,Yes,,822.3039215686275,0.0,33.19117647058823,24.0,1.0,822.3039215686275,1.3829656862745097,0.024774028370729936,1.6797754146968809,6.713325417524699,3.53196761284535
Male,Yes,2,Graduate,Yes,Rural,7948.0,7166.0,480.0,360.0,1.0,15114.0,1.3333333333333333,0.03148743440117833,0.08821259234755761,9.623442907213558,6.175867270105761
,,0,Graduate,No,,7101.71568627451,0.0,202.73529411764704,72.0,1.0,7101.71568627451,2.815767973856209,0.03502932574151431,0.3964354055868348,8.868232480922941,5.316821573406443
Male,Yes,0,Graduate,No,Urban,3173.0,3021.0,137.0,360.0,1.0,6194.0,0.38055555555555554,0.04521134882227137,0.06142946820912922,8.731497794063243,4.927253685157205
,,3+,Graduate,No,,5083.333333333333,0.0,195.55882352941177,120.0,0.0,5083.333333333333,1.629656862745098,0.025993750871680505,0.32052518116011897,8.533919195331823,5.280961742894909
,,3+,Not Graduate,Yes,,6428.92156862745,0.0,259.25,96.0,0.0,6428.92156862745,2.7005208333333335,0.02479805890286807,0.419992810878064,8.768717619432147,5.5616427074950785
Male,Yes,0,Graduate,Yes,Semiurban,3459.0,0.0,25.0,120.0,1.0,3459.0,0.20833333333333334,0.13835446582136715,0.06021194605009634,8.14902386805177,3.258096538021482
,,,,,,3722.386363636364,0.0,24.82977272727273,,0.0,3722.386363636364,,0.1499102103877703,,8.222388845989242,3.251527808279753
Female,No,0,Graduate,Yes,Semiurban,2600.0,1717.0,99.0,300.0,1.0,4317.0,0.33,0.04360562014525106,0.07642427049559981,8.370547611074752,4.605170185988092
,,3+,Graduate,No,,5158.088235294117,0.0,237.7205882352941,192.0,0.0,5158.088235294117,1.2381280637254901,0.02169802193223066,0.23998970501323574,8.548515144276163,5.475293781134738
,,,,,,2599.4318181818185,0.0,5.822727272727273,,1.0,2599.4318181818185,,0.4463519145814146,,7.86343279413525,1.9202592852811005
,,,,,,3188.636363636364,0.0,7.902272727272728,,1.0,3188.636363636364,,0.40345771602098096,,8.06766219669076,2.1863066067535244
,,,,,,8318.18181818182,0.0,4.990909090909091,,1.0,8318.18181818182,,1.6663327930651421,,9.026319189818803,1.790243168710091
Female,No,0,Graduate,No,Urban,3180.0,0.0,71.0,360.0,0.0,3180.0,0.19722222222222222,0.04478810157603414,0.06200006985923365,8.064950891749143,4.276666119016055
Male,Yes,0,Graduate,No,Urban,3708.0,2569.0,173.0,360.0,1.0,6277.0,0.48055555555555557,0.03628302726573835,0.07654596297476195,8.744806737401898,5.159055299214529
,,3+,Not Graduate,No,,523.2843137254902,0.0,18.838235294117645,168.0,0.0,523.2843137254902,0.11213235294117646,0.027776303313589396,0.21387699384782244,6.262034120621459,2.987611151031649
,,3+,Not Graduate,No,,5756.127450980392,0.0,170.44117647058823,24.0,0.0,5756.127450980392,7.10171568627451,0.03377173168152824,1.2335519313655539,8.658193922867511,5.144240213429389
,,3+,Not Graduate,No,,4111.519607843137,0.0,181.2058823529412,168.0,0.0,4111.519607843137,1.078606442577031,0.022689643762178014,0.2622738723287741,8.321791162926854,5.205137269447081
,,,,,,2426.136363636364,0.0,4.990909090909091,,1.0,2426.136363636364,,0.4860137313106664,,7.794467390236547,1.790243168710091
,,,,,,5892.045454545455,0.0,19.963636363636365,,1.0,5892.045454545455,,0.29512410580526477,,8.6815281981198,3.042789335036588
Male,No,0,Graduate,Yes,Rural,6400.0,0.0,200.0,360.0,1.0,6400.0,0.5555555555555556,0.031999840000799994,0.08679199430644517,8.764209507142004,5.303304908059076
Female,No,1,Graduate,No,Semiurban,4723.0,0.0,81.0,360.0,1.0,4723.0,0.225,0.05830792212441822,0.04762912785774767,8.460411177317253,4.406719247264253
,,,,,,3188.3590909090917,0.0,2.4954545454545456,,0.0,3188.3590909090917,,1.2771548741852083,,8.067575263652659,1.2514634231532824
,,3+,Graduate,Yes,,2541.6666666666665,0.0,76.25,72.0,0.0,2541.6666666666665,1.0590277777777777,0.03333289618059654,0.41650279671386115,7.8409686780522,4.347046915777855
,,,,,,6100.0,0.0,20.795454545454547,,0.0,6100.0,,0.29331922836497476,,8.716207971151853,3.081701440965177
,,,,,,3465.9090909090914,0.0,2.412272727272728,,1.0,3465.9090909090914,,1.4361862427484364,,8.151018724086292,1.2273785582265953
Male,Yes,3+,Graduate,No,Urban,3029.0,0.0,99.0,360.0,1.0,3029.0,0.275,0.030595650548984353,0.09075907590759076,8.016317898503415,4.605170185988092
Male,Yes,0,Not Graduate,No,Rural,2917.0,536.0,66.0,360.0,1.0,3453.0,0.18333333333333332,0.05231738913046772,0.053078556263269634,8.147288258706624,4.204692619390966
Male,No,0,Graduate,Yes,Urban,6050.0,4333.0,120.0,180.0,1.0,10383.0,0.6666666666666666,0.08652427896434196,0.06420133538777606,9.248021438943871,4.795790545596741
,,,,,,5060.227272727273,0.0,8.318181818181818,,0.0,5060.227272727273,,0.6082602091551835,,8.529364276889714,2.2319675257800924
,,1,Not Graduate,Yes,,3662.990196078431,0.0,113.02941176470588,48.0,1.0,3662.990196078431,2.354779411764706,0.03240712069335495,0.6426816901106959,8.206308050047655,4.736456413054768
,,,,,,2703.409090909091,0.0,7.486363636363637,,1.0,2703.409090909091,,0.361062881703719,,7.902638716736199,2.1384605971893613
,,2,Graduate,No,,6877.450980392156,0.0,306.79411764705884,24.0,0.0,6877.450980392156,12.783088235294118,0.022417080927291895,1.8584254320825768,8.836148757378915,5.729431110263938
Female,Yes,0,Graduate,No,Urban,2645.0,3440.0,120.0,360.0,0.0,6085.0,0.3333333333333333,0.05070791076741027,0.05477051155657794,8.713746330456916,4.795790545596741
,,3+,Not Graduate,Yes,,1868.872549019608,0.0,69.07352941176471,120.0,1.0,1868.872549019608,0.5756127450980393,0.027055885359405767,0.30783528289125295,7.533625551921446,4.249545110912196
,,,,,,2356.818181818182,0.0,1.9963636363636368,,1.0,2356.818181818182,,1.1799644986573208,,7.765491971177087,1.0973994322429006
,,0,Graduate,No,,1868.872549019608,0.0,79.83823529411764,24.0,1.0,1868.872549019608,3.3265931372549016,0.023407946508191342,1.7790480634624355,7.533625551921446,4.392450062684554
Male,Yes,2,Graduate,No,Urban,7583.0,0.0,187.0,360.0,1.0,7583.0,0.5194444444444445,0.04055058529098775,0.06849214721050165,8.933796043934858,5.236441962829949
Female,No,1,Graduate,No,Urban,2876.0,1560.0,90.0,360.0,1.0,4436.0,0.25,0.04928834124065288,0.05634437683119225,8.39773375137891,4.51085950651685
,,,,,,2772.727272727273,0.0,4.159090909090909,,1.0,2772.727272727273,,0.6665064137584407,,7.92794728051419,1.6407603835631415
,,,,,,2162.727272727273,0.0,2.4954545454545456,,1.0,2162.727272727273,,0.8663195076654165,,7.679587602785237,1.2514634231532824
,,3+,Not Graduate,Yes,,6877.450980392156,0.0,237.7205882352941,72.0,1.0,6877.450980392156,3.3016748366013067,0.02893069590964088,0.4800026700798078,8.836148757378915,5.475293781134738
,,2,Graduate,No,,6279.411764705882,0.0,297.8235294117647,168.0,0.0,6279.411764705882,1.7727591036414565,0.021084266554901948,0.2822679738299733,8.745190824941107,5.699853196516312
,,,,,,3604.5454545454554,0.0,16.636363636363637,,1.0,3604.5454545454554,,0.21665364377004667,,8.190228343279276,2.8699628862649575
Male,No,0,Not Graduate,No,Rural,2755.0,0.0,65.0,300.0,1.0,2755.0,0.21666666666666667,0.04238396332364117,0.07861635220125787,7.9215356321335495,4.189654742026425
Male,Yes,2,Graduate,No,Urban,1299.0,1086.0,17.0,120.0,1.0,2385.0,0.14166666666666666,0.14028586553732134,0.059374126851075716,7.777373602657861,2.8903717578961645
,,2,Graduate,No,,4485.294117647059,0.0,156.08823529411765,192.0,1.0,4485.294117647059,0.8129595588235294,0.02873544808644527,0.1812095991713323,8.408782276383274,5.056807655723609
Male,No,0,Graduate,No,Semiurban,4683.0,1915.0,185.0,360.0,1.0,6598.0,0.5138888888888888,0.03566467208285361,0.07787375191527335,8.794673401383422,5.225746673713202
,,,,,,17329.545454545456,0.0,23.290909090909093,,1.0,17329.545454545456,,0.7440156745807167,,9.76022585679861,3.19010216886412
,,,,,,10952.272727272728,0.0,16.636363636363637,,1.0,10952.272727272728,,0.658293763762834,,9.301393569792145,2.8699628862649575
Male,No,0,Graduate,No,Rural,4000.0,2500.0,140.0,360.0,1.0,6500.0,0.3888888888888889,0.046428239798287155,0.0598198567741715,8.77971129020447,4.948759890378168
Male,No,3+,Not Graduate,No,Semiurban,4707.0,1993.0,148.0,360.0,1.0,6700.0,0.4111111111111111,0.04526996439213249,0.061350710507552766,8.81001204797317,5.003946305945459
Male,No,0,Graduate,No,Urban,4166.0,7210.0,184.0,360.0,1.0,11376.0,0.5111111111111111,0.06182575094700572,0.04492494604123329,9.339349052539717,5.220355825078324
,,3+,Not Graduate,Yes,,3214.460784313725,0.0,83.42647058823529,120.0,0.0,3214.460784313725,0.6952205882352941,0.03853000410594996,0.21621180753528452,8.075725949672131,4.43588098499153
,,3+,Graduate,Yes,,822.3039215686275,0.0,28.70588235294117,240.0,0.0,822.3039215686275,0.11960784313725488,0.02864483545996691,0.14527787370351403,6.713325417524699,3.3913450852191436
Male,Yes,3+,Not Graduate,No,Rural,2647.0,1587.0,173.0,360.0,1.0,4234.0,0.48055555555555557,0.02447384697198282,0.11347238619965892,8.351138607086154,5.159055299214529
,,,,,,1873.739772727273,0.0,4.990909090909091,,1.0,1873.739772727273,,0.3753553477445321,,7.536225140893794,1.790243168710091
,,,,,,5476.136363636364,0.0,11.645454545454546,,1.0,5476.136363636364,,0.47019771916541125,,8.608337681979053,2.537297826131027
,,,,,,6030.681818181819,0.0,10.813636363636364,,1.0,6030.681818181819,,0.557640739401989,,8.704781159321353,2.469254488289129
,,3+,Graduate,Yes,,6129.901960784314,0.0,265.52941176470586,120.0,0.0,6129.901960784314,2.2127450980392154,0.023085498644186176,0.36091673169670835,8.72109715689667,5.585484600610922
Male,Yes,0,Not Graduate,No,Semiurban,1863.0,1041.0,98.0,360.0,1.0,2904.0,0.2722222222222222,0.02963235069029908,0.09370816599732261,7.974188669286011,4.59511985013459
,,,,,,2426.136363636364,0.0,2.0795454545454546,,1.0,2426.136363636364,,1.1661059162806957,,7.794467390236547,1.1247820064014944
,,3+,Graduate,Yes,,897.0588235294117,0.0,43.05882352941176,24.0,1.0,897.0588235294117,1.7941176470588234,0.02083284951032558,1.9977729743892054,6.8002355712007265,3.7855256394610035
,,0,Not Graduate,Yes,,2840.686274509804,0.0,95.08823529411764,144.0,0.0,2840.686274509804,0.6603349673202614,0.029873899666175287,0.23237433816798456,7.952152913580554,4.565266886984909
Male,Yes,1,Graduate,No,Rural,2787.0,1917.0,146.0,360.0,0.0,4704.0,0.40555555555555556,0.03221895740440134,0.08619671744007557,8.45638105201948,4.990432586778736
,,2,Graduate,No,,2242.6470588235293,0.0,69.07352941176471,144.0,1.0,2242.6470588235293,0.47967728758169936,0.032467062431286914,0.21379355799089952,7.715857972108248,4.249545110912196
Male,Yes,1,Graduate,No,Urban,3417.0,1750.0,186.0,360.0,1.0,5167.0,0.5166666666666667,0.02777942054074978,0.09997420020639837,8.550241045462437,5.231108616854587
Male,Yes,1,Graduate,Yes,Semiurban,3450.0,2079.0,162.0,360.0,1.0,5529.0,0.45,0.03412941895420399,0.081374321880651,8.61794309451638,5.093750200806762
Male,Yes,0,Graduate,No,Rural,3593.0,4266.0,132.0,180.0,0.0,7859.0,0.7333333333333333,0.05953742774675949,0.0932994062765055,8.969541885423252,4.890349128221754
,,,,,,6238.636363636364,0.0,9.981818181818182,,1.0,6238.636363636364,,0.6249373924288095,,8.738677184607141,2.396241012702344
,,,,,,4360.113636363637,0.0,13.30909090909091,,1.0,4360.113636363637,,0.3275795534488529,,8.380482724912962,2.6608950631849324
,,,,,,2772.727272727273,0.0,0.8318181818181819,,1.0,2772.727272727273,,3.3293308590765203,,7.92794728051419,0.6053090155943215
Male,Yes,3+,Graduate,No,Rural,6417.0,0.0,157.0,180.0,1.0,6417.0,0.8722222222222222,0.040872351131521455,0.13590249645095392,8.766861821669803,5.062595033026967
,,1,Not Graduate,No,,1943.627450980392,0.0,70.86764705882352,144.0,0.0,1943.627450980392,0.4921364379084967,0.027425773337638452,0.25307492067973436,7.572825695793657,4.274826192094048
,,,,,,2980.4045454545458,0.0,3.992727272727273,,0.0,2980.4045454545458,,0.7462714256447611,,8.000149792439228,1.6079823081013997
,,,,,,2356.818181818182,0.0,3.327272727272728,,1.0,2356.818181818182,,0.708120510229166,,7.765491971177087,1.464937488439004
Female,No,0,Not Graduate,No,Rural,4350.0,0.0,154.0,360.0,1.0,4350.0,0.42777777777777776,0.028246569827468652,0.09831711739319186,8.37816098272068,5.043425116919247
Male,Yes,1,Graduate,No,Urban,3052.0,1030.0,100.0,360.0,1.0,4082.0,0.2777777777777778,0.040819591804081956,0.06803276457942145,8.314587291319576,4.61512051684126
,,,,,,8318.18181818182,0.0,16.636363636363637,,1.0,8318.18181818182,,0.4999699471616461,,9.026319189818803,2.8699628862649575
,,3+,Not Graduate,No,,2765.931372549019,0.0,120.20588235294116,216.0,0.0,2765.931372549019,0.5565087145969498,0.023009758829181912,0.2011284848327371,7.925494177364791,4.797490606722656
Male,Yes,3+,Not Graduate,Yes,Urban,7100.0,0.0,125.0,60.0,1.0,7100.0,2.0833333333333335,0.05679954560363517,0.29338590808806275,8.867990898182093,4.836281906951478
,,2,Graduate,No,,1121.3235294117646,0.0,43.95588235294117,192.0,0.0,1121.3235294117646,0.2289368872549019,0.025509623735559046,0.2039847523956777,7.023156395151958,3.8056816167147276
,,,,,,8734.09090909091,0.0,6.238636363636364,,1.0,8734.09090909091,,1.3997756279503468,,9.075103629965735,1.979432841093957
,,,,,,2287.5000000000005,0.0,9.981818181818182,,1.0,2287.5000000000005,,0.22914371055723018,,7.7356518600936965,2.396241012702344
,,2,Not Graduate,Yes,,4261.029411764705,0.0,183.8970588235294,240.0,0.0,4261.029411764705,0.7662377450980391,0.02317060570962109,0.1797823691650162,8.357500713564997,5.219799231417074
,,,,,,6931.818181818183,0.0,19.963636363636365,,1.0,6931.818181818183,,0.3472048303591351,,8.844021673561565,3.042789335036588
,,3+,Not Graduate,Yes,,4485.294117647059,0.0,110.33823529411764,144.0,1.0,4485.294117647059,0.7662377450980391,0.040650038091084875,0.17079525439137067,8.408782276383274,4.7125727329272
Male,No,0,Graduate,No,Rural,4191.0,0.0,120.0,360.0,1.0,4191.0,0.3333333333333333,0.03492470896075866,0.07951653944020355,8.340933226000878,4.795790545596741
,,0,Graduate,No,,4784.313725490197,0.0,225.16176470588235,192.0,0.0,4784.313725490197,1.1727175245098038,0.021248245604639296,0.24506596469590367,8.473306866103574,5.421250516263817
Male,Yes,1,Graduate,No,Rural,5500.0,1260.0,170.0,360.0,1.0,6760.0,0.4722222222222222,0.039764471973694274,0.06984502621242748,8.818926087090677,5.14166355650266
,,,,,,3812.5,0.0,4.325454545454546,,1.0,3812.5,,0.8812065306465507,,8.246302681604293,1.672498068601217
Male,No,0,Graduate,No,Urban,2435.0,0.0,75.0,360.0,1.0,2435.0,0.20833333333333334,0.032466233783549556,0.08552271483305966,7.798112628829788,4.330733340286331
Male,Yes,0,Graduate,No,Semiurban,6333.0,4583.0,259.0,360.0,,10916.0,0.7194444444444444,0.04214655541870495,0.06590129563473889,9.29807648628027,5.560681631015528
Male,Yes,0,Graduate,No,Semiurban,4583.0,5625.0,255.0,360.0,1.0,10208.0,0.7083333333333334,0.04003121556386054,0.06938322395272147,9.231024963169016,5.545177444479562
,,3+,Graduate,Yes,,5756.127450980392,0.0,218.8823529411765,96.0,0.0,5756.127450980392,2.280024509803922,0.026297694062313245,0.39603509375420415,8.658193922867511,5.393092643959292
,,,,,,2262.545454545455,0.0,3.7431818181818186,,1.0,2262.545454545455,,0.6042830087893946,,7.724687648205398,1.556708180164894
Female,Yes,1,Graduate,No,Semiurban,4608.0,2845.0,140.0,180.0,1.0,7453.0,0.7777777777777778,0.053235334033328335,0.1043436782637212,8.916506080039204,4.948759890378168
,,1,Graduate,No,,5232.843137254902,0.0,188.3823529411765,240.0,0.0,5232.843137254902,0.7849264705882354,0.027777630324314694,0.14997134037148874,8.562901112685863,5.243768002922022
,,,,,,3743.1818181818185,0.0,5.240454545454546,,0.0,3743.1818181818185,,0.7141494380463438,,8.227958398966923,1.8310530235511977
Male,Yes,2,Graduate,No,Semiurban,4009.0,1717.0,116.0,360.0,1.0,5726.0,0.32222222222222224,0.04936164343410833,0.05626370215160158,8.652947112393857,4.762173934797756
Male,Yes,0,Graduate,No,Rural,1025.0,2773.0,112.0,360.0,1.0,3798.0,0.3111111111111111,0.033910411514182906,0.08189289579129011,8.242493153187626,4.727387818712341
,,3+,Not Graduate,No,,2616.421568627451,0.0,91.5,144.0,0.0,2616.421568627451,0.6354166666666666,0.028594458734084338,0.24276435797840262,7.869944978065555,4.52720864451838
,,3+,Not Graduate,Yes,,2466.9117647058824,0.0,113.92647058823528,192.0,0.0,2466.9117647058824,0.5933670343137254,0.021653353242801023,0.24043283994168282,7.811127632646252,4.7442925376794705
,,1,Graduate,Yes,,1943.627450980392,0.0,49.338235294117645,168.0,1.0,1943.627450980392,0.29367997198879553,0.03939314096366055,0.1510212004056281,7.572825695793657,3.9187649333540784
,,,,,,5573.181818181819,0.0,11.97818181818182,,1.0,5573.181818181819,,0.465238937247194,,8.625900826487628,2.5632696258235894
,,3+,Not Graduate,Yes,,5531.862745098038,0.0,145.3235294117647,24.0,1.0,5531.862745098038,6.055147058823529,0.038065581684589365,1.0943967594692674,8.618460635993284,4.985820124976532
,,,,,,1455.6818181818182,0.0,2.4954545454545456,,1.0,1455.6818181818182,,0.5830996686209534,,7.283916400865246,1.2514634231532824
,,0,Not Graduate,Yes,,3513.4803921568628,0.0,95.08823529411764,240.0,0.0,3513.4803921568628,0.39620098039215684,0.03694929695553259,0.11273387135018424,8.164646967473027,4.565266886984909
Male,Yes,0,Graduate,No,Rural,1025.0,5500.0,216.0,360.0,,6525.0,0.6,0.03020819348058574,0.09193993257738278,8.783549477153265,5.37989735354046
,,,,,,2079.545454545455,0.0,4.159090909090909,,0.0,2079.545454545455,,0.49987981031883055,,7.64038537607929,1.6407603835631415
Male,No,0,Not Graduate,No,Rural,6045.0,0.0,115.0,360.0,0.0,6045.0,0.3194444444444444,0.05256476030643212,0.05283566729150586,8.707152175339404,4.7535901911063645
,,,,,,1626.2045454545455,0.0,5.822727272727273,,1.0,1626.2045454545455,,0.27923775776213294,,7.394618818711329,1.9202592852811005
,,3+,Not Graduate,Yes,,1046.5686274509803,0.0,30.5,168.0,1.0,1046.5686274509803,0.18154761904761904,0.03431260048690142,0.17330379536983062,6.954227165116578,3.449987545831587
,,,,,,6931.818181818183,0.0,8.318181818181818,,0.0,6931.818181818183,,0.8332331632262789,,8.844021673561565,2.2319675257800924
Male,Yes,3+,Graduate,No,Semiurban,4342.0,189.0,124.0,360.0,1.0,4531.0,0.34444444444444444,0.03654002790300078,0.07600274590565853,8.418918622147897,4.8283137373023015
Male,Yes,0,Graduate,,Urban,6256.0,0.0,160.0,360.0,,6256.0,0.4444444444444444,0.03909975562652734,0.07103155576865021,8.741456115998364,5.081404364984463
,,3+,Not Graduate,No,,897.0588235294117,0.0,29.602941176470587,144.0,1.0,897.0588235294117,0.20557598039215685,0.030302006688298657,0.22891148664876312,6.8002355712007265,3.4210961212175275
,,3+,Graduate,Yes,,5307.598039215686,0.0,163.26470588235293,48.0,1.0,5307.598039215686,3.401348039215686,0.03250895839105532,0.6407243520962108,8.577083056629268,5.10147918688714
,,3+,Not Graduate,Yes,,4784.313725490197,0.0,210.80882352941177,24.0,0.0,4784.313725490197,8.783700980392156,0.022694927804551283,1.8355538391565691,8.473306866103574,5.355684092022943
Male,No,0,Graduate,Yes,Rural,6822.0,0.0,141.0,360.0,1.0,6822.0,0.39166666666666666,0.048382635584144795,0.05740387903659192,8.828054536815424,4.955827057601261
,,0,Not Graduate,No,,5606.617647058823,0.0,257.4558823529412,24.0,1.0,5606.617647058823,10.72732843137255,0.02177691889926971,1.9129921308024627,8.631881246479018,5.554725011502759
,,2,Not Graduate,Yes,,6129.901960784314,0.0,175.8235294117647,192.0,0.0,6129.901960784314,0.9157475490196078,0.03486374728993958,0.14936587713799587,8.72109715689667,5.175152226256704
,,3+,Not Graduate,Yes,,5083.333333333333,0.0,179.41176470588235,144.0,1.0,5083.333333333333,1.2459150326797386,0.02833317541071629,0.24504983269122244,8.533919195331823,5.195241820058035
Female,No,0,Not Graduate,No,Semiurban,4408.0,0.0,120.0,360.0,1.0,4408.0,0.3333333333333333,0.036733027224773125,0.07560293339381567,8.391403185357937,4.795790545596741
,,2,Not Graduate,No,,1121.3235294117646,0.0,34.088235294117645,48.0,1.0,1121.3235294117646,0.7101715686274509,0.03289377188244694,0.6327690278396534,7.023156395151958,3.5578658974817547
Male,Yes,3+,Graduate,No,Rural,81000.0,0.0,360.0,360.0,0.0,81000.0,1.0,0.2249993750017361,0.012345526598437056,11.302216779257382,5.8888779583328805
,,,,,,3465.9090909090914,0.0,9.981818181818182,,1.0,3465.9090909090914,,0.34718744023822756,,8.151018724086292,2.396241012702344
,No,0,Graduate,No,Semiurban,4750.0,0.0,94.0,360.0,1.0,4750.0,0.2611111111111111,0.05053137732577313,0.05495918987815431,8.46611040118692,4.553876891600541
,,,,,,2079.545454545455,0.0,1.2477272727272728,,1.0,2079.545454545455,,1.6653319743739083,,7.64038537607929,0.8099196047104052
Male,Yes,2,Not Graduate,No,Rural,4652.0,0.0,110.0,360.0,1.0,4652.0,0.3055555555555556,0.04229052463159426,0.06566850538481746,8.445267451844648,4.709530201312334
,,,,,,7070.454545454546,0.0,10.189772727272729,,1.0,7070.454545454546,,0.6938094622140349,,8.863821472589304,2.41500021177555
,,,,,,5490.000000000001,0.0,9.316363636363636,,0.0,5490.000000000001,,0.5892224683142911,,8.610865667278873,2.33373133714228
,,,,,,2994.545454545455,0.0,4.990909090909091,,1.0,2994.545454545455,,0.5998798055034511,,8.004881615685418,1.790243168710091
,,,,,,13517.045454545456,0.0,4.990909090909091,,1.0,13517.045454545456,,2.7077907887308554,,9.511780772174653,1.790243168710091
Male,Yes,0,Graduate,No,Semiurban,2958.0,2900.0,131.0,360.0,1.0,5858.0,0.3638888888888889,0.04471721589911527,0.06210767859513379,8.675734219544788,4.882801922586371
Male,No,0,Graduate,Yes,Semiurban,7085.0,0.0,84.0,360.0,1.0,7085.0,0.23333333333333334,0.08434423399721432,0.03292877975350456,8.865876285425417,4.442651256490317
Male,Yes,1,Graduate,No,Semiurban,5468.0,1032.0,26.0,360.0,1.0,6500.0,0.07222222222222222,0.24999038498519288,0.011109401972346134,8.77971129020447,3.295836866004329
,,2,Not Graduate,No,,2018.3823529411764,0.0,60.10294117647059,96.0,0.0,2018.3823529411764,0.6260723039215687,0.033581530818670005,0.3100315811959588,7.610546977768631,4.112560002113442
Male,No,0,Graduate,,Semiurban,12876.0,0.0,405.0,360.0,1.0,12876.0,1.125,0.031792514092557796,0.08736506950376641,9.463198053273784,6.0063531596017325
,,,,,,1386.3636363636365,0.0,5.323636363636364,,1.0,1386.3636363636365,,0.26036775878847895,,7.2351605606925045,1.8442944166877118
,,3+,Graduate,Yes,,7101.71568627451,0.0,202.73529411764704,168.0,0.0,7101.71568627451,1.2067577030812324,0.03502932574151431,0.16990088810864348,8.868232480922941,5.316821573406443
,,3+,Graduate,Yes,,2093.1372549019607,0.0,97.77941176470588,72.0,0.0,2093.1372549019607,1.358047385620915,0.021406508902200024,0.6484997019378721,7.646896936035951,4.592889200090758
,,2,Graduate,Yes,,3139.705882352941,0.0,141.73529411764704,72.0,1.0,3139.705882352941,1.9685457516339868,0.02215174244464762,0.6267844953884061,8.052202856934938,4.960991824789055
,,0,Not Graduate,Yes,,6279.411764705882,0.0,244.0,120.0,0.0,6279.411764705882,2.033333333333333,0.025735188645562443,0.3237579651640176,8.745190824941107,5.501258210544727
,,,,,,8179.268181818183,0.0,14.972727272727274,,0.0,8179.268181818183,,0.5462412953597513,,9.009480214122721,2.7708827223946813
Male,No,0,Graduate,No,Semiurban,3858.0,0.0,76.0,360.0,1.0,3858.0,0.2111111111111111,0.05076248996723727,0.05470617028015318,8.258163361537619,4.343805421853684
,,,,,,2536.2136363636364,0.0,8.318181818181818,,1.0,2536.2136363636364,,0.3048633497612309,,7.8388217643171245,2.2319675257800924
,,3+,Not Graduate,Yes,,3737.745098039216,0.0,104.05882352941175,192.0,0.0,3737.745098039216,0.5419730392156862,0.03591919504824809,0.1449612169334368,8.226505298820387,4.654520417380228
,,,,,,3188.636363636364,0.0,4.990909090909091,,0.0,3188.636363636364,,0.6387609040083044,,8.06766219669076,1.790243168710091
Male,Yes,3+,Graduate,No,Semiurban,4691.0,0.0,100.0,360.0,1.0,4691.0,0.2777777777777778,0.04690953090469095,0.05920242493132519,8.453614209773367,4.61512051684126
,,2,Not Graduate,Yes,,4560.049019607843,0.0,200.0441176470588,120.0,1.0,4560.049019607843,1.6670343137254902,0.022795102791027238,0.365493619243939,8.425307924211026,5.303524374755885
,,,,,,4159.09090909091,0.0,5.697954545454546,,1.0,4159.09090909091,,0.7297989264378635,,8.333292206163385,1.9018021880627132
,,,,,,1746.818181818182,0.0,4.990909090909091,,1.0,1746.818181818182,,0.3499298865436798,,7.466123535827391,1.790243168710091
Male,Yes,2,Graduate,No,Semiurban,6700.0,1750.0,230.0,300.0,1.0,8450.0,0.7666666666666667,0.03673897070012739,0.09071904705557529,9.042040056544483,5.442417710521793
,,,,,,5198.863636363637,0.0,11.47909090909091,,1.0,5198.863636363637,,0.4528590999437762,,8.556387680449445,2.5240545164651977
,,3+,Graduate,Yes,,2765.931372549019,0.0,89.70588235294117,240.0,1.0,2765.931372549019,0.3737745098039216,0.030832989621317877,0.13508629578318163,7.925494177364791,4.507622210067058
Male,Yes,1,Graduate,No,Urban,10750.0,0.0,312.0,360.0,1.0,10750.0,0.8666666666666667,0.034455017772378936,0.08061265618702138,9.282754052485227,5.746203190540153
,,2,Not Graduate,No,,4709.558823529412,0.0,219.77941176470588,216.0,1.0,4709.558823529412,1.0174972766884531,0.0214284739286566,0.21600351780048205,8.45756182615715,5.397164066236198
,,,,,,4312.769318181819,0.0,4.990909090909091,,0.0,4312.769318181819,,0.8639518948844495,,8.369567352682527,1.790243168710091
,,3+,Graduate,No,,4335.7843137254895,0.0,107.6470588235294,144.0,1.0,4335.7843137254895,0.7475490196078431,0.04027740361610484,0.17237403696603612,8.374888410923697,4.688104636143024
,,,,,,5129.545454545455,0.0,9.565909090909091,,1.0,5129.545454545455,,0.5361758333650082,,8.542967258934677,2.3576326947782777
Female,Yes,1,Graduate,No,Semiurban,12000.0,0.0,496.0,360.0,1.0,12000.0,1.3777777777777778,0.02419349960987982,0.11480524771083891,9.392745258631441,6.208590026096629
Male,No,0,Graduate,No,Semiurban,2935.0,0.0,98.0,360.0,1.0,2935.0,0.2722222222222222,0.02994867399312252,0.09271874053890401,7.984803389734406,4.59511985013459
,,,,,,4159.09090909091,0.0,6.654545454545455,,1.0,4159.09090909091,,0.6249060933466283,,8.333292206163385,2.0352996484499104
,,,,,,2564.7727272727275,0.0,12.477272727272728,,1.0,2564.7727272727275,,0.20553908247790706,,7.850014970431726,2.6010047650794643
,,,,,,7625.277272727273,0.0,20.795454545454547,,0.0,7625.277272727273,,0.3666623681484169,,8.93935509862453,3.081701440965177
,,,,,,4089.772727272728,0.0,8.318181818181818,,1.0,4089.772727272728,,0.4916075663035046,,8.316489162065185,2.2319675257800924
,,3+,Not Graduate,No,,971.813725490196,0.0,32.29411764705882,192.0,0.0,971.813725490196,0.1681985294117647,0.030091660792531626,0.17289900934221533,6.880192620374494,3.505380734146967
,,3+,Graduate,Yes,,2392.1568627450984,0.0,68.17647058823529,48.0,0.0,2392.1568627450984,1.4203431372549018,0.035087204645545905,0.5935018967480806,7.780368636426591,4.236660784402356
,,3+,Not Graduate,Yes,,3812.5,0.0,105.85294117647058,72.0,1.0,3812.5,1.4701797385620914,0.036016608901166265,0.38551979508642753,8.246302681604293,4.67145350760504
,,2,Not Graduate,No,,4859.06862745098,0.0,214.3970588235294,216.0,0.0,4859.06862745098,0.9925789760348583,0.022663771557047862,0.20423147328177718,8.488807837669528,5.3724831101422
,,3+,Not Graduate,No,,5307.598039215686,0.0,178.51470588235293,168.0,1.0,5307.598039215686,1.0625875350140055,0.029731826748698228,0.20016349461090416,8.577083056629268,5.190257131493693
,,1,Graduate,No,,7251.225490196079,0.0,212.60294117647055,72.0,1.0,7251.225490196079,2.95281862745098,0.0341067312772779,0.40716034428917686,8.889063664909838,5.364118876544005
,,3+,Not Graduate,No,,5606.617647058823,0.0,196.4558823529412,24.0,0.0,5606.617647058823,8.185661764705882,0.028538667517823847,1.4597396398806246,8.631881246479018,5.285515178896602
,,3+,Graduate,No,,4410.5392156862745,0.0,129.17647058823528,120.0,0.0,4410.5392156862745,1.076470588235294,0.03414325420370912,0.24401247174855606,8.391978936044904,4.868890995994834
,,,,,,4505.959090909091,0.0,4.159090909090909,,1.0,4505.959090909091,,1.083139572998842,,8.413377945859814,1.6407603835631415
,,,,,,7278.409090909092,0.0,16.636363636363637,,1.0,7278.409090909092,,0.43747370376644035,,8.892804969065194,2.8699628862649575
,,,,,,1663.6363636363635,0.0,7.985454545454546,,1.0,1663.6363636363635,,0.20830724749860557,,7.417361978343343,2.1956071083220388
Male,Yes,2,Not Graduate,No,Rural,4200.0,1430.0,129.0,360.0,1.0,5630.0,0.35833333333333334,0.04364307253432144,0.06363582548984786,8.636042325254618,4.867534450455582
,,2,Graduate,No,,448.52941176470586,0.0,11.661764705882351,144.0,0.0,448.52941176470586,0.080984477124183,0.03845824065527799,0.18015390095670128,6.1082012839506294,2.538586799251624
,,3+,Graduate,No,,373.7745098039216,0.0,15.25,120.0,0.0,373.7745098039216,0.12708333333333333,0.024508196826694747,0.3390927878201271,5.926324537923196,2.7880929087757464
,,3+,Graduate,No,,1495.0980392156862,0.0,54.72058823529412,24.0,0.0,1495.0980392156862,2.280024509803922,0.027321905073131328,1.5239806817735024,7.310615690622233,4.020349705842494
,,3+,Not Graduate,No,,2990.1960784313724,0.0,124.69117647058825,72.0,0.0,2990.1960784313724,1.7318218954248368,0.02398062302759375,0.5789730428949446,8.003428612626799,4.833827917989911
,,,,,,2495.454545454545,0.0,4.990909090909091,,1.0,2495.454545454545,,0.49989983791954246,,7.822626822466495,1.790243168710091
,,1,Not Graduate,Yes,,1569.8529411764705,0.0,43.95588235294117,120.0,1.0,1569.8529411764705,0.36629901960784306,0.03571347322978267,0.2331847940734083,7.359374025456811,3.8056816167147276
,,,,,,3465.9090909090914,0.0,3.327272727272728,,1.0,3465.9090909090914,,1.0413536915134796,,8.151018724086292,1.464937488439004
,,,,,,7832.954545454546,0.0,20.795454545454547,,1.0,7832.954545454546,,0.37664855460502444,,8.966222711994819,3.081701440965177
,,2,Not Graduate,Yes,,5830.882352941177,0.0,265.52941176470586,168.0,0.0,5830.882352941177,1.580532212885154,0.021959376759103925,0.2710157916831173,8.671095100806898,5.585484600610922
,,1,Graduate,No,,6952.2058823529405,0.0,256.55882352941177,168.0,1.0,6952.2058823529405,1.5271358543417368,0.027097796477693423,0.219630466892627,8.846958110239225,5.551248134906063
,,3+,Graduate,Yes,,1420.343137254902,0.0,60.10294117647059,24.0,0.0,1420.343137254902,2.5042892156862746,0.023631447613138158,1.7619174075887898,7.2593575748471935,4.112560002113442
Male,No,2,Graduate,No,Rural,5532.0,4648.0,162.0,360.0,1.0,10180.0,0.45,0.06283911827704768,0.044199980355564286,9.228278517107196,5.093750200806762
,,3+,Graduate,Yes,,2466.9117647058824,0.0,76.25,144.0,0.0,2466.9117647058824,0.5295138888888888,0.03235251688116723,0.21455948971173794,7.811127632646252,4.347046915777855
,,,,,,2426.136363636364,0.0,1.4972727272727275,,1.0,2426.136363636364,,1.619288878102057,,7.794467390236547,0.9151992273088121
Male,Yes,0,Graduate,No,Semiurban,2083.0,3150.0,128.0,360.0,1.0,5233.0,0.35555555555555557,0.04088249310552261,0.06793189827198233,8.562931083090092,4.859812404361672
Male,No,0,Graduate,No,Rural,8333.0,3750.0,187.0,360.0,1.0,12083.0,0.5194444444444445,0.06461462772926348,0.042986134098348595,9.399637542506563,5.236441962829949
Male,Yes,0,Graduate,No,Semiurban,2500.0,2118.0,104.0,360.0,1.0,4618.0,0.28888888888888886,0.04440341919789233,0.062543600105843,8.437933510430605,4.653960350157523
,,,,,,9565.909090909092,0.0,16.636363636363637,,1.0,9565.909090909092,,0.574965439235893,,9.166065453271683,2.8699628862649575
Male,Yes,3+,Not Graduate,No,Rural,3095.0,0.0,113.0,360.0,1.0,3095.0,0.3138888888888889,0.027389138149219918,0.10138530002871086,8.037866234709618,4.736198448394496
,,3+,Graduate,No,,3289.21568627451,0.0,130.97058823529412,48.0,0.0,3289.21568627451,2.7285539215686274,0.025113963498444733,0.8292933295987509,8.098708399748725,4.882579081359822
,,3+,Not Graduate,No,,6877.450980392156,0.0,169.5441176470588,120.0,0.0,6877.450980392156,1.4128676470588235,0.04056413464355199,0.20540491617754794,8.836148757378915,5.138994017780597
Male,Yes,0,Graduate,No,Semiurban,3941.0,2336.0,134.0,360.0,1.0,6277.0,0.37222222222222223,0.04684293400795517,0.059289936639411,8.744806737401898,4.90527477843843
,,0,Graduate,No,,6877.450980392156,0.0,227.85294117647055,24.0,1.0,6877.450980392156,9.493872549019606,0.030183594564491826,1.3802340928332586,8.836148757378915,5.433079619000768
,,3+,Not Graduate,Yes,,4186.274509803921,0.0,183.8970588235294,96.0,1.0,4186.274509803921,1.9155943627450978,0.022764103855066335,0.45748000477637657,8.33980532627841,5.219799231417074
,,3+,Not Graduate,Yes,,3064.950980392157,0.0,86.11764705882352,120.0,0.0,3064.950980392157,0.7176470588235293,0.0355898645074932,0.23406997157264958,8.028113071173536,4.467259470211583
,,,,,,4713.636363636364,0.0,5.406818181818182,,0.0,4713.636363636364,,0.8716336617019131,,8.458427068792526,1.8573627642018058
,,,,,,6238.636363636364,0.0,6.654545454545455,,1.0,6238.636363636364,,0.9373591400199424,,8.738677184607141,2.0352996484499104
Male,Yes,0,Graduate,No,Rural,19730.0,5266.0,570.0,360.0,1.0,24996.0,1.5833333333333333,0.043852554644640974,0.06334093424544278,10.126511096649761,6.3473892096560105
,,3+,Not Graduate,No,,6204.656862745098,0.0,230.5441176470588,144.0,0.0,6204.656862745098,1.601000816993464,0.026912983133495796,0.257990548366423,8.733216552268802,5.444770428359019
,,,,,,4367.045454545455,0.0,3.160909090909091,,0.0,4367.045454545455,,1.3811420028176304,,8.382070923631003,1.4257335818671801
,,,,,,2994.545454545455,0.0,4.159090909090909,,1.0,2994.545454545455,,0.719826926859116,,8.004881615685418,1.6407603835631415
,,,,,,2079.545454545455,0.0,3.576818181818182,,1.0,2079.545454545455,,0.5812328488667549,,7.64038537607929,1.5210040365692077
,,3+,Not Graduate,Yes,,2018.3823529411764,0.0,78.04411764705883,240.0,1.0,2018.3823529411764,0.3251838235294118,0.02586173759220722,0.16103132874058756,7.610546977768631,4.3700061478197565
,,3+,Graduate,Yes,,7101.71568627451,0.0,285.2647058823529,72.0,0.0,7101.71568627451,3.9620098039215685,0.02489509092692461,0.5578161901620066,8.868232480922941,5.656916927810332
Male,Yes,1,Not Graduate,No,Urban,5333.0,1131.0,186.0,360.0,,6464.0,0.5166666666666667,0.03475250133063801,0.07991750451147205,8.774158291205957,5.231108616854587
Male,Yes,1,Graduate,No,Rural,1782.0,2232.0,107.0,360.0,1.0,4014.0,0.2972222222222222,0.03751366809655984,0.07402795074027951,8.297792626380861,4.68213122712422
Male,Yes,2,Not Graduate,No,Urban,2889.0,0.0,45.0,180.0,0.0,2889.0,0.25,0.06419857336503633,0.08650519031141868,7.969011781106478,3.828641396489095
,,,,,,2911.3636363636365,0.0,9.981818181818182,,1.0,2911.3636363636365,,0.2916374498001111,,7.976720276645202,2.396241012702344
,,,,,,4159.09090909091,0.0,4.159090909090909,,0.0,4159.09090909091,,0.9997596206376611,,8.333292206163385,1.6407603835631415
Male,Yes,0,Graduate,No,Semiurban,3500.0,1667.0,114.0,360.0,1.0,5167.0,0.31666666666666665,0.04532416382312436,0.06127450980392156,8.550241045462437,4.74493212836325
,,3+,Graduate,Yes,,4859.06862745098,0.0,181.2058823529412,144.0,1.0,4859.06862745098,1.258374183006536,0.02681503353711947,0.2589210728216673,8.488807837669528,5.205137269447081
Male,Yes,2,Not Graduate,No,Urban,3083.0,2168.0,126.0,360.0,1.0,5251.0,0.35,0.041674272426409316,0.06664127951256664,8.566364235422688,4.844187086458591
Male,Yes,0,Graduate,No,Semiurban,8334.0,0.0,160.0,360.0,1.0,8334.0,0.4444444444444444,0.05208717445515965,0.05332266879957341,9.028218795184895,5.081404364984463
,,3+,Graduate,Yes,,4784.313725490197,0.0,188.3823529411765,24.0,1.0,4784.313725490197,7.849264705882354,0.02539669058223058,1.6402821541399133,8.473306866103574,5.243768002922022
,,3+,Not Graduate,Yes,,2840.686274509804,0.0,94.19117647058825,144.0,1.0,2840.686274509804,0.6541053921568628,0.030158409975767103,0.23018212743055075,7.952152913580554,4.555887253369404
,,,,,,2425.5818181818186,0.0,4.159090909090909,,1.0,2425.5818181818186,,0.583059810755884,,7.794238886876366,1.6407603835631415
,,,,,,3119.318181818182,0.0,1.6636363636363638,,1.0,3119.318181818182,,1.8738736278739556,,8.045690256955766,0.9796922432246511
,,1,Graduate,No,,5905.637254901961,0.0,141.73529411764704,96.0,0.0,5905.637254901961,1.4764093137254901,0.04166637269350386,0.24995767473281139,8.68383195606016,4.960991824789055
Female,Yes,0,Graduate,No,Semiurban,3667.0,1459.0,144.0,360.0,1.0,5126.0,0.4,0.035596975021006796,0.07801833430856252,8.5422759717837,4.976733742420574
,,,,,,4159.09090909091,0.0,12.477272727272728,,1.0,4159.09090909091,,0.3333066202344439,,8.333292206163385,2.6010047650794643
Male,Yes,1,Not Graduate,No,Semiurban,2661.0,7101.0,279.0,180.0,1.0,9762.0,1.55,0.034989121902788876,0.15876267540714945,9.186355009225672,5.634789603169249
,,,,,,2595.2727272727275,0.0,2.4954545454545456,,1.0,2595.2727272727275,,1.0395834091984997,,7.861832129036543,1.2514634231532824
,,2,Not Graduate,Yes,,7101.71568627451,0.0,331.9117647058823,96.0,1.0,7101.71568627451,3.457414215686274,0.02139633193248096,0.48677356216967543,8.868232480922941,5.807877484016259
,,,,,,3576.818181818182,0.0,4.159090909090909,,1.0,3576.818181818182,,0.8597932737483884,,8.182508447187285,1.6407603835631415
Male,Yes,1,Not Graduate,No,Semiurban,5285.0,1430.0,161.0,360.0,0.0,6715.0,0.44722222222222224,0.04170781547940696,0.06659056316590563,8.812248018197431,5.087596335232384
,,,,,,2329.090909090909,0.0,16.033295454545456,,1.0,2329.090909090909,,0.14525682875767706,,7.753662562575826,2.835169984735483
,,3+,Not Graduate,Yes,,6428.92156862745,0.0,235.92647058823528,120.0,1.0,6428.92156862745,1.9660539215686272,0.02724956764296372,0.30576639241780157,8.768717619432147,5.46774984231488
,,,,,,3376.835227272728,0.0,9.981818181818182,,1.0,3376.835227272728,,0.3382647230241051,,8.12499031798762,2.396241012702344
,,3+,Not Graduate,Yes,,3289.21568627451,0.0,110.33823529411764,96.0,0.0,3289.21568627451,1.1493566176470587,0.029810027933462244,0.3493256148652272,8.098708399748725,4.7125727329272
Male,No,0,Graduate,No,Urban,2014.0,1929.0,74.0,360.0,1.0,3943.0,0.20555555555555555,0.05328306374238186,0.05211854856885283,8.279950715722526,4.31748811353631
,,3+,Graduate,No,,1569.8529411764705,0.0,49.338235294117645,240.0,1.0,1569.8529411764705,0.20557598039215685,0.03181753693218737,0.1308690170820149,7.359374025456811,3.9187649333540784
,,,,,,3465.9090909090914,0.0,11.645454545454546,,1.0,3465.9090909090914,,0.29759349314266537,,8.151018724086292,2.537297826131027
,,1,Graduate,Yes,,1495.0980392156862,0.0,50.23529411764706,216.0,0.0,1495.0980392156862,0.23257080610021785,0.02976131232360324,0.15545158138308948,7.310615690622233,3.9364286327962867
Female,Yes,0,Graduate,Yes,Rural,5500.0,0.0,105.0,360.0,0.0,5500.0,0.2916666666666667,0.05238045351949029,0.05302066290977398,8.612685172875459,4.663439094112067
,,,,,,2495.454545454545,0.0,6.238636363636364,,1.0,2495.454545454545,,0.39993589370009897,,7.822626822466495,1.979432841093957
Male,No,0,Graduate,No,Rural,4095.0,3447.0,151.0,360.0,1.0,7542.0,0.41944444444444445,0.049946689094774205,0.05560711181816843,8.928375259853631,5.0238805208462765
,,2,Graduate,Yes,,224.26470588235293,0.0,6.279411764705882,48.0,0.0,224.26470588235293,0.13082107843137256,0.03570859909897253,0.5807437872655266,5.417276181293432,1.9850500573925836
Male,Yes,0,Graduate,No,Urban,7933.0,0.0,275.0,360.0,1.0,7933.0,0.7638888888888888,0.028847167828480624,0.09628042461417807,8.978912601074276,5.62040086571715
,No,3+,Graduate,Yes,Semiurban,9357.0,0.0,292.0,360.0,1.0,9357.0,0.8111111111111111,0.03204441080681231,0.08667569043717793,9.143986871426161,5.680172609017068
Male,Yes,2,Graduate,No,Urban,3283.0,2035.0,148.0,360.0,1.0,5318.0,0.4111111111111111,0.035932189647367246,0.07729105303837396,8.579040594742317,5.003946305945459
,,2,Graduate,Yes,,3214.460784313725,0.0,136.35294117647058,144.0,0.0,3214.460784313725,0.9468954248366013,0.0235743885110995,0.29448203176848786,8.075725949672131,4.922553826046782
,,3+,Graduate,No,,6503.676470588235,0.0,287.9558823529412,96.0,0.0,6503.676470588235,2.999540441176471,0.022585591347724237,0.4611359926568669,8.780276654212173,5.666274020241089
,,,,,,6338.454545454546,0.0,19.131818181818183,,1.0,6338.454545454546,,0.33128703180161645,,8.754548009890172,3.0023015575708367
Male,Yes,0,Graduate,No,Urban,4301.0,0.0,118.0,360.0,1.0,4301.0,0.3277777777777778,0.03644884365386734,0.07619195206363964,8.366835309827675,4.77912349311153
,,,,,,1330.909090909091,0.0,2.4954545454545456,,1.0,1330.909090909091,,0.5331196970248716,,7.194368598702942,1.2514634231532824
,,,,,,1830.0,0.0,2.703409090909091,,1.0,1830.0,,0.676672773417147,,7.5126175446745105,1.3092537713653094
,,,,,,3604.5454545454554,0.0,8.318181818181818,,1.0,3604.5454545454554,,0.4332812448776651,,8.190228343279276,2.2319675257800924
,,2,Not Graduate,Yes,,4186.274509803921,0.0,149.80882352941177,168.0,1.0,4186.274509803921,0.8917191876750701,0.027943925245877087,0.21295933323388125,8.33980532627841,5.016012965330375
,,,,,,6931.818181818183,0.0,9.981818181818182,,1.0,6931.818181818183,,0.6943748804764551,,8.844021673561565,2.396241012702344
,,3+,Not Graduate,Yes,,4634.803921568628,0.0,130.97058823529412,24.0,1.0,4634.803921568628,5.457107843137255,0.0353878576568994,1.1771653709828869,8.441564908821585,4.882579081359822
,,3+,Not Graduate,No,,6727.941176470588,0.0,307.69117647058823,120.0,1.0,6727.941176470588,2.564093137254902,0.021865818148657738,0.3810544735063058,8.814173081356467,5.7323413482379
,,,,,,2869.7727272727275,0.0,6.072272727272728,,1.0,2869.7727272727275,,0.47252492291111575,,7.962336515466458,1.9561818889685556
,,3+,Not Graduate,Yes,,224.26470588235293,0.0,4.485294117647059,72.0,0.0,224.26470588235293,0.06229575163398693,0.0499888549438158,0.27654466060263166,5.417276181293432,1.7020707144677087
,,3+,Not Graduate,Yes,,5606.617647058823,0.0,233.23529411764704,24.0,0.0,5606.617647058823,9.71813725490196,0.02403835847362067,1.7330242299952618,8.631881246479018,5.456326140567925
,,,,,,2495.454545454545,0.0,4.699772727272728,,0.0,2495.454545454545,,0.5308604968235395,,7.822626822466495,1.7404263016372854
Male,Yes,0,Graduate,No,Rural,3597.0,2157.0,119.0,360.0,0.0,5754.0,0.33055555555555555,0.048352534852648295,0.05743797663867169,8.657824321155983,4.787491742782046
,,,,,,4242.272727272728,0.0,2.661818181818182,,1.0,4242.272727272728,,1.5931514799767847,,8.353090120127627,1.297959795051991
,,,,,,3812.5,0.0,5.822727272727273,,1.0,3812.5,,0.654649474719408,,8.246302681604293,1.9202592852811005
Male,No,0,Graduate,No,Rural,4917.0,0.0,130.0,360.0,0.0,4917.0,0.3611111111111111,0.0378227859785694,0.07342641543536216,8.500657222776137,4.875197323201151
Female,Yes,1,Graduate,Yes,Semiurban,19484.0,0.0,600.0,360.0,1.0,19484.0,1.6666666666666667,0.032473279211201314,0.08553588230262596,9.87740021777281,6.398594934535208
Male,Yes,0,Graduate,No,Semiurban,5708.0,5625.0,187.0,360.0,1.0,11333.0,0.5194444444444445,0.06060395398955086,0.04583063741348548,9.335562336729565,5.236441962829949
,,1,Not Graduate,No,,4485.294117647059,0.0,179.41176470588235,144.0,0.0,4485.294117647059,1.2459150326797386,0.024999860656514373,0.2777158607989767,8.408782276383274,5.195241820058035
,,0,Not Graduate,Yes,,1644.607843137255,0.0,71.76470588235294,168.0,0.0,1644.607843137255,0.4271708683473389,0.022916347340515203,0.259582421248651,7.405865104453578,4.287231028336272
,,1,Graduate,Yes,,7176.470588235294,0.0,322.04411764705884,96.0,0.0,7176.470588235294,3.3546262254901964,0.02228405336702,0.4673827895566465,8.878702314213962,5.777788901038079
,,,,,,3162.9886363636365,0.0,2.0795454545454546,,0.0,3162.9886363636365,,1.52026894171109,,8.059588737339892,1.1247820064014944
,,,,,,2079.545454545455,0.0,8.318181818181818,,1.0,2079.545454545455,,0.2499699489678837,,7.64038537607929,2.2319675257800924
Male,Yes,2,Graduate,No,Urban,3073.0,8106.0,200.0,360.0,1.0,11179.0,0.5555555555555556,0.055894720526397365,0.04969191015702643,9.32188174670909,5.303304908059076
Male,No,0,Graduate,No,Rural,6283.0,4416.0,209.0,360.0,0.0,10699.0,0.5805555555555556,0.05119114262611184,0.054257528556593985,9.277999020449997,5.3471075307174685
,,,,,,5614.772727272728,0.0,5.178068181818182,,1.0,5614.772727272728,,1.0841279802000185,,8.633334476096294,1.8210056306637499
,Yes,2,Graduate,No,Semiurban,2873.0,1872.0,132.0,360.0,0.0,4745.0,0.36666666666666664,0.03594669737350475,0.07725804185981176,8.465057436995709,4.890349128221754
Male,Yes,2,Graduate,No,Urban,5391.0,0.0,130.0,360.0,1.0,5391.0,0.3611111111111111,0.04146891177760171,0.06697164523574019,8.592671652592143,4.875197323201151
,,3+,Graduate,Yes,,6129.901960784314,0.0,259.25,120.0,1.0,6129.901960784314,2.160416666666667,0.023644660814362582,0.3523815387173944,8.72109715689667,5.5616427074950785
,,3+,Not Graduate,Yes,,4784.313725490197,0.0,136.35294117647058,168.0,0.0,4784.313725490197,0.811624649859944,0.03508746197000857,0.1696074064144672,8.473306866103574,4.922553826046782
,,,,,,1732.9545454545455,0.0,5.822727272727273,,1.0,1732.9545454545455,,0.29756794305427636,,7.458159943302869,1.9202592852811005
,,3+,Not Graduate,No,,5830.882352941177,0.0,158.77941176470588,72.0,0.0,5830.882352941177,2.205269607843137,0.036722932559098455,0.37814027690921437,8.671095100806898,5.073794187514423
Male,No,0,Graduate,No,Urban,1800.0,1213.0,47.0,360.0,1.0,3013.0,0.13055555555555556,0.06410501904214803,0.04331637543316376,8.01102337918644,3.871201010907891
,,,,,,2911.3636363636365,0.0,2.661818181818182,,1.0,2911.3636363636365,,1.09333925096446,,7.976720276645202,1.297959795051991
,,,,,,5198.863636363637,0.0,4.491818181818182,,1.0,5198.863636363637,,1.1571497946217195,,8.556387680449445,1.7032593813522794
Male,Yes,1,Graduate,No,Urban,1538.0,1425.0,30.0,360.0,1.0,2963.0,0.08333333333333333,0.09876337455418152,0.02811515969410706,7.994294986415977,3.4339872044851463
,,,,,,3743.1818181818185,0.0,4.159090909090909,,0.0,3743.1818181818185,,0.8997836585738949,,8.227958398966923,1.6407603835631415
,,,,,,6515.909090909091,0.0,20.795454545454547,,1.0,6515.909090909091,,0.31331826666258666,,8.782155476704487,3.081701440965177
Male,Yes,0,Graduate,No,Rural,2768.0,1950.0,155.0,360.0,1.0,4718.0,0.4305555555555556,0.030438513299914195,0.09123872760236397,8.459352191726387,5.049856007249537
,,,,,,2661.818181818182,0.0,11.02159090909091,,1.0,2661.818181818182,,0.24148752355699246,,7.887140307785775,2.4867042755145223
,,1,Not Graduate,Yes,,149.50980392156865,0.0,4.485294117647059,24.0,0.0,149.50980392156865,0.1868872549019608,0.03332590329587721,1.2416948931735277,5.014028224403265,1.7020707144677087
,,0,Graduate,Yes,,598.0392156862746,0.0,19.735294117647054,240.0,1.0,598.0392156862746,0.08223039215686273,0.030301494906865137,0.13727046577853422,6.395327064563918,3.031837278196107
,,,,,,2448.0409090909093,0.0,5.98909090909091,,1.0,2448.0409090909093,,0.40868176230441183,,7.803451761218902,1.9443504918636667
,,1,Not Graduate,No,,299.0196078431373,0.0,12.558823529411764,48.0,0.0,299.0196078431373,0.2616421568627451,0.0238076281201653,0.8720835239526828,5.7038478319974875,2.607037518380487
,,3+,Graduate,No,,822.3039215686275,0.0,18.838235294117645,96.0,1.0,822.3039215686275,0.1962316176470588,0.04364847663564048,0.2383465115448277,6.713325417524699,2.987611151031649
,,3+,Not Graduate,No,,4859.06862745098,0.0,209.01470588235293,144.0,1.0,4859.06862745098,1.4514910130718954,0.023247385199779997,0.29865648498736874,8.488807837669528,5.347177556276827
,,3+,Not Graduate,No,,4335.7843137254895,0.0,114.8235294117647,24.0,1.0,4335.7843137254895,4.784313725490196,0.03776008781344288,1.103193836582631,8.374888410923697,4.752067734582909
,,,,,,4852.272727272728,0.0,12.477272727272728,,0.0,4852.272727272728,,0.3888577236068512,,8.48740854549211,2.6010047650794643
Male,No,0,Graduate,No,Urban,3333.0,0.0,70.0,360.0,1.0,3333.0,0.19444444444444445,0.047613605519921144,0.05832166899953343,8.111928063310739,4.2626798770413155
,,,,,,1202.809090909091,0.0,1.8715909090909093,,0.0,1202.809090909091,,0.6423234701555939,,7.093246050928561,1.0548661999159423
Male,Yes,1,Not Graduate,No,Urban,2239.0,2524.0,128.0,360.0,1.0,4763.0,0.35555555555555557,0.03721064679182194,0.07463382778244239,8.46884293047519,4.859812404361672
Male,Yes,0,Graduate,No,Semiurban,4310.0,0.0,130.0,360.0,,4310.0,0.3611111111111111,0.033153591126222105,0.08376504549086317,8.368925174747135,4.875197323201151
,,,,,,5545.731818181819,0.0,4.990909090909091,,1.0,5545.731818181819,,1.11094407313653,,8.62096417170454,1.790243168710091
Male,Yes,,Graduate,Yes,Semiurban,5503.0,4490.0,70.0,,1.0,9993.0,,0.14275510349852144,,9.20974019190415,4.2626798770413155
,,0,Not Graduate,No,,5457.107843137255,0.0,193.76470588235293,24.0,0.0,5457.107843137255,8.073529411764705,0.02816343489828175,1.4791809989456228,8.604857459801051,5.27179219349103
,,2,Graduate,No,,4634.803921568628,0.0,209.91176470588235,96.0,0.0,4634.803921568628,2.186580882352941,0.022079666894305582,0.4716724260445128,8.441564908821585,5.351439869266414
,,3+,Not Graduate,No,,1196.0784313725492,0.0,45.75,96.0,1.0,1196.0784313725492,0.4765625,0.0261432194131833,0.39810465840035375,7.087639226696754,3.844814255734696
,,3+,Not Graduate,Yes,,5681.372549019608,0.0,138.14705882352942,168.0,0.0,5681.372549019608,0.8223039215686275,0.041125243433764086,0.14471137090624256,8.645124126794064,4.935531351014987
Male,No,0,Not Graduate,,Rural,7333.0,0.0,120.0,360.0,1.0,7333.0,0.3333333333333333,0.06110782410146582,0.04545041359876375,8.900276348631271,4.795790545596741
,,3+,Graduate,Yes,,3588.235294117647,0.0,88.80882352941177,168.0,1.0,3588.235294117647,0.5286239495798319,0.04040358545391441,0.14728038321872827,8.185694448797388,4.497683228047028
,,3+,Graduate,Yes,,4485.294117647059,0.0,115.72058823529412,168.0,1.0,4485.294117647059,0.688813025210084,0.03875935498333475,0.15353719732743426,8.408782276383274,4.759782943914769
,,,,,,2392.517045454545,0.0,4.491818181818182,,1.0,2392.517045454545,,0.5325203354849152,,7.780519130367492,1.7032593813522794
,,,,,,2772.727272727273,0.0,8.484545454545454,,1.0,2772.727272727273,,0.32675887337825826,,7.92794728051419,2.2496636796815075
,,0,Not Graduate,No,,6877.450980392156,0.0,221.5735294117647,168.0,0.0,6877.450980392156,1.3188900560224088,0.031038996217888356,0.19174230648471027,8.836148757378915,5.405257516279712
Male,Yes,0,Not Graduate,Yes,Rural,2609.0,3449.0,165.0,180.0,0.0,6058.0,0.9166666666666666,0.0367149290004303,0.1512900918743467,8.70930004894499,5.111987788356544
,,3+,Graduate,No,,5606.617647058823,0.0,145.3235294117647,48.0,0.0,5606.617647058823,3.0275735294117645,0.03857998143708382,0.5399037024216008,8.631881246479018,4.985820124976532
Female,No,0,Graduate,No,Semiurban,10000.0,0.0,214.0,360.0,1.0,10000.0,0.5944444444444444,0.04672875360395512,0.059438500594385005,9.210440366976517,5.3706380281276624
Male,Yes,2,Graduate,No,Urban,4616.0,0.0,134.0,360.0,1.0,4616.0,0.37222222222222223,0.03444750412310356,0.08061993117223787,8.43750042250699,4.90527477843843
,,,,,,1081.3636363636365,0.0,4.159090909090909,,1.0,1081.3636363636365,,0.25993750136579186,,6.986902480914965,1.6407603835631415
,,0,Not Graduate,Yes,,373.7745098039216,0.0,12.558823529411764,24.0,0.0,373.7745098039216,0.5232843137254902,0.029759535150206625,1.3962644204358177,5.926324537923196,2.607037518380487
,,1,Graduate,No,,4859.06862745098,0.0,165.95588235294116,192.0,1.0,4859.06862745098,0.8643535539215685,0.02927910285225279,0.17784801412874424,8.488807837669528,5.117729599988427
,,,,,,3322.2818181818184,0.0,4.990909090909091,,1.0,3322.2818181818184,,0.6655333175502176,,8.10870807311903,1.790243168710091
Male,Yes,0,Graduate,No,Urban,2583.0,2115.0,120.0,360.0,,4698.0,0.3333333333333333,0.03914967375271873,0.07093707881109455,8.455104999102815,4.795790545596741
,,,,,,2911.3636363636365,0.0,1.6636363636363638,,0.0,2911.3636363636365,,1.7489487193490252,,7.976720276645202,0.9796922432246511
,,,,,,2772.727272727273,0.0,14.53602272727273,,1.0,2772.727272727273,,0.1907355670240092,,7.92794728051419,2.743161374425907
,,3+,Graduate,No,,6204.656862745098,0.0,220.67647058823528,24.0,0.0,6204.656862745098,9.19485294117647,0.028116403755245326,1.481688908127783,8.733216552268802,5.401218979227308
,,,,,,1386.3636363636365,0.0,1.6636363636363638,,1.0,1386.3636363636365,,0.8328327234995359,,7.2351605606925045,0.9796922432246511
,,,,,,2703.409090909091,0.0,4.658181818181818,,0.0,2703.409090909091,,0.5802325808276912,,7.902638716736199,1.7331026070717657
,,,,,,8884.164772727274,0.0,11.645454545454546,,1.0,8884.164772727274,,0.7628214009725941,,9.09213828546207,2.537297826131027
,,2,Graduate,No,,3737.745098039216,0.0,95.08823529411764,48.0,0.0,3737.745098039216,1.981004901960784,0.03930776271865169,0.5298582412049759,8.226505298820387,4.565266886984909
,,2,Not Graduate,Yes,,2018.3823529411764,0.0,51.13235294117647,96.0,1.0,2018.3823529411764,0.5326286764705882,0.03947291223525108,0.2637582108682037,7.610546977768631,3.953785733790121
Male,Yes,0,Graduate,No,Semiurban,3993.0,3274.0,207.0,360.0,1.0,7267.0,0.575,0.035106110598499524,0.07911392405063292,8.891236429516061,5.337538079701318
Male,Yes,0,Not Graduate,,Rural,1820.0,1769.0,95.0,360.0,1.0,3589.0,0.2638888888888889,0.037778549699476846,0.07350665428659858,8.185907481482324,4.564348191467836
Male,Yes,1,Graduate,No,Urban,8080.0,2250.0,180.0,360.0,1.0,10330.0,0.5,0.05738857006349965,0.04839802536056529,9.242904362849446,5.198497031265826
,,3+,Graduate,Yes,,3662.990196078431,0.0,153.39705882352942,72.0,0.0,3662.990196078431,2.1305147058823533,0.02387898663236912,0.5814739101001535,8.206308050047655,5.039527588338835
,,,,,,3549.09090909091,0.0,10.876022727272728,,0.0,3549.09090909091,,0.3262924973202477,,8.1747284903362,2.4745214706141256
Male,Yes,1,Graduate,No,Urban,3988.0,0.0,50.0,240.0,1.0,3988.0,0.20833333333333334,0.07975840483190336,0.05222695746636584,8.291295851905407,3.9318256327243257
,,,,,,3465.9090909090914,0.0,3.992727272727273,,1.0,3465.9090909090914,,0.8678382008149144,,8.151018724086292,1.6079823081013997
Male,Yes,0,Graduate,No,Rural,20667.0,0.0,,360.0,1.0,20667.0,,,,9.936341889407075,
,,,,,,2356.818181818182,0.0,7.070454545454546,,1.0,2356.818181818182,,0.33328619545933713,,7.765491971177087,2.088209806030781
,,3+,Not Graduate,Yes,,1794.1176470588234,0.0,77.1470588235294,96.0,0.0,1794.1176470588234,0.8036151960784313,0.02325551250955954,0.44766714727310464,7.492825840311576,4.358592421143652
,,3+,Graduate,Yes,,6653.186274509803,0.0,258.3529411764705,72.0,1.0,6653.186274509803,3.588235294117646,0.02575221513638647,0.5392447920887189,8.803001450552353,5.558189841301721
,,,,,,2988.1681818181823,0.0,5.98909090909091,,1.0,2988.1681818181823,,0.498851891760635,,8.002750427619109,1.9443504918636667
,,,,,,3465.9090909090914,0.0,2.4954545454545456,,1.0,3465.9090909090914,,1.3883325443356034,,8.151018724086292,1.2514634231532824
,,,,,,2564.7727272727275,0.0,3.327272727272728,,1.0,2564.7727272727275,,0.7706017317199748,,7.850014970431726,1.464937488439004
,,0,Not Graduate,No,,3887.254901960784,0.0,165.05882352941177,168.0,0.0,3887.254901960784,0.9824929971988796,0.023550581957747698,0.2526822499994597,8.265715724635193,5.112342084197273
,,,,,,6395.226136363637,0.0,9.565909090909091,,1.0,6395.226136363637,,0.6684735974381391,,8.763463429233099,2.3576326947782777
Female,No,0,Graduate,Yes,Semiurban,15759.0,0.0,55.0,360.0,1.0,15759.0,0.1527777777777778,0.2865220632352139,0.009694021432600114,9.66523036341187,4.02535169073515
,,3+,Graduate,No,,1345.5882352941176,0.0,62.79411764705882,168.0,1.0,1345.5882352941176,0.3737745098039215,0.02142823018275119,0.27757149513658336,7.205329439472777,4.155660986210713
,,,,,,2512.7840909090914,0.0,4.990909090909091,,0.0,2512.7840909090914,,0.5033713645717617,,7.829544502768782,1.790243168710091
Male,No,0,Graduate,No,Semiurban,2060.0,2209.0,134.0,360.0,1.0,4269.0,0.37222222222222223,0.03185797120917008,0.08717148061410357,8.35936910622267,4.90527477843843
,,2,Not Graduate,Yes,,3962.0098039215686,0.0,110.33823529411764,168.0,0.0,3962.0098039215686,0.6567752100840336,0.03590753364712498,0.16572636520710252,8.284759067051006,4.7125727329272
,,3+,Not Graduate,Yes,,373.7745098039216,0.0,13.455882352941176,72.0,0.0,373.7745098039216,0.1868872549019608,0.02777571357174185,0.49866586444136335,5.926324537923196,2.67110141497106
,,3+,Graduate,No,,598.0392156862746,0.0,23.323529411764707,72.0,0.0,598.0392156862746,0.32393790849673204,0.02563992632514285,0.540762440945741,6.395327064563918,3.19144417040753
Male,No,0,Not Graduate,No,Urban,2000.0,0.0,,360.0,1.0,2000.0,,,,7.601402334583733,
Male,Yes,3+,Graduate,No,Semiurban,39999.0,0.0,600.0,180.0,0.0,39999.0,3.3333333333333335,0.06666488889185185,0.08333333333333334,10.596634733096073,6.398594934535208
Male,No,0,Graduate,No,Urban,3600.0,0.0,80.0,360.0,1.0,3600.0,0.2222222222222222,0.04499943750703116,0.06171125304699311,8.188966863648876,4.394449154672439
Male,Yes,2,Graduate,Yes,Rural,17500.0,0.0,400.0,360.0,1.0,17500.0,1.1111111111111112,0.04374989062527344,0.06348843558145884,9.770013301136158,5.993961427306569
,,3+,Graduate,Yes,,1495.0980392156862,0.0,64.58823529411764,120.0,1.0,1495.0980392156862,0.538235294117647,0.02314778975796064,0.3597593740580071,7.310615690622233,4.183396339838003
,,3+,Graduate,Yes,,4186.274509803921,0.0,116.61764705882352,48.0,1.0,4186.274509803921,2.42953431372549,0.035897128078430936,0.5802185426432094,8.33980532627841,4.767439084230657
,,3+,Not Graduate,Yes,,7325.980392156862,0.0,249.3823529411765,72.0,1.0,7325.980392156862,3.4636437908496736,0.029376381004408435,0.4727245885026959,8.899318758048407,5.522989161267896
,,3+,Not Graduate,Yes,,6578.43137254902,0.0,207.2205882352941,192.0,0.0,6578.43137254902,1.0792738970588234,0.031745878547554625,0.16403756433448266,8.79170360303941,5.338598038108864
,,,,,,4332.386363636364,0.0,6.654545454545455,,1.0,4332.386363636364,,0.6509438472360711,,8.374104585462922,2.0352996484499104
Male,Yes,2,Graduate,No,Urban,9703.0,0.0,112.0,360.0,1.0,9703.0,0.3111111111111111,0.08663315506111553,0.03206008976825135,9.180293450623886,4.727387818712341
,,,,,,7486.363636363637,0.0,6.238636363636364,,0.0,7486.363636363637,,1.1998076811002973,,8.920972030086059,1.979432841093957
,,,,,,2625.495454545455,0.0,6.654545454545455,,1.0,2625.495454545455,,0.3944823865266149,,7.873405709779709,2.0352996484499104
,,2,Not Graduate,No,,3588.235294117647,0.0,95.08823529411764,96.0,0.0,3588.235294117647,0.990502450980392,0.03773545220990562,0.2759647584552939,8.185694448797388,4.565266886984909
,,,,,,18022.72727272728,0.0,16.636363636363637,,1.0,18022.72727272728,,1.0832682188502334,,9.79944435065757,2.8699628862649575
,,3+,Not Graduate,No,,5681.372549019608,0.0,235.92647058823528,216.0,0.0,5681.372549019608,1.0922521786492374,0.024081013265874918,0.1922176290320292,8.645124126794064,5.46774984231488
Female,No,1,Graduate,No,Semiurban,3481.0,0.0,155.0,36.0,1.0,3481.0,4.305555555555555,0.02245791962632499,1.2365179654094072,8.155362120328135,5.049856007249537
Male,Yes,2,Graduate,No,Urban,4006.0,1526.0,168.0,360.0,1.0,5532.0,0.4666666666666667,0.032928375426336746,0.08434243026688355,8.618485442898109,5.1298987149230735
,,,,,,4852.272727272728,0.0,5.926704545454546,,1.0,4852.272727272728,,0.8185753338522117,,8.48740854549211,1.935384165532949
Male,Yes,0,Not Graduate,No,Semiurban,1668.0,3890.0,201.0,360.0,0.0,5558.0,0.5583333333333333,0.02765160372336456,0.10043772860826289,8.62317351495347,5.308267697401205
,,3+,Not Graduate,Yes,,1868.872549019608,0.0,45.75,240.0,1.0,1868.872549019608,0.190625,0.040848780333098904,0.10194545082762273,7.533625551921446,3.844814255734696
,,,,,,3812.5,0.0,3.992727272727273,,1.0,3812.5,,0.9546220208964057,,8.246302681604293,1.6079823081013997
,,,,,,4990.909090909091,0.0,13.30909090909091,,1.0,4990.909090909091,,0.37497182588739914,,8.515573698927732,2.6608950631849324
,,1,Not Graduate,Yes,,6802.696078431372,0.0,211.7058823529412,240.0,0.0,6802.696078431372,0.882107843137255,0.032132616582064864,0.12965127086344364,8.825221284445114,5.359910377455851
,,,,,,8179.545454545456,0.0,5.822727272727273,,1.0,8179.545454545456,,1.4045206912161847,,9.009514108858456,1.9202592852811005
,,3+,Graduate,No,,5307.598039215686,0.0,242.2058823529412,240.0,0.0,5307.598039215686,1.0091911764705883,0.02191348977227457,0.19010502754502961,8.577083056629268,5.493908337106006
,,,,,,1663.6363636363635,0.0,0.8318181818181819,,1.0,1663.6363636363635,,1.9975985154459117,,7.417361978343343,0.6053090155943215
,,,,,,2772.727272727273,0.0,3.992727272727273,,1.0,2772.727272727273,,0.6942705606519315,,7.92794728051419,1.6079823081013997
,,0,Not Graduate,No,,5158.088235294117,0.0,205.42647058823528,120.0,0.0,5158.088235294117,1.7118872549019606,0.02510904807679367,0.3318197279881116,8.548515144276163,5.329944274358219
,,,,,,2148.8636363636365,0.0,9.981818181818182,,1.0,2148.8636363636365,,0.21525621294770106,,7.6731596941631155,2.396241012702344
,,3+,Not Graduate,No,,2018.3823529411764,0.0,54.72058823529412,192.0,1.0,2018.3823529411764,0.2850030637254902,0.036884571848727295,0.1411337794996529,7.610546977768631,4.020349705842494
,,0,Graduate,Yes,,598.0392156862746,0.0,18.838235294117645,72.0,1.0,598.0392156862746,0.26164215686274506,0.031744346644102174,0.43676966384079075,6.395327064563918,2.987611151031649
,,3+,Graduate,Yes,,1196.0784313725492,0.0,51.13235294117647,48.0,1.0,1196.0784313725492,1.0652573529411764,0.02339135539866731,0.8898810011302024,7.087639226696754,3.953785733790121
,,,,,,5087.885227272727,0.0,22.45909090909091,,1.0,5087.885227272727,,0.22653003711633965,,8.534814073234237,3.1552580917963655
Male,Yes,1,Graduate,No,Semiurban,3155.0,1779.0,140.0,360.0,1.0,4934.0,0.3888888888888889,0.03524260540996136,0.07880220646178093,8.504107951867582,4.948759890378168
,,,,,,3050.0,0.0,9.981818181818182,,0.0,3050.0,,0.3055249474096402,,8.02322468471667,2.396241012702344
,,,,,,4439.760227272728,0.0,16.636363636363637,,1.0,4439.760227272728,,0.26685479288130226,,8.398580863128117,2.8699628862649575
Male,Yes,0,Graduate,No,Rural,5568.0,2142.0,175.0,360.0,1.0,7710.0,0.4861111111111111,0.044056891103479406,0.06304125419674635,8.95040315983296,5.170483995038151
,,2,Not Graduate,No,,1569.8529411764705,0.0,42.16176470588236,24.0,0.0,1569.8529411764705,1.7567401960784317,0.037233159450700146,1.118335236882673,7.359374025456811,3.7649550270860903
Female,Yes,0,Not Graduate,No,Semiurban,1928.0,1644.0,100.0,360.0,1.0,3572.0,0.2777777777777778,0.03571964280357196,0.07774357060671082,8.181160858023409,4.61512051684126
,,3+,Graduate,Yes,,6727.941176470588,0.0,183.0,72.0,0.0,6727.941176470588,2.5416666666666665,0.03676450498341861,0.3777216355456092,8.814173081356467,5.214935757608986
,,,,,,3119.318181818182,0.0,1.2477272727272728,,1.0,3119.318181818182,,2.497997961560862,,8.045690256955766,0.8099196047104052
,,1,Not Graduate,No,,2167.8921568627447,0.0,66.38235294117646,120.0,1.0,2167.8921568627447,0.5531862745098038,0.03265716570212648,0.2550547627549983,7.68197178937997,4.210383157837334
,,,,,,2287.5000000000005,0.0,7.486363636363637,,1.0,2287.5000000000005,,0.305514746056993,,7.7356518600936965,2.1384605971893613
,,2,Graduate,Yes,,672.7941176470588,0.0,20.63235294117647,240.0,0.0,672.7941176470588,0.08596813725490196,0.032607115264548826,0.1275881385772695,6.512924600817186,3.074190015425331
Male,Yes,3+,Not Graduate,Yes,Semiurban,3333.0,2166.0,130.0,360.0,,5499.0,0.3611111111111111,0.042299674617887556,0.06565656565656565,8.612503371220562,4.875197323201151
,,,,,,3930.3409090909095,0.0,8.318181818181818,,0.0,3930.3409090909095,,0.47244320354930014,,8.276735844910386,2.2319675257800924
,,3+,Not Graduate,No,,7325.980392156862,0.0,257.4558823529412,72.0,1.0,7325.980392156862,3.57577614379085,0.028455174028379084,0.4880286219434306,8.899318758048407,5.554725011502759
,,0,Graduate,Yes,,3289.21568627451,0.0,150.70588235294116,168.0,1.0,3289.21568627451,0.8970588235294117,0.021825252005223495,0.27264438233383587,8.098708399748725,5.021943661825128
,,,,,,3389.797727272728,0.0,4.990909090909091,,0.0,3389.797727272728,,0.6790583853872632,,8.128820490471176,1.790243168710091
,,3+,Not Graduate,No,,4261.029411764705,0.0,138.14705882352942,192.0,0.0,4261.029411764705,0.7195159313725491,0.030843932575323058,0.16882002958178355,8.357500713564997,4.935531351014987
,,3+,Graduate,No,,1121.3235294117646,0.0,48.44117647058823,216.0,1.0,1121.3235294117646,0.22426470588235292,0.023147670297030905,0.1998217982651537,7.023156395151958,3.9007836087924543
,,1,Not Graduate,Yes,,2242.6470588235293,0.0,53.8235294117647,192.0,0.0,2242.6470588235293,0.2803308823529412,0.0416658925462587,0.12494428713753868,7.715857972108248,4.004119470629375
Male,No,0,Graduate,No,Urban,3750.0,4750.0,176.0,360.0,1.0,8500.0,0.4888888888888889,0.04829518014102192,0.05750957403704139,9.04793908261736,5.176149732573829
,,3+,Graduate,Yes,,3887.254901960784,0.0,136.35294117647058,192.0,1.0,3887.254901960784,0.7101715686274509,0.02850856285063196,0.182645322010479,8.265715724635193,4.922553826046782
Male,Yes,1,Graduate,Yes,Semiurban,2895.0,0.0,95.0,360.0,1.0,2895.0,0.2638888888888889,0.030473363438279596,0.091121853898097,7.971085753505607,4.564348191467836
Male,No,0,Graduate,No,Semiurban,12000.0,0.0,164.0,360.0,1.0,12000.0,0.45555555555555555,0.07317028554703935,0.037959799646325766,9.392745258631441,5.10594547390058
,,3+,Not Graduate,No,,4036.7647058823527,0.0,174.02941176470588,240.0,1.0,4036.7647058823527,0.7251225490196078,0.023195743002321773,0.17958514223556035,8.303446527210276,5.164954027028691
,,,,,,3604.5454545454554,0.0,2.0795454545454546,,0.0,3604.5454545454554,,1.732500218474177,,8.190228343279276,1.1247820064014944
,,,,,,5207.667045454546,0.0,12.477272727272728,,1.0,5207.667045454546,,0.4173387743058844,,8.558079256611196,2.6010047650794643
,,,,,,4644.318181818182,0.0,2.4954545454545456,,1.0,4644.318181818182,,1.8603656094097083,,8.443615148755146,1.2514634231532824
,,,,,,36600.00000000001,0.0,12.477272727272728,,1.0,36600.00000000001,,2.9330982580631066,,10.50783084142058,2.6010047650794643
Female,No,3+,Graduate,,Urban,416.0,41667.0,350.0,180.0,,42083.0,1.9444444444444444,0.12023679932343051,0.04620388851925778,10.647422899928179,5.860786223465865
,,3+,Not Graduate,No,,4261.029411764705,0.0,165.05882352941177,48.0,0.0,4261.029411764705,3.4387254901960786,0.025815060992146515,0.8068281933259266,8.357500713564997,5.112342084197273
Male,Yes,2,Not Graduate,No,Semiurban,2192.0,1742.0,45.0,360.0,1.0,3934.0,0.125,0.08742027954934335,0.03176620076238882,8.277666160851503,3.828641396489095
,,3+,Graduate,No,,7251.225490196079,0.0,174.02941176470588,240.0,1.0,7251.225490196079,0.7251225490196078,0.04166642724491133,0.09998621112924092,8.889063664909838,5.164954027028691
Male,No,0,Not Graduate,No,Semiurban,3748.0,1668.0,110.0,360.0,1.0,5416.0,0.3055555555555556,0.04923591603712694,0.056406785223473435,8.597297435657898,4.709530201312334
Male,Yes,0,Graduate,No,Urban,2275.0,2067.0,,360.0,1.0,4342.0,,,,8.376320632534823,
,,3+,Graduate,Yes,,5457.107843137255,0.0,188.3823529411765,168.0,1.0,5457.107843137255,1.121323529411765,0.02896810019535675,0.20544180540911436,8.604857459801051,5.243768002922022
,,,,,,5961.363636363637,0.0,14.972727272727274,,1.0,5961.363636363637,,0.39812155836586505,,8.69322226472352,2.7708827223946813
Female,No,0,Graduate,No,Rural,3762.0,1666.0,135.0,360.0,1.0,5428.0,0.375,0.0402071095769661,0.06907349419782649,8.599510233905452,4.912654885736052
,,3+,Graduate,No,,4036.7647058823527,0.0,176.72058823529412,240.0,0.0,4036.7647058823527,0.7363357843137255,0.022842510336131907,0.18236223206394533,8.303446527210276,5.180212587961477
Male,Yes,2,Graduate,No,Semiurban,8000.0,0.0,200.0,360.0,1.0,8000.0,0.5555555555555556,0.039999800000999994,0.06943576497382271,8.987321812850125,5.303304908059076
,,3+,Graduate,Yes,,1420.343137254902,0.0,61.0,72.0,0.0,1420.343137254902,0.8472222222222222,0.023283932021686563,0.596071560776307,7.2593575748471935,4.127134385045092
,,3+,Graduate,No,,1046.5686274509803,0.0,36.77941176470589,168.0,1.0,1046.5686274509803,0.21892507002801126,0.028454510899610347,0.20898398853420758,6.954227165116578,3.631764291933777
Male,Yes,0,Graduate,No,Urban,4625.0,2857.0,111.0,12.0,,7482.0,9.25,0.06740479815497158,1.2361352398770546,8.920389060080359,4.718498871295094
,,,,,,2946.0227272727275,0.0,4.159090909090909,,1.0,2946.0227272727275,,0.7081630646183432,,7.988550694710919,1.6407603835631415
,,1,Graduate,Yes,,2466.9117647058824,0.0,95.08823529411764,168.0,1.0,2466.9117647058824,0.5660014005602241,0.025943123394310118,0.22934426127170646,7.811127632646252,4.565266886984909
,,,,,,6658.011363636365,0.0,12.643636363636364,,0.0,6658.011363636365,,0.5265482669619171,,8.803726308617104,2.613273212459544
,,3+,Graduate,No,,4036.7647058823527,0.0,166.85294117647058,24.0,0.0,4036.7647058823527,6.952205882352941,0.024193403388733437,1.7217956935986716,8.303446527210276,5.123088245920546
Male,Yes,1,Graduate,Yes,Semiurban,16667.0,2250.0,86.0,360.0,1.0,18917.0,0.2388888888888889,0.2199625585749003,0.012627597467432547,9.847869128773116,4.465908118654584
Female,No,0,Not Graduate,No,Semiurban,2165.0,0.0,70.0,360.0,1.0,2165.0,0.19444444444444445,0.0309281295981486,0.08977121165486818,7.680637427560936,4.2626798770413155
,,,,,,8179.545454545456,0.0,20.795454545454547,,0.0,8179.545454545456,,0.3933144198530344,,9.009514108858456,3.081701440965177
Male,Yes,0,Graduate,No,Semiurban,4860.0,830.0,125.0,360.0,1.0,5690.0,0.3472222222222222,0.045519635842913256,0.061012514887053636,8.646641258603124,4.836281906951478
,,1,Graduate,Yes,,4859.06862745098,0.0,132.76470588235293,144.0,0.0,4859.06862745098,0.9219771241830065,0.036598823432285474,0.18970454840399387,8.488807837669528,4.8960823302542655
,,1,Not Graduate,No,,5382.35294117647,0.0,134.55882352941177,120.0,1.0,5382.35294117647,1.1213235294117647,0.03999970273444962,0.20829463378388716,8.591066682299862,4.9094056681043465
,,0,Not Graduate,No,,747.5490196078431,0.0,19.735294117647054,144.0,0.0,747.5490196078431,0.1370506535947712,0.03787686863358141,0.18308841506007262,6.618136692173317,3.031837278196107
,,3+,Not Graduate,Yes,,4560.049019607843,0.0,112.13235294117646,168.0,1.0,4560.049019607843,0.667454481792717,0.04066630400323425,0.1463379321124035,8.425307924211026,4.728558398282828
,,3+,Not Graduate,No,,3962.0098039215686,0.0,165.95588235294116,96.0,0.0,3962.0098039215686,1.728707107843137,0.02387373001799074,0.4362106563886133,8.284759067051006,5.117729599988427
Male,Yes,,Graduate,No,Urban,5116.0,1451.0,165.0,360.0,0.0,6567.0,0.4583333333333333,0.039799758789340674,0.06978278522127486,8.789964651132264,5.111987788356544
,,3+,Graduate,No,,7176.470588235294,0.0,178.51470588235293,168.0,0.0,7176.470588235294,1.0625875350140055,0.04020077982922577,0.1480448469904857,8.878702314213962,5.190257131493693
,,0,Not Graduate,Yes,,2392.1568627450984,0.0,66.38235294117646,216.0,1.0,2392.1568627450984,0.3073257080610021,0.03603549318855336,0.12841853906245015,7.780368636426591,4.210383157837334
Male,Yes,0,Graduate,Yes,Urban,16120.0,0.0,260.0,360.0,1.0,16120.0,0.7222222222222222,0.061999761539378695,0.044800088221712185,9.687878048875998,5.564520407322694
,,3+,Not Graduate,Yes,,2167.8921568627447,0.0,56.51470588235294,72.0,1.0,2167.8921568627447,0.7849264705882353,0.038359109614158955,0.36190202823344353,7.68197178937997,4.052040669579408
,,,,,,3431.2500000000005,0.0,2.0795454545454546,,0.0,3431.2500000000005,,1.6492069387398411,,8.140971301777714,1.1247820064014944
Male,Yes,2,Graduate,No,Semiurban,3900.0,0.0,90.0,360.0,1.0,3900.0,0.25,0.043332851857201586,0.0640861317610869,8.268988209506656,4.51085950651685
,,,,,,9357.954545454546,0.0,6.654545454545455,,0.0,9357.954545454546,,1.4060387100299134,,9.14408886937172,2.0352996484499104
,,,,,,5129.545454545455,0.0,17.05227272727273,,1.0,5129.545454545455,,0.30079536852430355,,8.542967258934677,2.8932715897208254
Male,No,,Graduate,No,Urban,2833.0,0.0,71.0,360.0,1.0,2833.0,0.19722222222222222,0.03990084646695117,0.06959146867403748,7.949444420250626,4.276666119016055
Female,No,0,Graduate,,Urban,2764.0,1459.0,110.0,360.0,1.0,4223.0,0.3055555555555556,0.0383905600858174,0.07233796296296298,8.348537825386098,4.709530201312334
,,,,,,9219.318181818184,0.0,7.486363636363637,,0.0,9219.318181818184,,1.2313170068357597,,9.129164825913772,2.1384605971893613
,,3+,Not Graduate,No,,3962.0098039215686,0.0,182.10294117647055,48.0,1.0,3962.0098039215686,3.793811274509803,0.021756859177924786,0.9573055486150107,8.284759067051006,5.210048514776306
,,3+,Graduate,Yes,,3064.950980392157,0.0,88.80882352941177,48.0,0.0,3064.950980392157,1.850183823529412,0.034511395908551894,0.6034616454607373,8.028113071173536,4.497683228047028
,,3+,Graduate,No,,7026.9607843137255,0.0,330.11764705882354,120.0,0.0,7026.9607843137255,2.7509803921568627,0.0212861674035081,0.39143365715656786,8.857651869370208,5.802473741407811
,,3+,Not Graduate,No,,5531.862745098038,0.0,138.14705882352942,72.0,1.0,5531.862745098038,1.9187091503267975,0.040043000185507126,0.34678415835034404,8.618460635993284,4.935531351014987
,,2,Not Graduate,No,,1495.0980392156862,0.0,38.5735294117647,192.0,0.0,1495.0980392156862,0.20090379901960784,0.03875868512240882,0.13428518302512418,7.310615690622233,3.678160445550799
Male,Yes,0,Graduate,No,Urban,9323.0,0.0,75.0,180.0,1.0,9323.0,0.4166666666666667,0.12430500926654311,0.04468754468754469,9.140347000155648,4.330733340286331
Male,Yes,0,Graduate,No,Semiurban,3246.0,1417.0,138.0,360.0,1.0,4663.0,0.38333333333333336,0.033789610220215795,0.0821898227558605,8.447628728030327,4.9344739331306915
,,,,,,5905.909090909092,0.0,6.654545454545455,,1.0,5905.909090909092,,0.8873666525522121,,8.68387797712771,2.0352996484499104
,,,,,,3396.3136363636368,0.0,8.318181818181818,,1.0,3396.3136363636368,,0.4082509206543476,,8.130740291353373,2.2319675257800924
Male,Yes,0,Graduate,No,Urban,2058.0,2134.0,88.0,360.0,,4192.0,0.24444444444444444,0.04763582232020091,0.058298221904231916,8.341171747170762,4.48863636973214
Male,Yes,1,Graduate,Yes,Urban,7787.0,0.0,240.0,360.0,1.0,7787.0,0.6666666666666666,0.0324456981429244,0.08560178051703475,8.960339366492091,5.484796933490655
,,1,Not Graduate,Yes,,6877.450980392156,0.0,219.77941176470588,48.0,0.0,6877.450980392156,4.5787377450980395,0.031292374625974714,0.6656640802050166,8.836148757378915,5.397164066236198
,,1,Graduate,No,,7026.9607843137255,0.0,239.51470588235293,120.0,0.0,7026.9607843137255,1.995955882352941,0.02933820460093452,0.28400213712174893,8.857651869370208,5.482781234796377
,,,,,,9357.954545454546,0.0,8.318181818181818,,1.0,9357.954545454546,,1.1248647703554764,,9.14408886937172,2.2319675257800924
,,3+,Not Graduate,No,,2167.8921568627447,0.0,93.29411764705884,72.0,1.0,2167.8921568627447,1.2957516339869284,0.023236930415415885,0.5974255704171133,7.68197178937997,4.546418808553337
,,2,Graduate,Yes,,4410.5392156862745,0.0,127.38235294117646,144.0,0.0,4410.5392156862745,0.8845996732026143,0.03462414133283954,0.20051950803411434,8.391978936044904,4.855012943657541
Male,No,0,Graduate,No,Urban,2965.0,5701.0,155.0,60.0,1.0,8666.0,2.5833333333333335,0.055909316714085715,0.2980654590208069,9.067277989134345,5.049856007249537
Male,No,3+,Graduate,No,Rural,12500.0,3000.0,320.0,360.0,1.0,15500.0,0.8888888888888888,0.04843734863328552,0.057343970639887026,9.648659816955295,5.771441123130016
,,,,,,3743.1818181818185,0.0,7.486363636363637,,1.0,3743.1818181818185,,0.499933220820534,,8.227958398966923,2.1384605971893613
,,,,,,5545.454545454546,0.0,8.318181818181818,,1.0,5545.454545454546,,0.6665865305810231,,8.620914181968814,2.2319675257800924
,,0,Graduate,No,,1420.343137254902,0.0,61.0,48.0,1.0,1420.343137254902,1.2708333333333333,0.023283932021686563,0.8941073411644604,7.2593575748471935,4.127134385045092
,,3+,Not Graduate,No,,2840.686274509804,0.0,68.17647058823529,48.0,1.0,2840.686274509804,1.4203431372549018,0.04166605551658576,0.49982404813491016,7.952152913580554,4.236660784402356
,,,,,,2079.545454545455,0.0,2.4954545454545456,,1.0,2079.545454545455,,0.8329995266013621,,7.64038537607929,1.2514634231532824
,,3+,Not Graduate,No,,971.813725490196,0.0,31.39705882352941,144.0,0.0,971.813725490196,0.21803513071895422,0.030951395146821242,0.22412834544361246,6.880192620374494,3.4780676416262364
Male,Yes,1,Graduate,,Semiurban,3717.0,2925.0,151.0,360.0,,6642.0,0.41944444444444445,0.04398646366580354,0.0631408165654741,8.80131894766524,5.0238805208462765
,,1,Not Graduate,Yes,,598.0392156862746,0.0,23.323529411764707,24.0,0.0,598.0392156862746,0.9718137254901961,0.02563992632514285,1.6222873228372228,6.395327064563918,3.19144417040753
Female,Yes,2,Graduate,No,Semiurban,4283.0,2383.0,127.0,360.0,,6666.0,0.3527777777777778,0.05248777568680561,0.05291402096561839,8.80492526261806,4.852030263919617
Male,Yes,3+,Not Graduate,No,Semiurban,2071.0,754.0,94.0,480.0,1.0,2825.0,0.19583333333333333,0.03005287177795981,0.0692970040103798,7.946617563244473,4.553876891600541
,,,,,,3327.2727272727275,0.0,11.97818181818182,,1.0,3327.2727272727275,,0.2777545894013098,,8.110208747884139,2.5632696258235894
,,,,,,6425.795454545455,0.0,1.2477272727272728,,1.0,6425.795454545455,,5.145875800815376,,8.768231318903332,0.8099196047104052
Male,Yes,1,Graduate,Yes,Rural,2178.0,0.0,66.0,300.0,0.0,2178.0,0.22,0.03299950000757564,0.10096374483708123,7.68662133494462,4.204692619390966
,,1,Graduate,Yes,,1569.8529411764705,0.0,38.5735294117647,240.0,1.0,1569.8529411764705,0.16072303921568626,0.04069661937852926,0.10231577699139346,7.359374025456811,3.678160445550799
,,3+,Not Graduate,No,,3363.970588235294,0.0,155.19117647058823,216.0,1.0,3363.970588235294,0.7184776688453159,0.021676160904108645,0.2135167752601696,8.121174501545918,5.051080747145433
,,3+,Not Graduate,No,,5531.862745098038,0.0,210.80882352941177,24.0,0.0,5531.862745098038,8.783700980392156,0.026241010274012416,1.5875508547856656,8.618460635993284,5.355684092022943
,,,,,,5961.363636363637,0.0,3.992727272727273,,1.0,5961.363636363637,,1.4926817054016526,,8.69322226472352,1.6079823081013997
,,,,,,3119.318181818182,0.0,12.477272727272728,,1.0,3119.318181818182,,0.2499799651758329,,8.045690256955766,2.6010047650794643
,,,,,,927.4772727272727,0.0,2.329090909090909,,0.0,927.4772727272727,,0.39804338496352076,,6.833545903085831,1.202699266447994
,,0,Graduate,No,,2317.401960784314,0.0,99.5735294117647,96.0,0.0,2317.401960784314,1.0372242647058822,0.023273039546100164,0.44738758949073265,7.748633417314988,4.610889095921989
Male,Yes,2,Not Graduate,Yes,Semiurban,1875.0,1875.0,97.0,360.0,1.0,3750.0,0.26944444444444443,0.03865939526396635,0.07183269646612755,8.229777750081887,4.584967478670572
,,2,Graduate,No,,5457.107843137255,0.0,257.4558823529412,168.0,0.0,5457.107843137255,1.5324754901960786,0.02119620106195585,0.2807704673924563,8.604857459801051,5.554725011502759
,,3+,Not Graduate,No,,3887.254901960784,0.0,109.44117647058825,240.0,0.0,3887.254901960784,0.45600490196078436,0.035518801136099974,0.11727752255409707,8.265715724635193,4.704483039582074
,,,,,,8664.772727272728,0.0,9.981818181818182,,1.0,8664.772727272728,,0.8679686005955688,,9.06713637616236,2.396241012702344
,,3+,Not Graduate,Yes,,2167.8921568627447,0.0,99.5735294117647,48.0,1.0,2167.8921568627447,2.0744485294117645,0.021771553123771117,0.9564553603312435,7.68197178937997,4.610889095921989
,,,,,,2287.5000000000005,0.0,0.8318181818181819,,1.0,2287.5000000000005,,2.7466979587381295,,7.7356518600936965,0.6053090155943215
Male,No,0,Graduate,No,Urban,3167.0,0.0,74.0,360.0,1.0,3167.0,0.20555555555555555,0.042796718963257256,0.06488496071829404,8.060855752934316,4.31748811353631
,,,,,,3396.3136363636368,0.0,9.15,,1.0,3396.3136363636368,,0.37114125629588424,,8.130740291353373,2.3174737054877963
Male,No,0,Graduate,No,Rural,2833.0,1857.0,126.0,360.0,1.0,4690.0,0.35,0.03722192681010468,0.07461095715199317,8.453401058328458,4.844187086458591
,,,,,,5356.077272727273,0.0,6.238636363636364,,1.0,5356.077272727273,,0.8583957398449794,,8.586173820404008,1.979432841093957
Male,No,0,Graduate,,Urban,6782.0,0.0,,360.0,,6782.0,,,,8.82217476094608,
,,,,,,3077.727272727273,0.0,4.575,,1.0,3077.727272727273,,0.6725802606484426,,8.032271567426916,1.7182923173461826
Male,No,0,Graduate,No,Urban,3229.0,2739.0,110.0,360.0,1.0,5968.0,0.3055555555555556,0.054254052235888764,0.05119040970942463,8.69433468816865,4.709530201312334
Male,No,1,Graduate,No,Urban,4384.0,1793.0,117.0,360.0,1.0,6177.0,0.325,0.05279442056050803,0.05260602136613791,8.728749873478527,4.770684624465665
,,1,Graduate,Yes,,4859.06862745098,0.0,124.69117647058825,96.0,0.0,4859.06862745098,1.2988664215686276,0.03896851241983985,0.2672526915015725,8.488807837669528,4.833827917989911
Male,Yes,0,Not Graduate,No,Rural,4300.0,2014.0,194.0,360.0,1.0,6314.0,0.5388888888888889,0.03254622398853614,0.08533474091668866,8.750683034784592,5.272999558563747
,,0,Not Graduate,Yes,,6653.186274509803,0.0,248.48529411764704,72.0,0.0,6653.186274509803,3.4511846405228757,0.02677486216346331,0.5186486368353305,8.803001450552353,5.5193999720422235
,,,,,,4824.545454545455,0.0,9.981818181818182,,1.0,4824.545454545455,,0.48328491681161273,,8.481679054957878,2.396241012702344
Male,Yes,0,Graduate,No,Rural,3704.0,2000.0,120.0,360.0,1.0,5704.0,0.3333333333333333,0.04753293722552312,0.05842827928717499,8.649098262296176,4.795790545596741
,,,,,,2426.136363636364,0.0,4.159090909090909,,1.0,2426.136363636364,,0.5831931120386357,,7.794467390236547,1.6407603835631415
Male,Yes,2,Graduate,No,Semiurban,3859.0,0.0,96.0,360.0,1.0,3859.0,0.26666666666666666,0.04019749794272976,0.0690846286701209,8.258422462458876,4.574710978503383
Male,Yes,0,Not Graduate,No,Urban,2583.0,2358.0,120.0,360.0,1.0,4941.0,0.3333333333333333,0.04117465687785935,0.06744907594765952,8.505525386548555,4.795790545596741
Male,Yes,0,Graduate,No,Semiurban,2620.0,2223.0,150.0,360.0,1.0,4843.0,0.4166666666666667,0.03228645142365717,0.08601706578585191,8.485496104672983,5.017279836814924
,,3+,Graduate,No,,1046.5686274509803,0.0,34.088235294117645,96.0,1.0,1046.5686274509803,0.35508578431372545,0.030700853756950475,0.3389618350615805,6.954227165116578,3.5578658974817547
,,,,,,3918.764772727273,0.0,16.636363636363637,,1.0,3918.764772727273,,0.2355400085240778,,8.273786924026691,2.8699628862649575
,,,,,,2611.909090909091,0.0,12.477272727272728,,1.0,2611.909090909091,,0.20931655750723074,,7.868219473835822,2.6010047650794643
Male,Yes,1,Graduate,No,Semiurban,3750.0,0.0,116.0,360.0,1.0,3750.0,0.32222222222222224,0.03232730752321101,0.0859030184543381,8.229777750081887,4.762173934797756
,,,,,,7763.636363636365,0.0,4.990909090909091,,1.0,7763.636363636365,,1.5552439401941325,,8.957334904304169,1.790243168710091
,,,,,,4505.681818181819,0.0,3.327272727272728,,1.0,4505.681818181819,,1.3537597989675234,,8.413316422945787,1.464937488439004
,,2,Not Graduate,No,,672.7941176470588,0.0,17.941176470588236,168.0,0.0,672.7941176470588,0.10679271708683473,0.03749790995256002,0.15849458208356457,6.512924600817186,2.9413382014881924
,,0,Not Graduate,Yes,,4335.7843137254895,0.0,113.02941176470588,24.0,1.0,4335.7843137254895,4.709558823529412,0.038359448983971166,1.0859564328860276,8.374888410923697,4.736456413054768
Male,Yes,2,Graduate,No,Rural,5819.0,5000.0,120.0,360.0,1.0,10819.0,0.3333333333333333,0.09015758202014983,0.030807147258163893,9.289151552400472,4.795790545596741
,,,,,,2079.545454545455,0.0,12.061363636363636,,1.0,2079.545454545455,,0.1723994995704144,,7.64038537607929,2.569658531595435
,,1,Graduate,Yes,,3662.990196078431,0.0,148.01470588235293,144.0,0.0,3662.990196078431,1.0278799019607843,0.024747307552550397,0.28053565838165295,8.206308050047655,5.004044998272211
,,2,Graduate,No,,7176.470588235294,0.0,201.83823529411765,216.0,1.0,7176.470588235294,0.9344362745098039,0.035555379397755986,0.1301901920770603,8.878702314213962,5.312408790899413
,,,,,,5046.363636363637,0.0,1.9131818181818183,,1.0,5046.363636363637,,2.636303191489362,,8.526621333747487,1.0692458921578196
Male,Yes,0,Graduate,No,Urban,11146.0,0.0,136.0,360.0,1.0,11146.0,0.37777777777777777,0.08195527974059014,0.03389053357654775,9.318925682389624,4.919980925828125
,,3+,Not Graduate,Yes,,523.2843137254902,0.0,22.426470588235293,96.0,0.0,523.2843137254902,0.23360906862745098,0.023332292942566057,0.4455770705162968,6.262034120621459,3.153866604733942
,,1,Not Graduate,Yes,,3887.254901960784,0.0,173.13235294117646,96.0,0.0,3887.254901960784,1.8034620098039216,0.022452374634490627,0.46382298878976913,8.265715724635193,5.15981565915485
,,,,,,7971.590909090911,0.0,9.981818181818182,,1.0,7971.590909090911,,0.7985311125479234,,8.983764801652805,2.396241012702344
,,,,,,2772.727272727273,0.0,2.0795454545454546,,0.0,2772.727272727273,,1.3326924757493666,,7.92794728051419,1.1247820064014944
Male,Yes,2,Graduate,No,Urban,3200.0,700.0,70.0,360.0,1.0,3900.0,0.19444444444444445,0.05571348980728847,0.049844769147512034,8.268988209506656,4.2626798770413155
Female,No,0,Not Graduate,No,Rural,2213.0,0.0,66.0,360.0,1.0,2213.0,0.18333333333333332,0.03352979500310602,0.08280638361939174,7.7025561132685825,4.204692619390966
,,,,,,1663.6363636363635,0.0,3.992727272727273,,1.0,1663.6363636363635,,0.4165623363911588,,7.417361978343343,1.6079823081013997
,,1,Not Graduate,Yes,,2616.421568627451,0.0,104.05882352941175,120.0,1.0,2616.421568627451,0.867156862745098,0.02514343653377366,0.33130194735876123,7.869944978065555,4.654520417380228
,,,,,,8318.18181818182,0.0,6.238636363636364,,1.0,8318.18181818182,,1.3331196456669971,,9.026319189818803,1.979432841093957
,,,,,,3050.0,0.0,6.238636363636364,,1.0,3050.0,,0.4888105367445655,,8.02322468471667,1.979432841093957
Male,Yes,0,Graduate,No,Urban,3208.0,3066.0,172.0,360.0,1.0,6274.0,0.4777777777777778,0.03647653211318539,0.07613988490482515,8.744328763999984,5.153291594497779
,,,,,,3673.863636363637,0.0,8.151818181818184,,1.0,3673.863636363637,,0.45062499303085374,,8.20927130520711,2.2139525679429615
Male,Yes,2,Graduate,No,Urban,3159.0,461.0,108.0,84.0,1.0,3620.0,1.2857142857142858,0.033518208164739216,0.35507160610723165,8.19450550976564,4.6913478822291435
Male,Yes,0,Graduate,No,Semiurban,5695.0,4167.0,175.0,360.0,1.0,9862.0,0.4861111111111111,0.05635396369163605,0.04928633388534027,9.196545660953994,5.170483995038151
Male,Yes,0,Graduate,Yes,Semiurban,5818.0,2160.0,184.0,360.0,1.0,7978.0,0.5111111111111111,0.04335846000836952,0.06405703861525393,8.984568369308281,5.220355825078324
,,3+,Not Graduate,Yes,,299.0196078431373,0.0,9.867647058823527,72.0,0.0,299.0196078431373,0.1370506535947712,0.030299959666283207,0.45680565540378604,5.7038478319974875,2.385790215772095
,,,,,,1663.6363636363635,0.0,9.981818181818182,,1.0,1663.6363636363635,,0.1666499713143492,,7.417361978343343,2.396241012702344
,,0,Graduate,No,,5606.617647058823,0.0,225.16176470588235,168.0,1.0,5606.617647058823,1.340248599439776,0.02490028781793667,0.23900498996088504,8.631881246479018,5.421250516263817
,,3+,Not Graduate,Yes,,2392.1568627450984,0.0,99.5735294117647,72.0,1.0,2392.1568627450984,1.3829656862745097,0.02402378275726469,0.5778834257810258,7.780368636426591,4.610889095921989
Male,No,0,Graduate,No,Rural,3676.0,4301.0,172.0,360.0,1.0,7977.0,0.4777777777777778,0.046377637339317795,0.059886911228099506,8.984443032465352,5.153291594497779
Male,Yes,1,Graduate,No,Urban,5649.0,0.0,44.0,360.0,1.0,5649.0,0.12222222222222222,0.12838344583077657,0.021632251720747293,8.639410824140487,3.8066624897703196
Female,No,0,Graduate,No,Rural,10000.0,1666.0,225.0,360.0,1.0,11666.0,0.625,0.051848658450406884,0.0535698980029142,9.364519622823858,5.420534999272286
,,3+,Not Graduate,No,,1794.1176470588234,0.0,67.27941176470588,144.0,0.0,1794.1176470588234,0.46721813725490197,0.026666270315545033,0.26027159725180504,7.492825840311576,4.223608282843815
Female,No,0,Graduate,No,Rural,2507.0,0.0,56.0,360.0,1.0,2507.0,0.15555555555555556,0.04476705773111195,0.06202374623427256,7.827240901752812,4.04305126783455
,,1,Not Graduate,Yes,,598.0392156862746,0.0,14.352941176470589,120.0,0.0,598.0392156862746,0.11960784313725491,0.041663763863446675,0.19966613204150435,6.395327064563918,2.7313070632664775
,,,,,,4852.272727272728,0.0,6.654545454545455,,0.0,4852.272727272728,,0.7290571089043997,,8.48740854549211,2.0352996484499104
Male,Yes,2,Not Graduate,No,Semiurban,6125.0,1625.0,187.0,480.0,1.0,7750.0,0.38958333333333334,0.04144362864369709,0.050262331742140794,8.955577146281511,5.236441962829949
Male,Yes,1,Graduate,No,Urban,5955.0,5625.0,315.0,360.0,1.0,11580.0,0.875,0.036761788057815686,0.07555478801485191,9.357121103184378,5.755742213586912
Female,No,0,Graduate,No,Urban,3237.0,0.0,30.0,360.0,1.0,3237.0,0.08333333333333333,0.10789640345321823,0.025736051060325303,8.08271113423758,3.4339872044851463
,,3+,Not Graduate,Yes,,3662.990196078431,0.0,142.63235294117646,96.0,0.0,3662.990196078431,1.485753676470588,0.02568116166762964,0.4055015425698438,8.206308050047655,4.96725693027137
,Yes,0,Graduate,Yes,Semiurban,2083.0,4083.0,160.0,360.0,,6166.0,0.4444444444444444,0.03853725914213036,0.07206817649496423,8.726967774991493,5.081404364984463
,,2,Graduate,Yes,,2691.176470588235,0.0,103.16176470588236,96.0,0.0,2691.176470588235,1.0746017156862746,0.026086703649914722,0.399157234834415,7.898105242326408,4.645945120577516
Female,Yes,0,Graduate,No,Semiurban,2423.0,505.0,130.0,360.0,1.0,2928.0,0.3611111111111111,0.02252290366997177,0.12328819088805432,7.982416346827733,4.875197323201151
Male,Yes,2,Not Graduate,No,Rural,7667.0,0.0,185.0,360.0,,7667.0,0.5138888888888888,0.041443019226923096,0.06701733031936474,8.944811104165534,5.225746673713202
Female,No,0,Graduate,No,Urban,2995.0,0.0,60.0,360.0,1.0,2995.0,0.16666666666666666,0.04991583473608773,0.055629728526924785,8.005033344637111,4.110873864173311
Male,Yes,0,Graduate,No,Urban,2400.0,0.0,75.0,360.0,,2400.0,0.20833333333333334,0.03199957333902215,0.0867694016382063,7.783640596221253,4.330733340286331
,,0,Not Graduate,Yes,,3737.745098039216,0.0,133.66176470588235,144.0,0.0,3737.745098039216,0.9282066993464052,0.027963996601925157,0.2482669117595642,8.226505298820387,4.9027661879316256
,,,,,,998.1818181818182,0.0,3.3688636363636366,,1.0,998.1818181818182,,0.296208370988845,,6.90693676227053,1.4745029378465078
,,3+,Not Graduate,No,,3289.21568627451,0.0,94.19117647058825,216.0,1.0,3289.21568627451,0.43607026143790856,0.03492026418246717,0.13253546363450358,8.098708399748725,4.555887253369404
Female,Yes,0,Graduate,No,Semiurban,3167.0,2283.0,154.0,360.0,1.0,5450.0,0.42777777777777776,0.035389380588437734,0.0784769359342832,8.603554357064281,5.043425116919247
Male,Yes,0,Graduate,Yes,Semiurban,39147.0,4750.0,120.0,360.0,1.0,43897.0,0.3333333333333333,0.3658052849559587,0.007593360365696235,10.6896240399389,4.795790545596741
Male,No,0,Graduate,No,Urban,3254.0,0.0,50.0,360.0,1.0,3254.0,0.1388888888888889,0.06507869842603148,0.042669397508107186,8.08794755464267,3.9318256327243257
,,3+,Graduate,No,,4859.06862745098,0.0,143.52941176470588,168.0,0.0,4859.06862745098,0.8543417366946778,0.033853930799116014,0.1757879985210754,8.488807837669528,4.973483028464963
,,3+,Graduate,Yes,,2392.1568627450984,0.0,103.16176470588236,240.0,1.0,2392.1568627450984,0.42984068627450983,0.023188181022146426,0.1796124161211297,7.780368636426591,4.645945120577516
,,,,,,2010.2272727272727,0.0,4.159090909090909,,1.0,2010.2272727272727,,0.4832171499748694,,7.606500398169296,1.6407603835631415
,,,,,,1225.268181818182,0.0,2.0795454545454546,,0.0,1225.268181818182,,0.5889168050336452,,7.111730837940442,1.1247820064014944
,,,,,,5406.818181818182,0.0,6.654545454545455,,1.0,5406.818181818182,,0.8123779213506167,,8.595600996931699,2.0352996484499104
,,3+,Graduate,No,,2541.6666666666665,0.0,117.51470588235294,240.0,0.0,2541.6666666666665,0.48964460784313724,0.021628314680006894,0.19257129306887938,7.8409686780522,4.775037053148405
,,3+,Not Graduate,No,,1046.5686274509803,0.0,26.91176470588235,72.0,1.0,1046.5686274509803,0.3737745098039216,0.03888744389097381,0.35680193164376894,6.954227165116578,3.3290482739937666
Male,Yes,0,Graduate,Yes,Urban,3000.0,0.0,66.0,360.0,1.0,3000.0,0.18333333333333332,0.045453856759746065,0.06109074752860157,8.006700845440367,4.204692619390966
,,,,,,2495.454545454545,0.0,4.159090909090909,,1.0,2495.454545454545,,0.5998557723825965,,7.822626822466495,1.6407603835631415
,,3+,Graduate,No,,598.0392156862746,0.0,22.426470588235293,144.0,1.0,598.0392156862746,0.15573937908496732,0.026665477648646928,0.2599819427623754,6.395327064563918,3.153866604733942
,,2,Not Graduate,No,,4560.049019607843,0.0,210.80882352941177,168.0,0.0,4560.049019607843,1.2548144257703082,0.021631103063712936,0.27511531237131864,8.425307924211026,5.355684092022943
,,3+,Not Graduate,No,,5756.127450980392,0.0,154.2941176470588,72.0,0.0,5756.127450980392,2.1429738562091503,0.037305959765669326,0.3722297056050443,8.658193922867511,5.045320852084146
,,1,Graduate,Yes,,3214.460784313725,0.0,154.2941176470588,48.0,0.0,3214.460784313725,3.2144607843137254,0.020833198310698454,0.9996890025824983,8.075725949672131,5.045320852084146
,,0,Not Graduate,Yes,,5905.637254901961,0.0,235.92647058823528,96.0,1.0,5905.637254901961,2.4575674019607843,0.025031579579001557,0.4160687876881607,8.68383195606016,5.46774984231488
,,,,,,2876.427272727273,0.0,5.98909090909091,,1.0,2876.427272727273,,0.48019759906512266,,7.9646518658117404,1.9443504918636667
,,1,Not Graduate,Yes,,523.2843137254902,0.0,12.558823529411764,120.0,0.0,523.2843137254902,0.10465686274509804,0.04166334921028927,0.19961852759130094,6.262034120621459,2.607037518380487
,,,,,,8318.18181818182,0.0,2.4954545454545456,,1.0,8318.18181818182,,3.3319981064054485,,9.026319189818803,1.2514634231532824
,,,,,,4505.681818181819,0.0,12.477272727272728,,1.0,4505.681818181819,,0.36108217192064757,,8.413316422945787,2.6010047650794643
Male,No,0,Not Graduate,No,Semiurban,2927.0,2405.0,111.0,360.0,1.0,5332.0,0.30833333333333335,0.048035603282853306,0.0578161135070942,8.581669210600602,4.718498871295094
,,0,Not Graduate,No,,3812.5,0.0,122.0,216.0,0.0,3812.5,0.5648148148148148,0.03124974385455857,0.1481092998072151,8.246302681604293,4.812184355372417
,,3+,Not Graduate,Yes,,672.7941176470588,0.0,20.63235294117647,72.0,1.0,672.7941176470588,0.28656045751633985,0.032607115264548826,0.42529379525756494,6.512924600817186,3.074190015425331
,,3+,Graduate,Yes,,4410.5392156862745,0.0,139.94117647058823,24.0,1.0,4410.5392156862745,5.830882352941177,0.03151686880197437,1.3217342219713453,8.391978936044904,4.948342615179124
,,3+,Not Graduate,No,,1719.362745098039,0.0,51.13235294117647,216.0,0.0,1719.362745098039,0.23672385620915032,0.03362507338558425,0.1376011291128372,7.45029044588439,3.953785733790121
Female,No,0,Graduate,No,Semiurban,1500.0,1800.0,103.0,360.0,0.0,3300.0,0.2861111111111111,0.032038523897826236,0.08667407183008514,8.101980731853192,4.6443908991413725
,,,,,,6654.545454545455,0.0,8.318181818181818,,1.0,6654.545454545455,,0.7999038366972278,,8.803205689085186,2.2319675257800924
Male,Yes,2,Graduate,No,Semiurban,6250.0,5654.0,188.0,180.0,1.0,11904.0,1.0444444444444445,0.06331881213397801,0.08773157870175931,9.384713758920963,5.241747015059643
,,,,,,1330.909090909091,0.0,3.0569318181818184,,1.0,1330.909090909091,,0.43523177429783944,,7.194368598702942,1.4004269781136078
Male,Yes,1,Graduate,No,Semiurban,2491.0,2054.0,104.0,360.0,1.0,4545.0,0.28888888888888886,0.04370150287016471,0.06354792980397907,8.422003004412488,4.653960350157523
,,,,,,4921.59090909091,0.0,4.408636363636364,,1.0,4921.59090909091,,1.1160990392941081,,8.501590278416066,1.6879970026087463
,,3+,Graduate,No,,5681.372549019608,0.0,225.16176470588235,48.0,1.0,5681.372549019608,4.690870098039215,0.025232291655509165,0.8255125931242471,8.645124126794064,5.421250516263817
,,,,,,4505.681818181819,0.0,4.491818181818182,,1.0,4505.681818181819,,1.0028631553388236,,8.413316422945787,1.7032593813522794
,,0,Graduate,Yes,,1345.5882352941176,0.0,46.64705882352941,192.0,0.0,1345.5882352941176,0.24295343137254902,0.028845535467713804,0.18042147183877918,7.205329439472777,3.8638209036102684
,,,,,,6862.500000000001,0.0,7.486363636363637,,1.0,6862.500000000001,,0.9165442381709791,,8.833972794691714,2.1384605971893613
,,3+,Not Graduate,Yes,,5232.843137254902,0.0,215.2941176470588,168.0,0.0,5232.843137254902,1.2815126050420167,0.024305442661422975,0.24485116795345097,8.562901112685863,5.376639137245056
,,1,Not Graduate,Yes,,4485.294117647059,0.0,109.44117647058825,192.0,1.0,4485.294117647059,0.5700061274509804,0.04098323208011536,0.12705500631553185,8.408782276383274,4.704483039582074
,,3+,Graduate,No,,6129.901960784314,0.0,226.05882352941177,216.0,1.0,6129.901960784314,1.0465686274509804,0.02711628216407404,0.17070385958628104,8.72109715689667,5.425209118402661
Male,Yes,0,Not Graduate,No,Urban,7660.0,0.0,104.0,360.0,0.0,7660.0,0.28888888888888886,0.07365313795059662,0.03770903131299946,8.94389780251682,4.653960350157523
Female,No,0,Graduate,No,Semiurban,4230.0,0.0,112.0,360.0,1.0,4230.0,0.3111111111111111,0.03776751993285774,0.07353134273484073,8.350193650720067,4.727387818712341
Male,Yes,0,Graduate,No,Rural,5488.0,0.0,125.0,360.0,1.0,5488.0,0.3472222222222222,0.043903648770809836,0.06325782878889091,8.610501368549889,4.836281906951478
,,3+,Not Graduate,Yes,,971.813725490196,0.0,27.808823529411764,192.0,1.0,971.813725490196,0.1448376225490196,0.03494497994431365,0.14888525804468544,6.880192620374494,3.360681712768434
,,0,Not Graduate,No,,5980.392156862745,0.0,161.47058823529412,192.0,1.0,5980.392156862745,0.8409926470588235,0.037036807665186286,0.1406014895869871,8.696408622001423,5.090496989913022
,,,,,,5406.818181818182,0.0,4.990909090909091,,1.0,5406.818181818182,,1.0831163154923422,,8.595600996931699,1.790243168710091
,,,,,,3119.318181818182,0.0,11.645454545454546,,0.0,3119.318181818182,,0.2678341438283988,,8.045690256955766,2.537297826131027
Male,Yes,2,Graduate,Yes,Urban,1600.0,20000.0,239.0,360.0,1.0,21600.0,0.6638888888888889,0.09037619089459877,0.030734173829400902,9.980494888896912,5.480638923341991
,,2,Graduate,Yes,,4036.7647058823527,0.0,97.77941176470588,168.0,1.0,4036.7647058823527,0.5820203081232493,0.041283981454242905,0.14414418633045714,8.303446527210276,4.592889200090758
,,2,Not Graduate,Yes,,4933.823529411765,0.0,204.52941176470588,96.0,0.0,4933.823529411765,2.130514705882353,0.024122689075146888,0.4317306775377866,8.50407219224377,5.325589146637785
Female,No,0,Graduate,No,Semiurban,4547.0,0.0,115.0,360.0,1.0,4547.0,0.3194444444444444,0.03953878661924679,0.07023844424899833,8.422442854870427,4.7535901911063645
,,3+,Graduate,Yes,,6129.901960784314,0.0,259.25,48.0,0.0,6129.901960784314,5.401041666666667,0.023644660814362582,0.880953846793486,8.72109715689667,5.5616427074950785
,,3+,Graduate,No,,3962.0098039215686,0.0,183.8970588235294,192.0,1.0,3962.0098039215686,0.9577971813725489,0.021544598291402067,0.24168428259369112,8.284759067051006,5.219799231417074
Male,Yes,3+,Not Graduate,No,Semiurban,3850.0,983.0,100.0,360.0,1.0,4833.0,0.2777777777777778,0.04832951670483295,0.05746333839010711,8.483429561263428,4.61512051684126
,,,,,,5836.59090909091,0.0,20.379545454545458,,1.0,5836.59090909091,,0.28638050547313393,,8.672073475147695,3.062434645059645
Male,Yes,0,Graduate,No,Urban,4333.0,2451.0,110.0,360.0,1.0,6784.0,0.3055555555555556,0.06167216661666712,0.04503398018504873,8.82246957226897,4.709530201312334
,,3+,Not Graduate,Yes,,2167.8921568627447,0.0,84.32352941176471,168.0,1.0,2167.8921568627447,0.5019257703081232,0.025708914973918452,0.23142034458465097,7.68197178937997,4.446450259505243
,Yes,3+,Graduate,No,Rural,23803.0,0.0,370.0,360.0,1.0,23803.0,1.0277777777777777,0.06433225856146335,0.043176683657275144,10.077608912764743,5.916202062607435
Female,Yes,0,Graduate,No,Urban,4333.0,2451.0,110.0,360.0,1.0,6784.0,0.3055555555555556,0.06167216661666712,0.04503398018504873,8.82246957226897,4.709530201312334
,,,,,,8664.772727272728,0.0,8.318181818181818,,1.0,8664.772727272728,,1.0415414540328487,,9.06713637616236,2.2319675257800924
Male,Yes,3+,Graduate,No,Semiurban,5516.0,11300.0,495.0,360.0,0.0,16816.0,1.375,0.03397164854212416,0.08176250222988643,9.73014555852275,6.206575926724928
,,2,Not Graduate,No,,3214.460784313725,0.0,95.08823529411764,216.0,0.0,3214.460784313725,0.4402233115468409,0.03380467593804045,0.13690831301517417,8.075725949672131,4.565266886984909
,,2,Graduate,No,,2466.9117647058824,0.0,105.85294117647058,48.0,0.0,2466.9117647058824,2.205269607843137,0.02330486458310758,0.8935771689171205,7.811127632646252,4.67145350760504
,,3+,Graduate,No,,4111.519607843137,0.0,177.61764705882354,168.0,1.0,4111.519607843137,1.0572478991596639,0.023148017823159575,0.25708033030246163,8.321791162926854,5.185247471281414
,,2,Graduate,Yes,,3588.235294117647,0.0,118.41176470588236,240.0,0.0,3588.235294117647,0.4933823529411765,0.03030277439286404,0.1374616910041464,8.185694448797388,4.782577727979617
,,3+,Not Graduate,Yes,,2466.9117647058824,0.0,69.97058823529412,96.0,0.0,2466.9117647058824,0.7288602941176471,0.03525590638889566,0.2953348270149805,7.811127632646252,4.26226554100887
,,,,,,2828.1818181818185,0.0,14.182500000000005,,0.0,2828.1818181818185,,0.19939943019577802,,7.947742838653775,2.7201434487895937
,,1,Graduate,No,,4859.06862745098,0.0,209.91176470588235,24.0,1.0,4859.06862745098,8.746323529411764,0.0231480378730623,1.7996296348595093,8.488807837669528,5.351439869266414
,,,,,,2980.6818181818185,0.0,8.318181818181818,,1.0,2980.6818181818185,,0.3582902601872999,,8.00024278882082,2.2319675257800924
,,3+,Not Graduate,No,,5158.088235294117,0.0,165.95588235294116,72.0,0.0,5158.088235294117,2.3049428104575163,0.03108089379700681,0.44677328732023763,8.548515144276163,5.117729599988427
,,,,,,3604.5454545454554,0.0,6.488181818181818,,1.0,3604.5454545454554,,0.5554699429820262,,8.190228343279276,2.013326020154787
,,,,,,11090.909090909092,0.0,7.486363636363637,,1.0,11090.909090909092,,1.4812836172460266,,9.313971210786926,2.1384605971893613
,,3+,Not Graduate,Yes,,3064.950980392157,0.0,80.73529411764706,72.0,0.0,3064.950980392157,1.1213235294117647,0.03796249275358095,0.365734330582265,8.028113071173536,4.403485905126343
,,3+,Graduate,No,,3588.235294117647,0.0,128.27941176470588,72.0,1.0,3588.235294117647,1.7816584967320261,0.02797180991825353,0.4963894397371953,8.185694448797388,4.861976044675072
,,3+,Not Graduate,Yes,,3962.0098039215686,0.0,95.98529411764706,144.0,1.0,3962.0098039215686,0.6665645424836601,0.041276828534139165,0.16819654138227613,8.284759067051006,4.574559359975308
Male,Yes,0,Graduate,No,Rural,2383.0,2138.0,58.0,360.0,,4521.0,0.16111111111111112,0.07794693194944914,0.03562828640228021,8.416709652837914,4.07753744390572
Male,Yes,0,Graduate,No,Rural,6080.0,2569.0,182.0,360.0,,8649.0,0.5055555555555555,0.04752171691364333,0.058445728965960175,9.065314599925925,5.209486152841421
Male,Yes,0,Graduate,No,Urban,1820.0,1719.0,100.0,360.0,1.0,3539.0,0.2777777777777778,0.035389646103538966,0.07846829880728186,8.17188200612782,4.61512051684126
,,,,,,1039.7727272727277,0.0,2.4954545454545456,,1.0,1039.7727272727277,,0.4164997633006811,,6.947718723235382,1.2514634231532824
Male,No,0,Graduate,No,Semiurban,14999.0,0.0,242.0,360.0,0.0,14999.0,0.6722222222222223,0.0619790827310631,0.04481481481481482,9.615805480084347,5.493061443340548
,,3+,Not Graduate,No,,4933.823529411765,0.0,155.19117647058823,168.0,1.0,4933.823529411765,0.9237570028011204,0.03179170265935935,0.1871914967770353,8.50407219224377,5.051080747145433
,,,,,,1247.7272727272727,0.0,4.471022727272728,,1.0,1247.7272727272727,,0.27900736396485215,,7.129880129778941,1.6994655692080867
,,3+,Graduate,Yes,,4261.029411764705,0.0,103.16176470588236,24.0,1.0,4261.029411764705,4.298406862745098,0.041303947445698305,1.0085352416574083,8.357500713564997,4.645945120577516
,,,,,,4159.09090909091,0.0,5.926704545454546,,1.0,4159.09090909091,,0.7016360004447529,,8.333292206163385,1.935384165532949
Male,Yes,1,Graduate,Yes,Rural,8666.0,4983.0,376.0,360.0,0.0,13649.0,1.0444444444444445,0.03630043537118252,0.07651607651607653,9.521494800613105,5.932245187448011
,,3+,Graduate,Yes,,4335.7843137254895,0.0,206.3235294117647,192.0,0.0,4335.7843137254895,1.0746017156862744,0.021014390901978045,0.24778767813867691,8.374888410923697,5.334280517157715
,Yes,0,Graduate,No,Rural,2473.0,1843.0,159.0,360.0,1.0,4316.0,0.44166666666666665,0.027144483368029132,0.10230870203073121,8.370315995555478,5.075173815233827
,,3+,Not Graduate,Yes,,299.0196078431373,0.0,13.455882352941176,24.0,1.0,299.0196078431373,0.5606617647058824,0.022220570857393478,1.8687504084700344,5.7038478319974875,2.67110141497106
,,3+,Graduate,No,,5232.843137254902,0.0,194.66176470588235,168.0,1.0,5232.843137254902,1.1587009803921569,0.026881582336309925,0.22138626435791192,8.562901112685863,5.276387478235683
,,1,Graduate,Yes,,2840.686274509804,0.0,94.19117647058825,144.0,1.0,2840.686274509804,0.6541053921568628,0.030158409975767103,0.23018212743055075,7.952152913580554,4.555887253369404
,,,,,,5545.454545454546,0.0,6.238636363636364,,1.0,5545.454545454546,,0.8887464304446646,,8.620914181968814,1.979432841093957
,,,,,,6862.500000000001,0.0,19.963636363636365,,1.0,6862.500000000001,,0.3437327820555437,,8.833972794691714,3.042789335036588
Male,Yes,1,Graduate,No,Urban,2214.0,1398.0,85.0,360.0,,3612.0,0.2361111111111111,0.042493617722144446,0.06535043208168036,8.19229373114764,4.454347296253507
,,3+,Not Graduate,No,,299.0196078431373,0.0,8.970588235294118,120.0,0.0,299.0196078431373,0.07475490196078431,0.0333296179005182,0.2491667211293379,5.7038478319974875,2.299639582764289
,,3+,Graduate,No,,1943.627450980392,0.0,81.63235294117646,96.0,1.0,1943.627450980392,0.8503370098039215,0.023809232145357736,0.43727502117447764,7.572825695793657,4.4144012859360915
Female,No,1,Graduate,Yes,Semiurban,8624.0,0.0,150.0,360.0,1.0,8624.0,0.4166666666666667,0.05749295004699969,0.04830917874396135,9.062420241899561,5.017279836814924
Male,Yes,1,Graduate,No,Rural,4945.0,0.0,,360.0,0.0,4945.0,,,,8.506334448081361,
,,2,Not Graduate,No,,5980.392156862745,0.0,159.67647058823528,240.0,0.0,5980.392156862745,0.6653186274509804,0.03745294896538378,0.11123140065103868,8.696408622001423,5.079392843779556
,,,,,,2634.090909090909,0.0,14.556818181818183,,1.0,2634.090909090909,,0.1809399510416146,,7.8766729609840915,2.7444990108102427
,,,,,,1913.1125,0.0,2.4954545454545456,,1.0,1913.1125,,0.7663317978223663,,7.5570093477150415,1.2514634231532824
,,3+,Not Graduate,No,,6428.92156862745,0.0,156.08823529411765,24.0,1.0,6428.92156862745,6.5036764705882355,0.04118747559057155,1.0114705756786593,8.768717619432147,5.056807655723609
,,,,,,3812.5,0.0,4.575,,1.0,3812.5,,0.8331512237762237,,8.246302681604293,1.7182923173461826
,,3+,Not Graduate,Yes,,3438.725490196078,0.0,130.0735294117647,168.0,0.0,3438.725490196078,0.7742471988795517,0.02643657836585692,0.22508982216351706,8.1431469478217,4.875758458954611
,,,,,,4360.113636363637,0.0,9.15,,1.0,4360.113636363637,,0.47646307904749613,,8.380482724912962,2.3174737054877963
Male,Yes,0,Graduate,No,Semiurban,4652.0,3583.0,,360.0,1.0,8235.0,,,,9.01627006814768,
,,3+,Not Graduate,No,,4634.803921568628,0.0,217.08823529411765,216.0,0.0,4634.803921568628,1.005038126361656,0.021349763912933247,0.2167991018096337,8.441564908821585,5.384899729955871
,,,,,,1996.3636363636365,0.0,4.990909090909091,,0.0,1996.3636363636365,,0.39991987033563403,,7.599583408158,1.790243168710091
,,,,,,2148.8636363636365,0.0,2.0795454545454546,,0.0,2148.8636363636365,,1.032836668705759,,7.6731596941631155,1.1247820064014944
,,,,,,12200.277272727271,0.0,2.661818181818182,,1.0,12200.277272727271,,4.581716226827353,,9.409295919727105,1.297959795051991
,,,,,,4852.272727272728,0.0,16.636363636363637,,1.0,4852.272727272728,,0.2916491358442936,,8.48740854549211,2.8699628862649575
,,,,,,5198.863636363637,0.0,12.477272727272728,,1.0,5198.863636363637,,0.4166332752930549,,8.556387680449445,2.6010047650794643
Male,Yes,3+,Not Graduate,No,Semiurban,4755.0,0.0,95.0,,0.0,4755.0,,0.05005210471468721,,8.467162257810672,4.564348191467836
,,,,,,5198.863636363637,0.0,9.15,,1.0,5198.863636363637,,0.5681197285939937,,8.556387680449445,2.3174737054877963
Male,Yes,1,Not Graduate,No,Rural,1958.0,2436.0,131.0,360.0,1.0,4394.0,0.3638888888888889,0.033541728689093976,0.08279610668689166,8.388222810119277,4.882801922586371
,,2,Graduate,Yes,,1345.5882352941176,0.0,49.338235294117645,72.0,0.0,1345.5882352941176,0.6852532679738562,0.027272174513303455,0.5088810744170695,7.205329439472777,3.9187649333540784
,,0,Graduate,Yes,,1345.5882352941176,0.0,53.8235294117647,144.0,1.0,1345.5882352941176,0.3737745098039216,0.02499953552775522,0.27757149513658336,7.205329439472777,4.004119470629375
Male,No,0,Not Graduate,No,Semiurban,3620.0,0.0,25.0,120.0,1.0,3620.0,0.20833333333333334,0.14479420823167075,0.05753475098959772,8.19450550976564,3.258096538021482
,,0,Not Graduate,No,,2616.421568627451,0.0,102.26470588235294,192.0,1.0,2616.421568627451,0.5326286764705882,0.025584545142018553,0.20349365301130806,7.869944978065555,4.637295651552271
,,,,,,5573.181818181819,0.0,9.981818181818182,,1.0,5573.181818181819,,0.5582774039030699,,8.625900826487628,2.396241012702344
,,3+,Not Graduate,No,,2018.3823529411764,0.0,96.88235294117646,72.0,0.0,2018.3823529411764,1.3455882352941175,0.02083311829811107,0.6663365327196726,7.610546977768631,4.583766277324938
,,,,,,2315.227272727273,0.0,13.891363636363636,,1.0,2315.227272727273,,0.1666546696680976,,7.747694965453113,2.7007814231852443
,,,,,,3480.1193181818185,0.0,4.408636363636364,,1.0,3480.1193181818185,,0.7892077784191647,,8.155109164208143,1.6879970026087463
,,,,,,6100.0,0.0,10.376931818181818,,1.0,6100.0,,0.5877857078722551,,8.716207971151853,2.4315877805873334
,,,,,,3604.5454545454554,0.0,5.822727272727273,,1.0,3604.5454545454554,,0.618941321552895,,8.190228343279276,1.9202592852811005
,,3+,Not Graduate,Yes,,7251.225490196079,0.0,261.04411764705884,216.0,1.0,7251.225490196079,1.2085375816993464,0.027777671367904922,0.16664368521540154,8.889063664909838,5.568512877551308
Male,Yes,0,Not Graduate,No,Semiurban,4188.0,0.0,115.0,180.0,1.0,4188.0,0.6388888888888888,0.036417074634133614,0.15251584838598445,8.340217320947035,4.7535901911063645
Male,Yes,0,Graduate,No,Urban,4750.0,2333.0,130.0,360.0,1.0,7083.0,0.3611111111111111,0.05448419627541327,0.05097559445385532,8.865593998902725,4.875197323201151
,,2,Not Graduate,Yes,,4410.5392156862745,0.0,141.73529411764704,24.0,0.0,4410.5392156862745,5.9056372549019605,0.031117923910338324,1.3386795325094394,8.391978936044904,4.960991824789055
,,,,,,1830.0,0.0,6.072272727272728,,0.0,1830.0,,0.30132024069694335,,7.5126175446745105,1.9561818889685556
,,,,,,2356.818181818182,0.0,6.238636363636364,,1.0,2356.818181818182,,0.37771723293898246,,7.765491971177087,1.979432841093957
,,,,,,5198.863636363637,0.0,3.244090909090909,,1.0,5198.863636363637,,1.6020702599731065,,8.556387680449445,1.4455276411375186
,,1,Not Graduate,No,,1943.627450980392,0.0,76.25,24.0,0.0,1943.627450980392,3.1770833333333335,0.025489861785162056,1.6337748043881586,7.572825695793657,4.347046915777855
,,,,,,4505.681818181819,0.0,4.159090909090909,,1.0,4505.681818181819,,1.0830729223574662,,8.413316422945787,1.6407603835631415
,,0,Not Graduate,No,,6952.2058823529405,0.0,180.30882352941177,120.0,1.0,6952.2058823529405,1.5025735294117648,0.03855700009167227,0.2160979488936547,8.846958110239225,5.200201784692446
,,3+,Not Graduate,No,,5083.333333333333,0.0,161.47058823529412,144.0,1.0,5083.333333333333,1.1213235294117647,0.03148128651540834,0.22054484942210018,8.533919195331823,5.090496989913022
Female,No,0,Graduate,No,Rural,5000.0,2541.0,151.0,480.0,1.0,7541.0,0.3145833333333333,0.04994006662207535,0.04171086360823831,8.928242677818302,5.0238805208462765
Male,No,3+,Graduate,No,Rural,9167.0,0.0,185.0,360.0,1.0,9167.0,0.5138888888888888,0.04955108350765672,0.056052452976536736,9.12347443895452,5.225746673713202
Male,Yes,2,Graduate,No,Semiurban,3717.0,0.0,120.0,360.0,1.0,3717.0,0.3333333333333333,0.030974741877151022,0.08965393580778196,8.220941168281389,4.795790545596741
,,,,,,4713.636363636364,0.0,20.795454545454547,,1.0,4713.636363636364,,0.22665576737293505,,8.458427068792526,3.081701440965177
,,,,,,5490.000000000001,0.0,8.318181818181818,,1.0,5490.000000000001,,0.659920665275213,,8.610865667278873,2.2319675257800924
,,,,,,2363.680681818182,0.0,5.98909090909091,,1.0,2363.680681818182,,0.3945984656478123,,7.768398273551551,1.9443504918636667
,,,,,,2356.818181818182,0.0,6.654545454545455,,0.0,2356.818181818182,,0.35411345289642265,,7.765491971177087,2.0352996484499104
,,2,Graduate,No,,3662.990196078431,0.0,157.88235294117646,72.0,1.0,3662.990196078431,2.1928104575163396,0.023200610627031545,0.5984760712141929,8.206308050047655,5.0681640097364
Female,Yes,2,Not Graduate,,Semiurban,210.0,2917.0,98.0,360.0,1.0,3127.0,0.2722222222222222,0.03190783767512576,0.08702756464904801,8.048149101665201,4.59511985013459
Male,No,0,Graduate,No,Rural,3865.0,1640.0,,360.0,1.0,5505.0,,,,8.613593685702552,
,,,,,,2047.3818181818183,0.0,3.327272727272728,,1.0,2047.3818181818183,,0.6151484526508425,,7.624805403441708,1.464937488439004
,,3+,Graduate,No,,1345.5882352941176,0.0,36.77941176470589,144.0,1.0,1345.5882352941176,0.25541258169934644,0.03658437115664188,0.18967385500999867,7.205329439472777,3.631764291933777
,,,,,,9357.954545454546,0.0,12.477272727272728,,1.0,9357.954545454546,,0.7499398955274987,,9.14408886937172,2.6010047650794643
Male,Yes,,Not Graduate,No,Rural,3523.0,3230.0,152.0,360.0,0.0,6753.0,0.4222222222222222,0.044427339293820436,0.06251439476195177,8.817890200945513,5.030437921392435
,,,,,,2530.1136363636365,0.0,5.822727272727273,,0.0,2530.1136363636365,,0.43444919685924355,,7.836414657349826,1.9202592852811005
,,,,,,2495.454545454545,0.0,2.994545454545455,,1.0,2495.454545454545,,0.8330551424842946,,7.822626822466495,1.3849297941580938
,,,,,,8318.18181818182,0.0,16.636363636363637,,0.0,8318.18181818182,,0.4999699471616461,,9.026319189818803,2.8699628862649575
,,,,,,3812.222727272728,0.0,4.159090909090909,,1.0,3812.222727272728,,0.9163796682764802,,8.2462299707592,1.6407603835631415
Male,Yes,3+,Graduate,No,Rural,15000.0,0.0,300.0,360.0,1.0,15000.0,0.8333333333333334,0.04999983333388889,0.05555185209874897,9.61587214452889,5.707110264748875
,,1,Graduate,Yes,,672.7941176470588,0.0,15.25,216.0,0.0,672.7941176470588,0.07060185185185185,0.04411475428805054,0.10478252926635659,6.512924600817186,2.7880929087757464
,,,,,,2218.1818181818185,0.0,6.654545454545455,,1.0,2218.1818181818185,,0.3332832497848684,,7.704893856566397,2.0352996484499104
,,2,Graduate,Yes,,4634.803921568628,0.0,213.5,48.0,0.0,4634.803921568628,4.447916666666667,0.021708581793849338,0.9594704051161886,8.441564908821585,5.368309738368072
Male,Yes,1,Graduate,No,Semiurban,12841.0,10968.0,349.0,360.0,1.0,23809.0,0.9694444444444444,0.06822043489846734,0.04071585234961968,10.077860939480908,5.857933154483459
Male,Yes,0,Not Graduate,No,Rural,2600.0,1700.0,107.0,360.0,1.0,4300.0,0.2972222222222222,0.04018654031270736,0.06910537601074686,8.366602832783736,4.68213122712422
,,3+,Graduate,No,,971.813725490196,0.0,26.014705882352946,48.0,0.0,971.813725490196,0.5419730392156864,0.0373548859248674,0.557119030102694,6.880192620374494,3.296381380039019
Male,Yes,2,Graduate,No,Semiurban,2957.0,0.0,81.0,360.0,1.0,2957.0,0.225,0.03650572215157837,0.07606490872210954,7.992268643270745,4.406719247264253
Female,No,1,Graduate,Yes,Semiurban,7451.0,0.0,,360.0,1.0,7451.0,,,,8.916237731721479,
,,3+,Not Graduate,No,,2242.6470588235293,0.0,79.83823529411764,240.0,1.0,2242.6470588235293,0.3326593137254902,0.02808953580982961,0.14826722073654588,7.715857972108248,4.392450062684554
,,,,,,1580.4545454545455,0.0,1.2477272727272728,,1.0,1580.4545454545455,,1.26565230052417,,7.366100300919158,0.8099196047104052
Female,Yes,0,Graduate,,Semiurban,2929.0,2333.0,139.0,360.0,1.0,5262.0,0.3861111111111111,0.03785584276372112,0.07336331201047143,8.56845648535378,4.941642422609304
,,,,,,1454.85,0.0,2.994545454545455,,1.0,1454.85,,0.4856711480683438,,7.283345201471481,1.3849297941580938
,,1,Not Graduate,Yes,,2466.9117647058824,0.0,96.88235294117646,24.0,0.0,2466.9117647058824,4.036764705882352,0.025462700142135756,1.635700580390661,7.811127632646252,4.583766277324938
,,,,,,9981.818181818182,0.0,4.990909090909091,,1.0,9981.818181818182,,1.99959935167817,,9.208620712390664,1.790243168710091
,,3+,Not Graduate,No,,3363.970588235294,0.0,87.91176470588235,192.0,1.0,3363.970588235294,0.4578737745098039,0.03826487085794274,0.13607066169036816,8.121174501545918,4.487644470163296
Male,Yes,2,Graduate,No,Semiurban,5000.0,3667.0,236.0,360.0,1.0,8667.0,0.6555555555555556,0.036724420659234494,0.07562939035020254,9.067393362656249,5.4680601411351315
,,3+,Graduate,Yes,,7400.735294117647,0.0,232.33823529411765,48.0,1.0,7400.735294117647,4.840379901960785,0.031853144755121,0.6539520409231011,8.909469750906707,5.452489054557983
Male,Yes,1,Not Graduate,No,Urban,6608.0,0.0,137.0,180.0,1.0,6608.0,0.7611111111111111,0.0482332245750031,0.11516282510381466,8.796187635470453,4.927253685157205
Male,Yes,2,Graduate,No,Semiurban,5185.0,0.0,155.0,360.0,1.0,5185.0,0.4305555555555556,0.03345139708776072,0.08302266786647813,8.55371796609861,5.049856007249537
,,,,,,8664.772727272728,0.0,4.782954545454546,,1.0,8664.772727272728,,1.811215521582563,,9.06713637616236,1.7549147191165806
,,,,,,1871.5909090909088,0.0,4.575,,1.0,1871.5909090909088,,0.40900150985378253,,7.535078263794142,1.7182923173461826
,,2,Graduate,No,,2691.176470588235,0.0,108.54411764705884,168.0,0.0,2691.176470588235,0.6460959383753503,0.024793160014241835,0.23999018839733774,7.898105242326408,4.69632736900017
,,3+,Not Graduate,No,,5905.637254901961,0.0,251.17647058823528,48.0,0.0,5905.637254901961,5.232843137254902,0.02351181115516246,0.885925935761863,8.68383195606016,5.530129122541761
,,3+,Graduate,No,,5307.598039215686,0.0,169.5441176470588,144.0,0.0,5307.598039215686,1.1773897058823528,0.031304929996654254,0.2217891988025345,8.577083056629268,5.138994017780597
,,1,Not Graduate,No,,1644.607843137255,0.0,62.79411764705882,216.0,0.0,1644.607843137255,0.2907135076252723,0.026190059112251456,0.17666025890533193,7.405865104453578,4.155660986210713
,,3+,Not Graduate,Yes,,5606.617647058823,0.0,220.67647058823528,96.0,1.0,5606.617647058823,2.2987132352941173,0.025406388935462643,0.40992688517195613,8.631881246479018,5.401218979227308
Male,Yes,0,Graduate,No,Urban,2221.0,0.0,60.0,360.0,0.0,2221.0,0.16666666666666666,0.037016049732504455,0.075007500750075,7.706162970199576,4.110873864173311
,,,,,,7971.590909090911,0.0,12.477272727272728,,0.0,7971.590909090911,,0.6388376887826842,,8.983764801652805,2.6010047650794643
Female,No,2,Graduate,No,Urban,3427.0,0.0,138.0,360.0,1.0,3427.0,0.38333333333333336,0.0248331533829465,0.11182419292104241,8.13973227971767,4.9344739331306915
,,,,,,5891.768181818183,0.0,2.994545454545455,,1.0,5891.768181818183,,1.9668431914054203,,8.681481146174828,1.3849297941580938
,,3+,Not Graduate,No,,6428.92156862745,0.0,239.51470588235293,120.0,1.0,6428.92156862745,1.995955882352941,0.02684133612425924,0.3104168318462092,8.768717619432147,5.482781234796377
Female,No,1,Graduate,No,Urban,13262.0,0.0,40.0,360.0,1.0,13262.0,0.1111111111111111,0.33154171145721356,0.008377524776529525,9.492733482494353,3.713572066704308
Male,No,0,Graduate,No,Semiurban,2718.0,0.0,70.0,360.0,1.0,2718.0,0.19444444444444445,0.03882801674261796,0.0715132197294757,7.908019444632471,4.2626798770413155
Male,Yes,2,Graduate,No,Urban,5780.0,0.0,192.0,360.0,1.0,5780.0,0.5333333333333333,0.03010400987494857,0.09225624171135328,8.662331957082475,5.262690188904886
,,3+,Graduate,Yes,,598.0392156862746,0.0,22.426470588235293,240.0,0.0,598.0392156862746,0.0934436274509804,0.026665477648646928,0.15598916565742527,6.395327064563918,3.153866604733942
,,,,,,6238.636363636364,0.0,3.327272727272728,,1.0,6238.636363636364,,1.8744366447242629,,8.738677184607141,1.464937488439004
Male,Yes,1,Graduate,No,Semiurban,3089.0,1280.0,121.0,360.0,0.0,4369.0,0.33611111111111114,0.03610713961041644,0.07691329773709638,8.382518288089635,4.804021044733257
Female,Yes,0,Graduate,No,Semiurban,2330.0,4486.0,100.0,360.0,1.0,6816.0,0.2777777777777778,0.06815931840681594,0.04074780369338093,8.827174771362785,4.61512051684126
Male,No,0,Not Graduate,No,Semiurban,2699.0,2785.0,96.0,360.0,,5484.0,0.26666666666666666,0.05712440495411506,0.04861744150714069,8.609772372709331,4.574710978503383
,,3+,Not Graduate,Yes,,7400.735294117647,0.0,298.7205882352941,72.0,0.0,7400.735294117647,4.148897058823529,0.024774691838770985,0.5605303207912293,8.909469750906707,5.702850668110273
Male,Yes,0,Graduate,No,Semiurban,9083.0,0.0,228.0,360.0,1.0,9083.0,0.6333333333333333,0.03983754457217293,0.06971965360340525,9.114269903225448,5.43372200355424
,,1,Not Graduate,Yes,,1420.343137254902,0.0,42.16176470588236,24.0,1.0,1420.343137254902,1.7567401960784317,0.033687144264919186,1.2359719127861661,7.2593575748471935,3.7649550270860903
,,,,,,2037.9545454545455,0.0,9.981818181818182,,1.0,2037.9545454545455,,0.20414621486007778,,7.620192477758314,2.396241012702344
,,,,,,3985.795454545456,0.0,4.159090909090909,,1.0,3985.795454545456,,0.9581029697777587,,8.2907430429666,1.6407603835631415
,,3+,Graduate,Yes,,1569.8529411764705,0.0,66.38235294117646,168.0,1.0,1569.8529411764705,0.3951330532212885,0.02364829240498814,0.25154044841737927,7.359374025456811,4.210383157837334
,,0,Not Graduate,No,,1943.627450980392,0.0,75.35294117647058,216.0,1.0,1943.627450980392,0.3488562091503268,0.025793308493694208,0.179394880481837,7.572825695793657,4.335366553207819
Male,No,0,Graduate,,Rural,2980.0,2083.0,120.0,360.0,1.0,5063.0,0.3333333333333333,0.0421913150723744,0.06582411795681938,8.529911963824013,4.795790545596741
,,,,,,3913.773863636364,0.0,4.491818181818182,,0.0,3913.773863636364,,0.8711177940551588,,8.272512845233363,1.7032593813522794
Male,Yes,1,Graduate,,Urban,4166.0,3369.0,201.0,360.0,,7535.0,0.5583333333333333,0.037487375684698086,0.07408881811748054,8.927446816256198,5.308267697401205
Male,Yes,2,Graduate,Yes,Rural,6250.0,1300.0,108.0,360.0,1.0,7550.0,0.3,0.06990676012259146,0.03972983710766786,8.929435283803425,4.6913478822291435
Male,Yes,0,Graduate,No,Rural,7901.0,1833.0,180.0,360.0,1.0,9734.0,0.5,0.05407747734734807,0.05136106831022085,9.1834829178063,5.198497031265826
,,2,Graduate,Yes,,2840.686274509804,0.0,81.63235294117646,168.0,1.0,2840.686274509804,0.485906862745098,0.03479810852013823,0.17099243751983767,7.952152913580554,4.4144012859360915
,,,,,,4297.727272727273,0.0,10.647272727272728,,0.0,4297.727272727273,,0.4036079261681365,,8.366074274783333,2.455072051942587
,,,,,,4505.681818181819,0.0,19.963636363636365,,1.0,4505.681818181819,,0.2256831397334378,,8.413316422945787,3.042789335036588
,,3+,Not Graduate,Yes,,3887.254901960784,0.0,134.55882352941177,240.0,0.0,3887.254901960784,0.5606617647058824,0.0288886741971025,0.14419367527143082,8.265715724635193,4.9094056681043465
Male,Yes,2,Graduate,No,Urban,11757.0,0.0,187.0,180.0,1.0,11757.0,1.038888888888889,0.06287132154373506,0.08835591842906013,9.3722891389622,5.236441962829949
,,,,,,6515.909090909091,0.0,20.795454545454547,,0.0,6515.909090909091,,0.31331826666258666,,8.782155476704487,3.081701440965177
Male,No,0,Graduate,No,Rural,6277.0,0.0,118.0,360.0,0.0,6277.0,0.3277777777777778,0.05319446445369107,0.05221054121977983,8.744806737401898,4.77912349311153
,,,,,,2634.090909090909,0.0,4.159090909090909,,1.0,2634.090909090909,,0.6331810930705185,,7.8766729609840915,1.6407603835631415
Male,Yes,2,Graduate,No,Rural,8333.0,3167.0,165.0,360.0,1.0,11500.0,0.4583333333333333,0.06969654729365277,0.039851607106628405,9.350189267092581,5.111987788356544
,,3+,Graduate,No,,7325.980392156862,0.0,188.3823529411765,144.0,0.0,7325.980392156862,1.3082107843137256,0.03888868245404056,0.17854705680857216,8.899318758048407,5.243768002922022
Male,Yes,1,Not Graduate,No,Urban,3500.0,1083.0,135.0,360.0,1.0,4583.0,0.375,0.0339478966822468,0.08180628272251309,8.430327258394575,4.912654885736052
,,,,,,8205.470454545455,0.0,2.9113636363636366,,1.0,8205.470454545455,,2.8174608253215134,,9.012678201915154,1.3638860692992327
,,1,Graduate,No,,1943.627450980392,0.0,64.58823529411764,96.0,0.0,1943.627450980392,0.6727941176470588,0.030092126685348834,0.3459758409292571,7.572825695793657,4.183396339838003
,,1,Graduate,No,,672.7941176470588,0.0,26.014705882352946,240.0,1.0,672.7941176470588,0.10839460784313727,0.025861074871062047,0.16087200081481806,6.512924600817186,3.296381380039019
,,2,Not Graduate,No,,4709.558823529412,0.0,166.85294117647058,168.0,1.0,4709.558823529412,0.9931722689075629,0.02822563728685568,0.21083958530496033,8.45756182615715,5.123088245920546
,,,,,,1122.9545454545455,0.0,1.8300000000000003,,1.0,1122.9545454545455,,0.6133012263542028,,7.024608589648859,1.0402767116551463
,,3+,Not Graduate,No,,5083.333333333333,0.0,179.41176470588235,48.0,0.0,5083.333333333333,3.7377450980392157,0.02833317541071629,0.7351494980736674,8.533919195331823,5.195241820058035
,,,,,,7801.622727272728,0.0,19.963636363636365,,1.0,7801.622727272728,,0.3907720924725993,,8.962215203245547,3.042789335036588
,,3+,Graduate,No,,3812.5,0.0,144.42647058823528,168.0,0.0,3812.5,0.8596813725490196,0.026397332754441782,0.22543106661833476,8.246302681604293,4.979670602093884
,,3+,Graduate,Yes,,1420.343137254902,0.0,63.69117647058823,72.0,0.0,1420.343137254902,0.8845996732026143,0.022300119354702663,0.6223688355164382,7.2593575748471935,4.169624816172613
,,,,,,5406.818181818182,0.0,6.654545454545455,,0.0,5406.818181818182,,0.8123779213506167,,8.595600996931699,2.0352996484499104
Male,Yes,1,Not Graduate,No,Urban,4554.0,1229.0,158.0,360.0,1.0,5783.0,0.4388888888888889,0.03660103417066981,0.07587982173044414,8.6628507638386,5.0689042022202315
,,,,,,3327.2727272727275,0.0,7.486363636363637,,1.0,3327.2727272727275,,0.444385085173808,,8.110208747884139,2.1384605971893613
Male,Yes,1,Graduate,No,Urban,2014.0,2925.0,113.0,360.0,1.0,4939.0,0.3138888888888889,0.04370757780904594,0.06354026090868195,8.505120610181969,4.736198448394496
,,,,,,2329.090909090909,0.0,5.822727272727273,,1.0,2329.090909090909,,0.3999313154649474,,7.753662562575826,1.9202592852811005
,,,,,,2578.636363636364,0.0,12.477272727272728,,1.0,2578.636363636364,,0.2066501045453552,,7.855403723655088,2.6010047650794643
Male,Yes,1,Graduate,No,Urban,3333.0,3250.0,158.0,360.0,1.0,6583.0,0.4388888888888889,0.04166429326396669,0.06665991629539625,8.792397742356906,5.0689042022202315
,,,,,,6585.227272727274,0.0,5.98909090909091,,0.0,6585.227272727274,,1.099353477713193,,8.792735970802381,1.9443504918636667
,,,,,,2162.727272727273,0.0,2.578636363636364,,1.0,2162.727272727273,,0.8383845503242177,,7.679587602785237,1.2749818238380601
,,3+,Not Graduate,No,,598.0392156862746,0.0,26.91176470588235,168.0,0.0,598.0392156862746,0.1601890756302521,0.022221396509127897,0.2674099982698719,6.395327064563918,3.3290482739937666
,,1,Not Graduate,No,,1943.627450980392,0.0,69.07352941176471,72.0,0.0,1943.627450980392,0.9593545751633987,0.028138120773781996,0.49333592132505183,7.572825695793657,4.249545110912196
,,,,,,16289.772727272728,0.0,23.290909090909093,,1.0,16289.772727272728,,0.6993747341058737,,9.69835413615385,3.19010216886412
,,,,,,4782.954545454546,0.0,3.160909090909091,,0.0,4782.954545454546,,1.5126793364193094,,8.473022794217133,1.4257335818671801
,,3+,Graduate,Yes,,5681.372549019608,0.0,145.3235294117647,240.0,1.0,5681.372549019608,0.6055147058823529,0.039094381189578274,0.10656019130368768,8.645124126794064,4.985820124976532
Male,Yes,0,Graduate,No,Semiurban,3775.0,0.0,110.0,360.0,1.0,3775.0,0.3055555555555556,0.03431786983754693,0.08092043314500942,8.236420527265391,4.709530201312334
,,3+,Not Graduate,Yes,,4634.803921568628,0.0,199.1470588235294,240.0,1.0,4634.803921568628,0.8297794117647058,0.023273156409099903,0.17899363860150744,8.441564908821585,5.299052390469405
Male,No,0,Not Graduate,,Rural,2550.0,2042.0,126.0,360.0,1.0,4592.0,0.35,0.03644415520511742,0.07620291748312649,8.432288684325794,4.844187086458591
,,0,Not Graduate,No,,2765.931372549019,0.0,95.08823529411764,240.0,0.0,2765.931372549019,0.39620098039215684,0.029087744411802247,0.14319147353017253,7.925494177364791,4.565266886984909
,,1,Not Graduate,No,,822.3039215686275,0.0,23.323529411764707,72.0,1.0,822.3039215686275,0.32393790849673204,0.03525489869707142,0.39346090794701727,6.713325417524699,3.19144417040753
,,2,Graduate,Yes,,5905.637254901961,0.0,153.39705882352942,192.0,0.0,5905.637254901961,0.7989430147058824,0.038498774366472664,0.1352619062636416,8.68383195606016,5.039527588338835
Male,Yes,0,Not Graduate,No,Urban,3010.0,3136.0,,360.0,0.0,6146.0,,,,8.72371943690701,
Male,Yes,1,Graduate,Yes,Urban,1000.0,3022.0,110.0,360.0,1.0,4022.0,0.3055555555555556,0.036563303969963906,0.07595216394619826,8.299783171949787,4.709530201312334
Male,Yes,0,Graduate,No,Rural,2666.0,4300.0,121.0,360.0,1.0,6966.0,0.33611111111111114,0.057569772150643385,0.04824330574294691,8.848939995030118,4.804021044733257
Male,Yes,0,Graduate,No,Urban,20833.0,6667.0,480.0,360.0,,27500.0,1.3333333333333333,0.057291547309276436,0.048483085463558895,10.221977646629885,6.175867270105761
,,,,,,9704.545454545456,0.0,12.477272727272728,,1.0,9704.545454545456,,0.7777154472137024,,9.180452697480268,2.6010047650794643
Male,Yes,0,Not Graduate,Yes,Urban,4695.0,0.0,96.0,,1.0,4695.0,,0.048905740565202444,,8.454466361507933,4.574710978503383
Female,No,0,Graduate,No,Semiurban,2917.0,0.0,84.0,360.0,1.0,2917.0,0.23333333333333334,0.034725777074082455,0.07996344528215674,7.978653729082731,4.442651256490317
,,1,Not Graduate,No,,3887.254901960784,0.0,113.02941176470588,120.0,1.0,3887.254901960784,0.9419117647058823,0.03439123012356036,0.24224537445600375,8.265715724635193,4.736456413054768
,,,,,,3160.9090909090914,0.0,11.645454545454546,,1.0,3160.9090909090914,,0.27140526574611085,,8.05893126685298,2.537297826131027
,,3+,Not Graduate,No,,5531.862745098038,0.0,161.47058823529412,24.0,1.0,5531.862745098038,6.727941176470588,0.03425904709029731,1.2159963994102974,8.618460635993284,5.090496989913022
,,3+,Graduate,No,,7026.9607843137255,0.0,298.7205882352941,216.0,0.0,7026.9607843137255,1.3829656862745097,0.023523444776206794,0.19678050699447025,8.857651869370208,5.702850668110273
,,,,,,998.1818181818182,0.0,4.159090909090909,,1.0,998.1818181818182,,0.23994230895303864,,6.90693676227053,1.6407603835631415
,,3+,Not Graduate,Yes,,4111.519607843137,0.0,155.19117647058823,192.0,1.0,4111.519607843137,0.8082873774509803,0.02649308554946612,0.19654310605825825,8.321791162926854,5.051080747145433
,,3+,Not Graduate,No,,4111.519607843137,0.0,157.88235294117646,96.0,1.0,4111.519607843137,1.6446078431372548,0.026041501724219082,0.3999027360260515,8.321791162926854,5.0681640097364
,,3+,Graduate,No,,6204.656862745098,0.0,169.5441176470588,48.0,0.0,6204.656862745098,3.5321691176470584,0.03659590408059582,0.5691853732442095,8.733216552268802,5.138994017780597
,,,,,,2356.818181818182,0.0,4.575,,1.0,2356.818181818182,,0.515038938334393,,7.765491971177087,1.7182923173461826
Male,Yes,0,Graduate,No,Rural,3075.0,2416.0,139.0,360.0,1.0,5491.0,0.3861111111111111,0.03950331292580629,0.07030428097434653,8.61104776688786,4.941642422609304
Male,Yes,2,Not Graduate,No,Semiurban,3333.0,2000.0,99.0,360.0,,5333.0,0.275,0.05386814274603287,0.051556055493063364,8.58185670474196,4.605170185988092
,,1,Not Graduate,No,,6354.166666666667,0.0,295.13235294117646,120.0,0.0,6354.166666666667,2.459436274509804,0.021529815601468556,0.3869979189388902,8.757023409348369,5.690806492702299
Male,Yes,0,Graduate,No,Urban,2297.0,1522.0,104.0,360.0,1.0,3819.0,0.28888888888888886,0.03672080076153114,0.07562536358347875,8.24800570160062,4.653960350157523
,,3+,Not Graduate,Yes,,6204.656862745098,0.0,281.6764705882353,72.0,1.0,6204.656862745098,3.912173202614379,0.022027522647756426,0.6304204839459675,8.733216552268802,5.644303030207123
,,,,,,4159.09090909091,0.0,4.990909090909091,,1.0,4159.09090909091,,0.8331663965325711,,8.333292206163385,1.790243168710091
Male,Yes,2,Graduate,Yes,Rural,16525.0,1014.0,150.0,360.0,1.0,17539.0,0.4166666666666667,0.11692588716075226,0.023755226149752947,9.772239265926174,5.017279836814924
Male,,,Graduate,No,Urban,3816.0,754.0,160.0,360.0,1.0,4570.0,0.4444444444444444,0.028562321485490715,0.09723133766012786,8.427487278331744,5.081404364984463
,,,,,,5891.768181818183,0.0,2.0795454545454546,,1.0,5891.768181818183,,2.8318382417198293,,8.681481146174828,1.1247820064014944
Male,No,0,Graduate,No,Urban,1836.0,33837.0,90.0,360.0,1.0,35673.0,0.25,0.3963622626415262,0.007007904916746089,10.482177411118249,4.51085950651685
,,3+,Not Graduate,No,,4111.519607843137,0.0,111.23529411764706,96.0,0.0,4111.519607843137,1.1587009803921569,0.03696203330447761,0.28174965492744536,8.321791162926854,4.720597507952016
Male,Yes,0,Graduate,No,Semiurban,2383.0,3334.0,172.0,360.0,1.0,5717.0,0.4777777777777778,0.033238178847797395,0.08355679919163655,8.651374372882257,5.153291594497779
Male,Yes,0,Graduate,No,Urban,3103.0,1300.0,80.0,360.0,1.0,4403.0,0.2222222222222222,0.0550368120398495,0.050459178524573614,8.390268497842571,4.394449154672439
,,2,Not Graduate,Yes,,1794.1176470588234,0.0,48.44117647058823,144.0,1.0,1794.1176470588234,0.3363970588235294,0.03703627247524945,0.1873955500212996,7.492825840311576,3.9007836087924543
,,,,,,7139.772727272729,0.0,13.30909090909091,,1.0,7139.772727272729,,0.5364180287000294,,8.873576274585941,2.6608950631849324
Male,Yes,0,Graduate,No,Urban,6133.0,3906.0,324.0,360.0,1.0,10039.0,0.9,0.030984472270147313,0.08964143426294821,9.214332393245721,5.783825182329737
,,,,,,7334.14090909091,0.0,12.477272727272728,,1.0,7334.14090909091,,0.5877528941214184,,8.900431900902571,2.6010047650794643
Female,No,0,Graduate,No,Rural,2378.0,0.0,46.0,360.0,1.0,2378.0,0.12777777777777777,0.05169452837981783,0.053710709448414364,7.774435510302958,3.8501476017100584
Male,No,0,Graduate,Yes,Urban,7167.0,0.0,128.0,360.0,1.0,7167.0,0.35555555555555557,0.055991750064452624,0.0496031746031746,8.877381954654766,4.859812404361672
Male,Yes,2,Not Graduate,No,Urban,3357.0,2859.0,144.0,360.0,1.0,6216.0,0.4,0.04316636690022986,0.06433971368827408,8.735042754269337,4.976733742420574
Male,No,0,Graduate,No,Rural,5815.0,3666.0,311.0,360.0,1.0,9481.0,0.8638888888888889,0.03048543252272501,0.09110829876491129,9.157150543462064,5.7430031878094825
,,0,Not Graduate,No,,3737.745098039216,0.0,146.22058823529412,144.0,1.0,3737.745098039216,1.0154207516339868,0.025562197368726298,0.27159400413965745,8.226505298820387,4.991932062243377
Female,No,0,Graduate,Yes,Urban,3463.0,0.0,122.0,360.0,,3463.0,0.3388888888888889,0.028385013237596412,0.09783166538362843,8.150179269682326,4.812184355372417
,,,,,,3576.818181818182,0.0,5.822727272727273,,0.0,3576.818181818182,,0.6141802344640265,,8.182508447187285,1.9202592852811005
,,,,,,2108.797727272728,0.0,4.159090909090909,,1.0,2108.797727272728,,0.5069114529839822,,7.654347358023092,1.6407603835631415
Male,Yes,,Graduate,No,Urban,13650.0,0.0,,360.0,1.0,13650.0,,,,9.521568058002977,
,,0,Graduate,No,,373.7745098039216,0.0,10.76470588235294,168.0,0.0,373.7745098039216,0.06407563025210083,0.03471899696020953,0.17097115352275316,5.926324537923196,2.4651040224918206
,,,,,,6931.818181818183,0.0,4.990909090909091,,1.0,6931.818181818183,,1.3886106608876183,,8.844021673561565,1.790243168710091
,,3+,Graduate,Yes,,3513.4803921568628,0.0,112.13235294117646,96.0,1.0,3513.4803921568628,1.1680453431372548,0.031333053904131304,0.33235221506540163,8.164646967473027,4.728558398282828
,,1,Not Graduate,Yes,,6578.43137254902,0.0,256.55882352941177,96.0,0.0,6578.43137254902,2.672487745098039,0.025640925699322813,0.4061882545425285,8.79170360303941,5.551248134906063
,,,,,,3061.090909090909,0.0,8.318181818181818,,0.0,3061.090909090909,,0.36795576488072473,,8.026853265225276,2.2319675257800924
,,,,,,10397.727272727274,0.0,20.795454545454547,,1.0,10397.727272727274,,0.49997595744029794,,9.249438700018334,3.081701440965177
,,,,,,8318.18181818182,0.0,3.992727272727273,,1.0,8318.18181818182,,2.0828116819557945,,9.026319189818803,1.6079823081013997
,,0,Graduate,Yes,,2018.3823529411764,0.0,87.01470588235294,240.0,0.0,2018.3823529411764,0.3625612745098039,0.023195609717515497,0.17954067687168956,7.610546977768631,4.477503912815967
,,,,,,3465.9090909090914,0.0,12.477272727272728,,1.0,3465.9090909090914,,0.2777555168620366,,8.151018724086292,2.6010047650794643
,,,,,,5545.454545454546,0.0,12.477272727272728,,1.0,5545.454545454546,,0.4444088269792585,,8.620914181968814,2.6010047650794643
Male,Yes,3+,Graduate,No,Rural,8750.0,4996.0,130.0,360.0,1.0,13746.0,0.3611111111111111,0.10573764817193713,0.026268357540635126,9.52857589747142,4.875197323201151
,,,,,,3460.3636363636365,0.0,8.318181818181818,,1.0,3460.3636363636365,,0.4159499950825584,,8.149417904964992,2.2319675257800924
,,3+,Graduate,Yes,,4859.06862745098,0.0,216.19117647058823,72.0,0.0,4859.06862745098,3.00265522875817,0.022475691335259906,0.6178215698021963,8.488807837669528,5.380777963250203
,,3+,Graduate,Yes,,747.5490196078431,0.0,22.426470588235293,168.0,1.0,747.5490196078431,0.13349089635854341,0.033331847060808655,0.17833287181175908,6.618136692173317,3.153866604733942
,,,,,,6931.818181818183,0.0,6.654545454545455,,1.0,6931.818181818183,,1.0415101555777138,,8.844021673561565,2.0352996484499104
Female,No,0,Graduate,No,Rural,645.0,3683.0,113.0,480.0,1.0,4328.0,0.23541666666666666,0.03830054601286714,0.05438130438130438,8.37309184744198,4.736198448394496
,,0,Not Graduate,Yes,,5681.372549019608,0.0,159.67647058823528,168.0,0.0,5681.372549019608,0.950455182072829,0.035580301517114596,0.16726379234617642,8.645124126794064,5.079392843779556
,,3+,Graduate,Yes,,6279.411764705882,0.0,156.98529411764704,144.0,0.0,6279.411764705882,1.090175653594771,0.03999974520068631,0.17358346784222756,8.745190824941107,5.062501953490435
,,3+,Not Graduate,No,,5158.088235294117,0.0,233.23529411764704,168.0,1.0,5158.088235294117,1.3883053221288515,0.022115289795731012,0.26909896842454467,8.548515144276163,5.456326140567925
,,3+,Not Graduate,No,,2167.8921568627447,0.0,76.25,168.0,1.0,2167.8921568627447,0.4538690476190476,0.028430999683449983,0.20926307754995033,7.68197178937997,4.347046915777855
Male,Yes,3+,Graduate,No,Rural,9504.0,0.0,275.0,360.0,1.0,9504.0,0.7638888888888888,0.034559874327729716,0.08036705827342333,9.15957325492253,5.62040086571715
Male,No,0,Graduate,Yes,Urban,16250.0,0.0,192.0,360.0,0.0,16250.0,0.5333333333333333,0.08463497585950074,0.032818493220929994,9.69590972432601,5.262690188904886
Male,Yes,2,Not Graduate,No,Semiurban,3917.0,0.0,124.0,360.0,1.0,3917.0,0.34444444444444444,0.031588454931815065,0.08791333446769894,8.273336598504486,4.8283137373023015
,,,,,,4159.09090909091,0.0,2.8281818181818186,,1.0,4159.09090909091,,1.470068442530767,,8.333292206163385,1.342389969375466
,,,,,,3899.3556818181823,0.0,8.318181818181818,,1.0,3899.3556818181823,,0.4687186513096787,,8.268823028425428,2.2319675257800924
Male,Yes,1,Not Graduate,No,Urban,2510.0,1983.0,140.0,180.0,1.0,4493.0,0.7777777777777778,0.03209262790980064,0.17307026652821048,8.410498452745275,4.948759890378168
,,,,,,3517.897727272728,0.0,6.238636363636364,,0.0,3517.897727272728,,0.5637985168133341,,8.165903073890645,1.979432841093957
Female,No,0,Graduate,No,Semiurban,3086.0,0.0,120.0,360.0,1.0,3086.0,0.3333333333333333,0.025716452362896977,0.1079796998164345,8.034955024502159,4.795790545596741
